use qlmuahang
go
drop login duy
drop login nghi
go
create login duy with password='123'
create login nghi with password='123'
go
create user admin_db for login duy
create user quanly1 for login nghi
go
sp_addrolemember @rolename='db_owner', @membername='admin_db'
go
sp_addrolemember @rolename='db_owner', @membername='quanly1'
go
insert into NCC (MaNCC, Email) values ('Plaza', 'jdiggelly@pbs.org');
insert into NCC (MaNCC, Email) values ('Pass', 'cferri1i@admin.ch');
insert into NCC (MaNCC, Email) values ('Avenue', 'bsmorfit1j@wikipedia.org');
insert into NCC (MaNCC, Email) values ('Circle', 'lcolmer1m@devhub.com');
insert into NCC (MaNCC, Email) values ('Court', 'lmedhurst1w@jalbum.net');
insert into NCC (MaNCC, Email) values ('Trail', 'rmacdonell24@ucsd.edu');
insert into NCC (MaNCC, Email) values ('Alley', 'tportlock6@blogger.com');
insert into NCC (MaNCC, Email) values ('Lane', 'ubengtsen2r@bbb.org');
insert into NCC (MaNCC, Email) values ('Street', 'lmalkin1@chicagotribune.com');
insert into NCC (MaNCC, Email) values ('Place', 'tfallj@canalblog.com');
insert into NCC (MaNCC, Email) values ('Park', 'ggrund1g@gizmodo.com');
insert into NCC (MaNCC, Email) values ('Road', 'acatterall3@usa.gov');
insert into NCC (MaNCC, Email) values ('Drive', 'jgowthrop1s@sphinn.com');
insert into NCC (MaNCC, Email) values ('Point', 'dlydiardd@photobucket.com');
insert into NCC (MaNCC, Email) values ('Junction', 'ahollylandh@sciencedirect.com');
insert into NCC (MaNCC, Email) values ('Crossing', 'psebastiano@smugmug.com');
insert into NCC (MaNCC, Email) values ('Hill', 'bchampleyb@usgs.gov');
insert into NCC (MaNCC, Email) values ('Way', 'vbrierley11@elegantthemes.com');
insert into NCC (MaNCC, Email) values ('Terrace', 'bleask17@tripod.com');
insert into NCC (MaNCC, Email) values ('Center', 'cbrusle5@nifty.com');
go
insert into SanPham (MaSP, TenSanPham, SoLuongTon, Thue) values ('1', 'Tres-Zap', 78, 55);
insert into SanPham (MaSP, TenSanPham, SoLuongTon, Thue) values ('2', 'Y-Solowarm', 22, 29);
insert into SanPham (MaSP, TenSanPham, SoLuongTon, Thue) values ('3', 'Gembucket', 155, 58);
insert into SanPham (MaSP, TenSanPham, SoLuongTon, Thue) values ('4', 'Domainer', 80, 14);
insert into SanPham (MaSP, TenSanPham, SoLuongTon, Thue) values ('5', 'Zathin', 75, 63);
insert into SanPham (MaSP, TenSanPham, SoLuongTon, Thue) values ('6', 'Stringtough', 171, 34);
insert into SanPham (MaSP, TenSanPham, SoLuongTon, Thue) values ('7', 'Flexidy', 190, 63);
insert into SanPham (MaSP, TenSanPham, SoLuongTon, Thue) values ('8', 'Fintone', 68, 75);
insert into SanPham (MaSP, TenSanPham, SoLuongTon, Thue) values ('9', 'Konklab', 46, 29);
insert into SanPham (MaSP, TenSanPham, SoLuongTon, Thue) values ('10', 'Cookley', 5, 58);
insert into SanPham (MaSP, TenSanPham, SoLuongTon, Thue) values ('11', 'Prodder', 113, 85);
insert into SanPham (MaSP, TenSanPham, SoLuongTon, Thue) values ('12', 'Fintone', 0, 61);
insert into SanPham (MaSP, TenSanPham, SoLuongTon, Thue) values ('13', 'Alpha', 197, 72);
insert into SanPham (MaSP, TenSanPham, SoLuongTon, Thue) values ('14', 'Vagram', 59, 16);
insert into SanPham (MaSP, TenSanPham, SoLuongTon, Thue) values ('15', 'Regrant', 9, 33);
insert into SanPham (MaSP, TenSanPham, SoLuongTon, Thue) values ('16', 'Voyatouch', 7, 56);
insert into SanPham (MaSP, TenSanPham, SoLuongTon, Thue) values ('17', 'Trippledex', 170, 64);
insert into SanPham (MaSP, TenSanPham, SoLuongTon, Thue) values ('18', 'Tampflex', 200, 74);
insert into SanPham (MaSP, TenSanPham, SoLuongTon, Thue) values ('19', 'Veribet', 49, 94);
insert into SanPham (MaSP, TenSanPham, SoLuongTon, Thue) values ('20', 'Domainer', 102, 96);
insert into SanPham (MaSP, TenSanPham, SoLuongTon, Thue) values ('21', 'Latlux', 36, 44);
insert into SanPham (MaSP, TenSanPham, SoLuongTon, Thue) values ('22', 'Span', 176, 97);
insert into SanPham (MaSP, TenSanPham, SoLuongTon, Thue) values ('23', 'Regrant', 85, 11);
insert into SanPham (MaSP, TenSanPham, SoLuongTon, Thue) values ('24', 'Alphazap', 124, 86);
insert into SanPham (MaSP, TenSanPham, SoLuongTon, Thue) values ('25', 'Tres-Zap', 180, 71);
insert into SanPham (MaSP, TenSanPham, SoLuongTon, Thue) values ('26', 'Mat Lam Tam', 32, 75);
insert into SanPham (MaSP, TenSanPham, SoLuongTon, Thue) values ('27', 'Tin', 148, 26);
insert into SanPham (MaSP, TenSanPham, SoLuongTon, Thue) values ('28', 'Tampflex', 22, 12);
insert into SanPham (MaSP, TenSanPham, SoLuongTon, Thue) values ('29', 'Prodder', 134, 25);
insert into SanPham (MaSP, TenSanPham, SoLuongTon, Thue) values ('30', 'Bamity', 78, 25);
insert into SanPham (MaSP, TenSanPham, SoLuongTon, Thue) values ('31', 'Greenlam', 136, 18);
insert into SanPham (MaSP, TenSanPham, SoLuongTon, Thue) values ('32', 'Lotstring', 138, 74);
insert into SanPham (MaSP, TenSanPham, SoLuongTon, Thue) values ('33', 'Namfix', 156, 56);
insert into SanPham (MaSP, TenSanPham, SoLuongTon, Thue) values ('34', 'Matsoft', 179, 51);
insert into SanPham (MaSP, TenSanPham, SoLuongTon, Thue) values ('35', 'Tin', 10, 43);
insert into SanPham (MaSP, TenSanPham, SoLuongTon, Thue) values ('36', 'Sonsing', 194, 84);
insert into SanPham (MaSP, TenSanPham, SoLuongTon, Thue) values ('37', 'Tresom', 17, 54);
insert into SanPham (MaSP, TenSanPham, SoLuongTon, Thue) values ('38', 'Prodder', 80, 46);
insert into SanPham (MaSP, TenSanPham, SoLuongTon, Thue) values ('39', 'Wrapsafe', 32, 97);
insert into SanPham (MaSP, TenSanPham, SoLuongTon, Thue) values ('40', 'Holdlamis', 90, 93);
insert into SanPham (MaSP, TenSanPham, SoLuongTon, Thue) values ('41', 'Voyatouch', 151, 73);
insert into SanPham (MaSP, TenSanPham, SoLuongTon, Thue) values ('42', 'Tin', 83, 43);
insert into SanPham (MaSP, TenSanPham, SoLuongTon, Thue) values ('43', 'Toughjoyfax', 0, 18);
insert into SanPham (MaSP, TenSanPham, SoLuongTon, Thue) values ('44', 'Tampflex', 162, 33);
insert into SanPham (MaSP, TenSanPham, SoLuongTon, Thue) values ('45', 'Stim', 178, 98);
insert into SanPham (MaSP, TenSanPham, SoLuongTon, Thue) values ('46', 'Flexidy', 194, 28);
insert into SanPham (MaSP, TenSanPham, SoLuongTon, Thue) values ('47', 'Mat Lam Tam', 17, 57);
insert into SanPham (MaSP, TenSanPham, SoLuongTon, Thue) values ('48', 'Daltfresh', 180, 29);
insert into SanPham (MaSP, TenSanPham, SoLuongTon, Thue) values ('49', 'Stim', 196, 23);
insert into SanPham (MaSP, TenSanPham, SoLuongTon, Thue) values ('50', 'Quo Lux', 30, 91);
insert into SanPham (MaSP, TenSanPham, SoLuongTon, Thue) values ('51', 'Redhold', 124, 12);
insert into SanPham (MaSP, TenSanPham, SoLuongTon, Thue) values ('52', 'Tresom', 22, 88);
insert into SanPham (MaSP, TenSanPham, SoLuongTon, Thue) values ('53', 'Vagram', 195, 76);
insert into SanPham (MaSP, TenSanPham, SoLuongTon, Thue) values ('54', 'Flowdesk', 91, 45);
insert into SanPham (MaSP, TenSanPham, SoLuongTon, Thue) values ('55', 'Overhold', 156, 97);
insert into SanPham (MaSP, TenSanPham, SoLuongTon, Thue) values ('56', 'Cardify', 80, 83);
insert into SanPham (MaSP, TenSanPham, SoLuongTon, Thue) values ('57', 'Sub-Ex', 145, 41);
insert into SanPham (MaSP, TenSanPham, SoLuongTon, Thue) values ('58', 'Rank', 50, 18);
insert into SanPham (MaSP, TenSanPham, SoLuongTon, Thue) values ('59', 'Sonsing', 90, 81);
insert into SanPham (MaSP, TenSanPham, SoLuongTon, Thue) values ('60', 'Zathin', 154, 49);
insert into SanPham (MaSP, TenSanPham, SoLuongTon, Thue) values ('61', 'Alphazap', 43, 48);
insert into SanPham (MaSP, TenSanPham, SoLuongTon, Thue) values ('62', 'Domainer', 51, 27);
insert into SanPham (MaSP, TenSanPham, SoLuongTon, Thue) values ('63', 'Aerified', 169, 46);
insert into SanPham (MaSP, TenSanPham, SoLuongTon, Thue) values ('64', 'Zathin', 13, 98);
insert into SanPham (MaSP, TenSanPham, SoLuongTon, Thue) values ('65', 'Tempsoft', 109, 74);
insert into SanPham (MaSP, TenSanPham, SoLuongTon, Thue) values ('66', 'Bytecard', 149, 63);
insert into SanPham (MaSP, TenSanPham, SoLuongTon, Thue) values ('67', 'Tresom', 95, 84);
insert into SanPham (MaSP, TenSanPham, SoLuongTon, Thue) values ('68', 'Namfix', 47, 56);
insert into SanPham (MaSP, TenSanPham, SoLuongTon, Thue) values ('69', 'Domainer', 175, 29);
insert into SanPham (MaSP, TenSanPham, SoLuongTon, Thue) values ('70', 'Zontrax', 105, 55);
insert into SanPham (MaSP, TenSanPham, SoLuongTon, Thue) values ('71', 'Otcom', 166, 65);
insert into SanPham (MaSP, TenSanPham, SoLuongTon, Thue) values ('72', 'Kanlam', 178, 83);
insert into SanPham (MaSP, TenSanPham, SoLuongTon, Thue) values ('73', 'Flexidy', 80, 46);
insert into SanPham (MaSP, TenSanPham, SoLuongTon, Thue) values ('74', 'Aerified', 52, 35);
insert into SanPham (MaSP, TenSanPham, SoLuongTon, Thue) values ('75', 'Fix San', 86, 11);
insert into SanPham (MaSP, TenSanPham, SoLuongTon, Thue) values ('76', 'Asoka', 179, 82);
insert into SanPham (MaSP, TenSanPham, SoLuongTon, Thue) values ('77', 'Zamit', 168, 56);
insert into SanPham (MaSP, TenSanPham, SoLuongTon, Thue) values ('78', 'Zamit', 168, 36);
insert into SanPham (MaSP, TenSanPham, SoLuongTon, Thue) values ('79', 'Latlux', 23, 48);
insert into SanPham (MaSP, TenSanPham, SoLuongTon, Thue) values ('80', 'Aerified', 59, 21);
insert into SanPham (MaSP, TenSanPham, SoLuongTon, Thue) values ('81', 'Lotlux', 84, 99);
insert into SanPham (MaSP, TenSanPham, SoLuongTon, Thue) values ('82', 'Otcom', 193, 12);
insert into SanPham (MaSP, TenSanPham, SoLuongTon, Thue) values ('83', 'Voyatouch', 22, 89);
insert into SanPham (MaSP, TenSanPham, SoLuongTon, Thue) values ('84', 'Sonsing', 126, 21);
insert into SanPham (MaSP, TenSanPham, SoLuongTon, Thue) values ('85', 'Biodex', 116, 15);
insert into SanPham (MaSP, TenSanPham, SoLuongTon, Thue) values ('86', 'Stim', 61, 27);
insert into SanPham (MaSP, TenSanPham, SoLuongTon, Thue) values ('87', 'Stringtough', 45, 53);
insert into SanPham (MaSP, TenSanPham, SoLuongTon, Thue) values ('88', 'Kanlam', 87, 32);
insert into SanPham (MaSP, TenSanPham, SoLuongTon, Thue) values ('89', 'Flexidy', 95, 46);
insert into SanPham (MaSP, TenSanPham, SoLuongTon, Thue) values ('90', 'Biodex', 110, 45);
insert into SanPham (MaSP, TenSanPham, SoLuongTon, Thue) values ('91', 'Holdlamis', 148, 94);
insert into SanPham (MaSP, TenSanPham, SoLuongTon, Thue) values ('92', 'Fixflex', 200, 36);
insert into SanPham (MaSP, TenSanPham, SoLuongTon, Thue) values ('93', 'Fintone', 182, 18);
insert into SanPham (MaSP, TenSanPham, SoLuongTon, Thue) values ('94', 'Lotlux', 67, 56);
insert into SanPham (MaSP, TenSanPham, SoLuongTon, Thue) values ('95', 'Sonair', 187, 95);
insert into SanPham (MaSP, TenSanPham, SoLuongTon, Thue) values ('96', 'Bamity', 116, 68);
insert into SanPham (MaSP, TenSanPham, SoLuongTon, Thue) values ('97', 'Tresom', 31, 72);
insert into SanPham (MaSP, TenSanPham, SoLuongTon, Thue) values ('98', 'It', 78, 52);
insert into SanPham (MaSP, TenSanPham, SoLuongTon, Thue) values ('99', 'Ventosanzap', 197, 91);
insert into SanPham (MaSP, TenSanPham, SoLuongTon, Thue) values ('100', 'It', 86, 72);
go
insert into CTSP (MaNCC, MaSP, GiaMua, NgayCapNhat) values ('Avenue', '57', 8200000, 88);
insert into CTSP (MaNCC, MaSP, GiaMua, NgayCapNhat) values ('Center', '83', 8400000, 37);
insert into CTSP (MaNCC, MaSP, GiaMua, NgayCapNhat) values ('Place', '3', 3800000, 82);
insert into CTSP (MaNCC, MaSP, GiaMua, NgayCapNhat) values ('Lane', '24', 2000000, 34);
insert into CTSP (MaNCC, MaSP, GiaMua, NgayCapNhat) values ('Drive', '65', 8100000, 91);
insert into CTSP (MaNCC, MaSP, GiaMua, NgayCapNhat) values ('Way', '11', 800000, 53);
insert into CTSP (MaNCC, MaSP, GiaMua, NgayCapNhat) values ('Crossing', '93', 800000, 56);
insert into CTSP (MaNCC, MaSP, GiaMua, NgayCapNhat) values ('Center', '95', 8700000, 67);
insert into CTSP (MaNCC, MaSP, GiaMua, NgayCapNhat) values ('Lane', '32', 4300000, 73);
insert into CTSP (MaNCC, MaSP, GiaMua, NgayCapNhat) values ('Road', '6', 5600000, 86);
insert into CTSP (MaNCC, MaSP, GiaMua, NgayCapNhat) values ('Road', '23', 200000, 68);
insert into CTSP (MaNCC, MaSP, GiaMua, NgayCapNhat) values ('Crossing', '83', 1800000, 76);
insert into CTSP (MaNCC, MaSP, GiaMua, NgayCapNhat) values ('Plaza', '15', 8500000, 45);
insert into CTSP (MaNCC, MaSP, GiaMua, NgayCapNhat) values ('Place', '69', 7600000, 53);
insert into CTSP (MaNCC, MaSP, GiaMua, NgayCapNhat) values ('Park', '67', 7100000, 85);
insert into CTSP (MaNCC, MaSP, GiaMua, NgayCapNhat) values ('Center', '26', 2100000, 29);
insert into CTSP (MaNCC, MaSP, GiaMua, NgayCapNhat) values ('Drive', '4', 1200000, 99);
insert into CTSP (MaNCC, MaSP, GiaMua, NgayCapNhat) values ('Circle', '34', 1400000, 14);
insert into CTSP (MaNCC, MaSP, GiaMua, NgayCapNhat) values ('Point', '40', 3700000, 52);
insert into CTSP (MaNCC, MaSP, GiaMua, NgayCapNhat) values ('Drive', '93', 700000, 39);
insert into CTSP (MaNCC, MaSP, GiaMua, NgayCapNhat) values ('Drive', '75', 2700000, 51);
insert into CTSP (MaNCC, MaSP, GiaMua, NgayCapNhat) values ('Trail', '9', 7200000, 11);
insert into CTSP (MaNCC, MaSP, GiaMua, NgayCapNhat) values ('Crossing', '96', 8600000, 99);
insert into CTSP (MaNCC, MaSP, GiaMua, NgayCapNhat) values ('Junction', '96', 6000000, 29);
insert into CTSP (MaNCC, MaSP, GiaMua, NgayCapNhat) values ('Terrace', '93', 7100000, 23);
insert into CTSP (MaNCC, MaSP, GiaMua, NgayCapNhat) values ('Center', '79', 5600000, 45);
insert into CTSP (MaNCC, MaSP, GiaMua, NgayCapNhat) values ('Way', '92', 8500000, 17);
insert into CTSP (MaNCC, MaSP, GiaMua, NgayCapNhat) values ('Alley', '11', 9200000, 18);
insert into CTSP (MaNCC, MaSP, GiaMua, NgayCapNhat) values ('Point', '27', 8000000, 25);
insert into CTSP (MaNCC, MaSP, GiaMua, NgayCapNhat) values ('Center', '64', 3100000, 85);
insert into CTSP (MaNCC, MaSP, GiaMua, NgayCapNhat) values ('Road', '63', 3500000, 76);
insert into CTSP (MaNCC, MaSP, GiaMua, NgayCapNhat) values ('Alley', '96', 8000000, 37);
insert into CTSP (MaNCC, MaSP, GiaMua, NgayCapNhat) values ('Road', '46', 8600000, 93);
insert into CTSP (MaNCC, MaSP, GiaMua, NgayCapNhat) values ('Pass', '41', 5000000, 19);
insert into CTSP (MaNCC, MaSP, GiaMua, NgayCapNhat) values ('Road', '32', 3300000, 26);
insert into CTSP (MaNCC, MaSP, GiaMua, NgayCapNhat) values ('Drive', '92', 7900000, 21);
insert into CTSP (MaNCC, MaSP, GiaMua, NgayCapNhat) values ('Place', '46', 700000, 66);
insert into CTSP (MaNCC, MaSP, GiaMua, NgayCapNhat) values ('Hill', '70', 8200000, 16);
insert into CTSP (MaNCC, MaSP, GiaMua, NgayCapNhat) values ('Alley', '63', 300000, 12);
insert into CTSP (MaNCC, MaSP, GiaMua, NgayCapNhat) values ('Road', '2', 7800000, 37);
insert into CTSP (MaNCC, MaSP, GiaMua, NgayCapNhat) values ('Place', '14', 2200000, 97);
insert into CTSP (MaNCC, MaSP, GiaMua, NgayCapNhat) values ('Road', '2', 2000000, 82);
insert into CTSP (MaNCC, MaSP, GiaMua, NgayCapNhat) values ('Way', '37', 100000, 17);
insert into CTSP (MaNCC, MaSP, GiaMua, NgayCapNhat) values ('Avenue', '61', 7400000, 37);
insert into CTSP (MaNCC, MaSP, GiaMua, NgayCapNhat) values ('Trail', '19', 5000000, 31);
insert into CTSP (MaNCC, MaSP, GiaMua, NgayCapNhat) values ('Circle', '31', 8900000, 52);
insert into CTSP (MaNCC, MaSP, GiaMua, NgayCapNhat) values ('Point', '66', 1400000, 97);
insert into CTSP (MaNCC, MaSP, GiaMua, NgayCapNhat) values ('Road', '29', 700000, 48);
insert into CTSP (MaNCC, MaSP, GiaMua, NgayCapNhat) values ('Hill', '76', 5100000, 92);
insert into CTSP (MaNCC, MaSP, GiaMua, NgayCapNhat) values ('Way', '92', 8300000, 33);
insert into CTSP (MaNCC, MaSP, GiaMua, NgayCapNhat) values ('Avenue', '74', 5500000, 31);
insert into CTSP (MaNCC, MaSP, GiaMua, NgayCapNhat) values ('Crossing', '28', 3400000, 27);
insert into CTSP (MaNCC, MaSP, GiaMua, NgayCapNhat) values ('Alley', '60', 9500000, 15);
insert into CTSP (MaNCC, MaSP, GiaMua, NgayCapNhat) values ('Hill', '65', 7300000, 41);
insert into CTSP (MaNCC, MaSP, GiaMua, NgayCapNhat) values ('Drive', '86', 7200000, 22);
insert into CTSP (MaNCC, MaSP, GiaMua, NgayCapNhat) values ('Hill', '62', 4200000, 93);
insert into CTSP (MaNCC, MaSP, GiaMua, NgayCapNhat) values ('Crossing', '24', 1000000, 63);
insert into CTSP (MaNCC, MaSP, GiaMua, NgayCapNhat) values ('Avenue', '36', 8200000, 44);
insert into CTSP (MaNCC, MaSP, GiaMua, NgayCapNhat) values ('Pass', '23', 5900000, 73);
insert into CTSP (MaNCC, MaSP, GiaMua, NgayCapNhat) values ('Plaza', '96', 8700000, 46);
insert into CTSP (MaNCC, MaSP, GiaMua, NgayCapNhat) values ('Road', '37', 8900000, 12);
insert into CTSP (MaNCC, MaSP, GiaMua, NgayCapNhat) values ('Way', '21', 9600000, 75);
insert into CTSP (MaNCC, MaSP, GiaMua, NgayCapNhat) values ('Hill', '13', 500000, 53);
insert into CTSP (MaNCC, MaSP, GiaMua, NgayCapNhat) values ('Lane', '46', 3700000, 57);
insert into CTSP (MaNCC, MaSP, GiaMua, NgayCapNhat) values ('Court', '82', 6600000, 91);
insert into CTSP (MaNCC, MaSP, GiaMua, NgayCapNhat) values ('Pass', '48', 500000, 18);
insert into CTSP (MaNCC, MaSP, GiaMua, NgayCapNhat) values ('Lane', '69', 2300000, 58);
insert into CTSP (MaNCC, MaSP, GiaMua, NgayCapNhat) values ('Avenue', '10', 1200000, 27);
insert into CTSP (MaNCC, MaSP, GiaMua, NgayCapNhat) values ('Center', '7', 9700000, 65);
insert into CTSP (MaNCC, MaSP, GiaMua, NgayCapNhat) values ('Place', '85', 8900000, 42);
insert into CTSP (MaNCC, MaSP, GiaMua, NgayCapNhat) values ('Pass', '68', 5100000, 79);
insert into CTSP (MaNCC, MaSP, GiaMua, NgayCapNhat) values ('Center', '8', 5500000, 27);
insert into CTSP (MaNCC, MaSP, GiaMua, NgayCapNhat) values ('Plaza', '72', 9500000, 81);
insert into CTSP (MaNCC, MaSP, GiaMua, NgayCapNhat) values ('Way', '42', 3200000, 49);
insert into CTSP (MaNCC, MaSP, GiaMua, NgayCapNhat) values ('Junction', '69', 4200000, 35);
insert into CTSP (MaNCC, MaSP, GiaMua, NgayCapNhat) values ('Center', '31', 7300000, 68);
insert into CTSP (MaNCC, MaSP, GiaMua, NgayCapNhat) values ('Terrace', '55', 6500000, 93);
insert into CTSP (MaNCC, MaSP, GiaMua, NgayCapNhat) values ('Hill', '44', 3500000, 78);
insert into CTSP (MaNCC, MaSP, GiaMua, NgayCapNhat) values ('Road', '35', 6600000, 97);
insert into CTSP (MaNCC, MaSP, GiaMua, NgayCapNhat) values ('Lane', '26', 5700000, 33);
insert into CTSP (MaNCC, MaSP, GiaMua, NgayCapNhat) values ('Avenue', '76', 7300000, 35);
insert into CTSP (MaNCC, MaSP, GiaMua, NgayCapNhat) values ('Park', '96', 9900000, 22);
insert into CTSP (MaNCC, MaSP, GiaMua, NgayCapNhat) values ('Hill', '34', 3300000, 89);
insert into CTSP (MaNCC, MaSP, GiaMua, NgayCapNhat) values ('Plaza', '98', 4500000, 25);
insert into CTSP (MaNCC, MaSP, GiaMua, NgayCapNhat) values ('Lane', '48', 6700000, 35);
insert into CTSP (MaNCC, MaSP, GiaMua, NgayCapNhat) values ('Place', '65', 7500000, 18);
insert into CTSP (MaNCC, MaSP, GiaMua, NgayCapNhat) values ('Street', '46', 800000, 95);
insert into CTSP (MaNCC, MaSP, GiaMua, NgayCapNhat) values ('Alley', '94', 8500000, 57);
insert into CTSP (MaNCC, MaSP, GiaMua, NgayCapNhat) values ('Center', '65', 4900000, 25);
insert into CTSP (MaNCC, MaSP, GiaMua, NgayCapNhat) values ('Place', '51', 2700000, 27);
insert into CTSP (MaNCC, MaSP, GiaMua, NgayCapNhat) values ('Drive', '44', 6600000, 64);
insert into CTSP (MaNCC, MaSP, GiaMua, NgayCapNhat) values ('Drive', '84', 4000000, 42);
insert into CTSP (MaNCC, MaSP, GiaMua, NgayCapNhat) values ('Hill', '90', 3700000, 63);
insert into CTSP (MaNCC, MaSP, GiaMua, NgayCapNhat) values ('Point', '71', 4000000, 22);
insert into CTSP (MaNCC, MaSP, GiaMua, NgayCapNhat) values ('Drive', '29', 9800000, 17);
insert into CTSP (MaNCC, MaSP, GiaMua, NgayCapNhat) values ('Alley', '68', 4200000, 94);
insert into CTSP (MaNCC, MaSP, GiaMua, NgayCapNhat) values ('Center', '63', 200000, 21);
insert into CTSP (MaNCC, MaSP, GiaMua, NgayCapNhat) values ('Drive', '87', 6700000, 58);
insert into CTSP (MaNCC, MaSP, GiaMua, NgayCapNhat) values ('Trail', '73', 6600000, 89);
insert into CTSP (MaNCC, MaSP, GiaMua, NgayCapNhat) values ('Plaza', '15', 1900000, 65);
insert into CTSP (MaNCC, MaSP, GiaMua, NgayCapNhat) values ('Alley', '60', 300000, 48);
insert into CTSP (MaNCC, MaSP, GiaMua, NgayCapNhat) values ('Plaza', '81', 2100000, 75);
insert into CTSP (MaNCC, MaSP, GiaMua, NgayCapNhat) values ('Park', '37', 4400000, 34);
insert into CTSP (MaNCC, MaSP, GiaMua, NgayCapNhat) values ('Center', '22', 2600000, 99);
insert into CTSP (MaNCC, MaSP, GiaMua, NgayCapNhat) values ('Circle', '46', 5800000, 23);
insert into CTSP (MaNCC, MaSP, GiaMua, NgayCapNhat) values ('Way', '99', 6300000, 97);
insert into CTSP (MaNCC, MaSP, GiaMua, NgayCapNhat) values ('Alley', '21', 200000, 55);
insert into CTSP (MaNCC, MaSP, GiaMua, NgayCapNhat) values ('Hill', '77', 7800000, 45);
insert into CTSP (MaNCC, MaSP, GiaMua, NgayCapNhat) values ('Pass', '26', 8000000, 29);
insert into CTSP (MaNCC, MaSP, GiaMua, NgayCapNhat) values ('Circle', '30', 2200000, 32);
insert into CTSP (MaNCC, MaSP, GiaMua, NgayCapNhat) values ('Center', '14', 1800000, 95);
insert into CTSP (MaNCC, MaSP, GiaMua, NgayCapNhat) values ('Drive', '66', 7900000, 81);
insert into CTSP (MaNCC, MaSP, GiaMua, NgayCapNhat) values ('Alley', '62', 7400000, 48);
insert into CTSP (MaNCC, MaSP, GiaMua, NgayCapNhat) values ('Trail', '4', 6200000, 71);
insert into CTSP (MaNCC, MaSP, GiaMua, NgayCapNhat) values ('Road', '54', 9200000, 51);
insert into CTSP (MaNCC, MaSP, GiaMua, NgayCapNhat) values ('Center', '3', 2400000, 74);
insert into CTSP (MaNCC, MaSP, GiaMua, NgayCapNhat) values ('Pass', '71', 8000000, 63);
insert into CTSP (MaNCC, MaSP, GiaMua, NgayCapNhat) values ('Place', '49', 800000, 98);
insert into CTSP (MaNCC, MaSP, GiaMua, NgayCapNhat) values ('Junction', '73', 7200000, 19);
insert into CTSP (MaNCC, MaSP, GiaMua, NgayCapNhat) values ('Plaza', '59', 5000000, 55);
insert into CTSP (MaNCC, MaSP, GiaMua, NgayCapNhat) values ('Junction', '37', 5500000, 21);
insert into CTSP (MaNCC, MaSP, GiaMua, NgayCapNhat) values ('Drive', '1', 4100000, 13);
insert into CTSP (MaNCC, MaSP, GiaMua, NgayCapNhat) values ('Center', '97', 5100000, 24);
insert into CTSP (MaNCC, MaSP, GiaMua, NgayCapNhat) values ('Place', '20', 700000, 72);
insert into CTSP (MaNCC, MaSP, GiaMua, NgayCapNhat) values ('Crossing', '56', 8900000, 38);
insert into CTSP (MaNCC, MaSP, GiaMua, NgayCapNhat) values ('Crossing', '67', 6300000, 45);
insert into CTSP (MaNCC, MaSP, GiaMua, NgayCapNhat) values ('Place', '12', 6300000, 86);
insert into CTSP (MaNCC, MaSP, GiaMua, NgayCapNhat) values ('Point', '8', 3800000, 88);
insert into CTSP (MaNCC, MaSP, GiaMua, NgayCapNhat) values ('Alley', '2', 4700000, 63);
insert into CTSP (MaNCC, MaSP, GiaMua, NgayCapNhat) values ('Road', '7', 1700000, 78);
insert into CTSP (MaNCC, MaSP, GiaMua, NgayCapNhat) values ('Pass', '75', 4900000, 59);
insert into CTSP (MaNCC, MaSP, GiaMua, NgayCapNhat) values ('Drive', '5', 3600000, 73);
insert into CTSP (MaNCC, MaSP, GiaMua, NgayCapNhat) values ('Hill', '48', 6000000, 51);
insert into CTSP (MaNCC, MaSP, GiaMua, NgayCapNhat) values ('Lane', '46', 1000000, 55);
insert into CTSP (MaNCC, MaSP, GiaMua, NgayCapNhat) values ('Street', '24', 9800000, 79);
insert into CTSP (MaNCC, MaSP, GiaMua, NgayCapNhat) values ('Hill', '39', 7900000, 99);
insert into CTSP (MaNCC, MaSP, GiaMua, NgayCapNhat) values ('Center', '55', 4700000, 79);
insert into CTSP (MaNCC, MaSP, GiaMua, NgayCapNhat) values ('Place', '92', 3800000, 41);
insert into CTSP (MaNCC, MaSP, GiaMua, NgayCapNhat) values ('Lane', '77', 4700000, 71);
insert into CTSP (MaNCC, MaSP, GiaMua, NgayCapNhat) values ('Court', '75', 3500000, 45);
insert into CTSP (MaNCC, MaSP, GiaMua, NgayCapNhat) values ('Drive', '70', 4000000, 36);
insert into CTSP (MaNCC, MaSP, GiaMua, NgayCapNhat) values ('Junction', '64', 3000000, 91);
insert into CTSP (MaNCC, MaSP, GiaMua, NgayCapNhat) values ('Circle', '75', 9800000, 17);
insert into CTSP (MaNCC, MaSP, GiaMua, NgayCapNhat) values ('Street', '38', 1200000, 95);
insert into CTSP (MaNCC, MaSP, GiaMua, NgayCapNhat) values ('Trail', '14', 1500000, 61);
insert into CTSP (MaNCC, MaSP, GiaMua, NgayCapNhat) values ('Street', '35', 7300000, 84);
insert into CTSP (MaNCC, MaSP, GiaMua, NgayCapNhat) values ('Plaza', '55', 6100000, 53);
insert into CTSP (MaNCC, MaSP, GiaMua, NgayCapNhat) values ('Lane', '89', 6500000, 75);
insert into CTSP (MaNCC, MaSP, GiaMua, NgayCapNhat) values ('Terrace', '67', 8300000, 55);
insert into CTSP (MaNCC, MaSP, GiaMua, NgayCapNhat) values ('Lane', '91', 6400000, 88);
insert into CTSP (MaNCC, MaSP, GiaMua, NgayCapNhat) values ('Crossing', '7', 4900000, 56);
insert into CTSP (MaNCC, MaSP, GiaMua, NgayCapNhat) values ('Point', '79', 200000, 79);
insert into CTSP (MaNCC, MaSP, GiaMua, NgayCapNhat) values ('Point', '82', 5000000, 84);
insert into CTSP (MaNCC, MaSP, GiaMua, NgayCapNhat) values ('Terrace', '49', 5600000, 65);
insert into CTSP (MaNCC, MaSP, GiaMua, NgayCapNhat) values ('Lane', '62', 9300000, 29);
insert into CTSP (MaNCC, MaSP, GiaMua, NgayCapNhat) values ('Center', '47', 5800000, 89);
insert into CTSP (MaNCC, MaSP, GiaMua, NgayCapNhat) values ('Park', '7', 4100000, 42);
insert into CTSP (MaNCC, MaSP, GiaMua, NgayCapNhat) values ('Avenue', '59', 100000, 78);
insert into CTSP (MaNCC, MaSP, GiaMua, NgayCapNhat) values ('Pass', '64', 1500000, 91);
insert into CTSP (MaNCC, MaSP, GiaMua, NgayCapNhat) values ('Avenue', '30', 1500000, 36);
insert into CTSP (MaNCC, MaSP, GiaMua, NgayCapNhat) values ('Pass', '6', 3100000, 23);
insert into CTSP (MaNCC, MaSP, GiaMua, NgayCapNhat) values ('Street', '50', 1600000, 81);
insert into CTSP (MaNCC, MaSP, GiaMua, NgayCapNhat) values ('Pass', '87', 2500000, 18);
insert into CTSP (MaNCC, MaSP, GiaMua, NgayCapNhat) values ('Center', '93', 3600000, 26);
insert into CTSP (MaNCC, MaSP, GiaMua, NgayCapNhat) values ('Way', '48', 5700000, 23);
insert into CTSP (MaNCC, MaSP, GiaMua, NgayCapNhat) values ('Court', '41', 9500000, 26);
insert into CTSP (MaNCC, MaSP, GiaMua, NgayCapNhat) values ('Drive', '74', 9600000, 88);
insert into CTSP (MaNCC, MaSP, GiaMua, NgayCapNhat) values ('Alley', '73', 6600000, 36);
insert into CTSP (MaNCC, MaSP, GiaMua, NgayCapNhat) values ('Point', '7', 3600000, 19);
insert into CTSP (MaNCC, MaSP, GiaMua, NgayCapNhat) values ('Street', '23', 2800000, 64);
insert into CTSP (MaNCC, MaSP, GiaMua, NgayCapNhat) values ('Junction', '54', 1100000, 71);
insert into CTSP (MaNCC, MaSP, GiaMua, NgayCapNhat) values ('Alley', '23', 8500000, 69);
insert into CTSP (MaNCC, MaSP, GiaMua, NgayCapNhat) values ('Crossing', '72', 7500000, 37);
insert into CTSP (MaNCC, MaSP, GiaMua, NgayCapNhat) values ('Avenue', '78', 1400000, 39);
insert into CTSP (MaNCC, MaSP, GiaMua, NgayCapNhat) values ('Place', '98', 9000000, 81);
insert into CTSP (MaNCC, MaSP, GiaMua, NgayCapNhat) values ('Place', '98', 6400000, 48);
insert into CTSP (MaNCC, MaSP, GiaMua, NgayCapNhat) values ('Terrace', '53', 1000000, 79);
insert into CTSP (MaNCC, MaSP, GiaMua, NgayCapNhat) values ('Street', '28', 7400000, 57);
insert into CTSP (MaNCC, MaSP, GiaMua, NgayCapNhat) values ('Hill', '7', 6100000, 17);
insert into CTSP (MaNCC, MaSP, GiaMua, NgayCapNhat) values ('Junction', '76', 7200000, 31);
insert into CTSP (MaNCC, MaSP, GiaMua, NgayCapNhat) values ('Pass', '73', 9000000, 82);
insert into CTSP (MaNCC, MaSP, GiaMua, NgayCapNhat) values ('Crossing', '44', 2100000, 97);
insert into CTSP (MaNCC, MaSP, GiaMua, NgayCapNhat) values ('Drive', '31', 9600000, 23);
insert into CTSP (MaNCC, MaSP, GiaMua, NgayCapNhat) values ('Way', '46', 5400000, 51);
insert into CTSP (MaNCC, MaSP, GiaMua, NgayCapNhat) values ('Court', '40', 3500000, 27);
insert into CTSP (MaNCC, MaSP, GiaMua, NgayCapNhat) values ('Way', '46', 2400000, 12);
insert into CTSP (MaNCC, MaSP, GiaMua, NgayCapNhat) values ('Way', '51', 7800000, 89);
insert into CTSP (MaNCC, MaSP, GiaMua, NgayCapNhat) values ('Place', '91', 2500000, 34);
insert into CTSP (MaNCC, MaSP, GiaMua, NgayCapNhat) values ('Place', '18', 200000, 91);
insert into CTSP (MaNCC, MaSP, GiaMua, NgayCapNhat) values ('Lane', '43', 8500000, 38);
insert into CTSP (MaNCC, MaSP, GiaMua, NgayCapNhat) values ('Center', '49', 6200000, 63);
insert into CTSP (MaNCC, MaSP, GiaMua, NgayCapNhat) values ('Road', '82', 9200000, 78);
insert into CTSP (MaNCC, MaSP, GiaMua, NgayCapNhat) values ('Place', '55', 5100000, 25);
insert into CTSP (MaNCC, MaSP, GiaMua, NgayCapNhat) values ('Drive', '51', 2900000, 53);
insert into CTSP (MaNCC, MaSP, GiaMua, NgayCapNhat) values ('Street', '17', 6900000, 77);
insert into CTSP (MaNCC, MaSP, GiaMua, NgayCapNhat) values ('Pass', '8', 8000000, 71);
insert into CTSP (MaNCC, MaSP, GiaMua, NgayCapNhat) values ('Way', '97', 9400000, 31);
insert into CTSP (MaNCC, MaSP, GiaMua, NgayCapNhat) values ('Road', '43', 2200000, 58);
insert into CTSP (MaNCC, MaSP, GiaMua, NgayCapNhat) values ('Drive', '100', 700000, 84);
insert into CTSP (MaNCC, MaSP, GiaMua, NgayCapNhat) values ('Hill', '10', 8100000, 67);
go
insert into CTYCBaoGia (MaNCC, MaSP, SLSeMua, GiaDaBao, MaYCBaoGia) values ('Pass', '23', 59800, 0, 96);
insert into CTYCBaoGia (MaNCC, MaSP, SLSeMua, GiaDaBao, MaYCBaoGia) values ('Road', '32', 89500, 0, 89);
insert into CTYCBaoGia (MaNCC, MaSP, SLSeMua, GiaDaBao, MaYCBaoGia) values ('Plaza', '59', 12100, 0, 65);
insert into CTYCBaoGia (MaNCC, MaSP, SLSeMua, GiaDaBao, MaYCBaoGia) values ('Hill', '62', 80200, 0, 23);
insert into CTYCBaoGia (MaNCC, MaSP, SLSeMua, GiaDaBao, MaYCBaoGia) values ('Drive', '84', 35200, 0, 6);
insert into CTYCBaoGia (MaNCC, MaSP, SLSeMua, GiaDaBao, MaYCBaoGia) values ('Point', '7', 86900, 54100000, 67);
insert into CTYCBaoGia (MaNCC, MaSP, SLSeMua, GiaDaBao, MaYCBaoGia) values ('Plaza', '72', 59100, 0, 78);
insert into CTYCBaoGia (MaNCC, MaSP, SLSeMua, GiaDaBao, MaYCBaoGia) values ('Way', '46', 47100, 0, 67);
insert into CTYCBaoGia (MaNCC, MaSP, SLSeMua, GiaDaBao, MaYCBaoGia) values ('Pass', '41', 86400, 0, 60);
insert into CTYCBaoGia (MaNCC, MaSP, SLSeMua, GiaDaBao, MaYCBaoGia) values ('Avenue', '78', 57900, 85800000, 26);
insert into CTYCBaoGia (MaNCC, MaSP, SLSeMua, GiaDaBao, MaYCBaoGia) values ('Center', '55', 71700, 0, 39);
insert into CTYCBaoGia (MaNCC, MaSP, SLSeMua, GiaDaBao, MaYCBaoGia) values ('Road', '7', 82700, 0, 81);
insert into CTYCBaoGia (MaNCC, MaSP, SLSeMua, GiaDaBao, MaYCBaoGia) values ('Drive', '31', 39400, 0, 83);
insert into CTYCBaoGia (MaNCC, MaSP, SLSeMua, GiaDaBao, MaYCBaoGia) values ('Street', '38', 66700, 0, 69);
insert into CTYCBaoGia (MaNCC, MaSP, SLSeMua, GiaDaBao, MaYCBaoGia) values ('Park', '67', 99700, 0, 54);
insert into CTYCBaoGia (MaNCC, MaSP, SLSeMua, GiaDaBao, MaYCBaoGia) values ('Hill', '44', 94100, 0, 39);
insert into CTYCBaoGia (MaNCC, MaSP, SLSeMua, GiaDaBao, MaYCBaoGia) values ('Terrace', '93', 99600, 0, 44);
insert into CTYCBaoGia (MaNCC, MaSP, SLSeMua, GiaDaBao, MaYCBaoGia) values ('Circle', '46', 95100, 0, 42);
insert into CTYCBaoGia (MaNCC, MaSP, SLSeMua, GiaDaBao, MaYCBaoGia) values ('Drive', '4', 41400, 0, 81);
insert into CTYCBaoGia (MaNCC, MaSP, SLSeMua, GiaDaBao, MaYCBaoGia) values ('Plaza', '98', 96900, 0, 84);
insert into CTYCBaoGia (MaNCC, MaSP, SLSeMua, GiaDaBao, MaYCBaoGia) values ('Hill', '7', 63600, 93500000, 27);
insert into CTYCBaoGia (MaNCC, MaSP, SLSeMua, GiaDaBao, MaYCBaoGia) values ('Drive', '86', 16800, 70200000, 29);
insert into CTYCBaoGia (MaNCC, MaSP, SLSeMua, GiaDaBao, MaYCBaoGia) values ('Way', '97', 200, 0, 83);
insert into CTYCBaoGia (MaNCC, MaSP, SLSeMua, GiaDaBao, MaYCBaoGia) values ('Road', '32', 17400, 0, 20);
insert into CTYCBaoGia (MaNCC, MaSP, SLSeMua, GiaDaBao, MaYCBaoGia) values ('Way', '42', 76500, 60600000, 95);
insert into CTYCBaoGia (MaNCC, MaSP, SLSeMua, GiaDaBao, MaYCBaoGia) values ('Junction', '37', 43200, 0, 14);
insert into CTYCBaoGia (MaNCC, MaSP, SLSeMua, GiaDaBao, MaYCBaoGia) values ('Alley', '63', 77600, 0, 23);
insert into CTYCBaoGia (MaNCC, MaSP, SLSeMua, GiaDaBao, MaYCBaoGia) values ('Hill', '48', 18400, 0, 55);
insert into CTYCBaoGia (MaNCC, MaSP, SLSeMua, GiaDaBao, MaYCBaoGia) values ('Crossing', '67', 73400, 0, 83);
insert into CTYCBaoGia (MaNCC, MaSP, SLSeMua, GiaDaBao, MaYCBaoGia) values ('Center', '65', 80700, 83300000, 23);
insert into CTYCBaoGia (MaNCC, MaSP, SLSeMua, GiaDaBao, MaYCBaoGia) values ('Center', '83', 64600, 0, 72);
insert into CTYCBaoGia (MaNCC, MaSP, SLSeMua, GiaDaBao, MaYCBaoGia) values ('Circle', '46', 46100, 0, 35);
insert into CTYCBaoGia (MaNCC, MaSP, SLSeMua, GiaDaBao, MaYCBaoGia) values ('Place', '98', 12600, 0, 67);
insert into CTYCBaoGia (MaNCC, MaSP, SLSeMua, GiaDaBao, MaYCBaoGia) values ('Alley', '60', 31400, 0, 87);
insert into CTYCBaoGia (MaNCC, MaSP, SLSeMua, GiaDaBao, MaYCBaoGia) values ('Crossing', '56', 44400, 0, 27);
insert into CTYCBaoGia (MaNCC, MaSP, SLSeMua, GiaDaBao, MaYCBaoGia) values ('Road', '23', 55100, 88500000, 61);
insert into CTYCBaoGia (MaNCC, MaSP, SLSeMua, GiaDaBao, MaYCBaoGia) values ('Lane', '32', 30000, 49200000, 8);
insert into CTYCBaoGia (MaNCC, MaSP, SLSeMua, GiaDaBao, MaYCBaoGia) values ('Point', '82', 6600, 0, 75);
insert into CTYCBaoGia (MaNCC, MaSP, SLSeMua, GiaDaBao, MaYCBaoGia) values ('Circle', '46', 70300, 0, 70);
insert into CTYCBaoGia (MaNCC, MaSP, SLSeMua, GiaDaBao, MaYCBaoGia) values ('Way', '46', 32900, 0, 87);
insert into CTYCBaoGia (MaNCC, MaSP, SLSeMua, GiaDaBao, MaYCBaoGia) values ('Center', '7', 11200, 0, 45);
insert into CTYCBaoGia (MaNCC, MaSP, SLSeMua, GiaDaBao, MaYCBaoGia) values ('Way', '51', 22900, 0, 93);
insert into CTYCBaoGia (MaNCC, MaSP, SLSeMua, GiaDaBao, MaYCBaoGia) values ('Alley', '68', 24700, 0, 18);
insert into CTYCBaoGia (MaNCC, MaSP, SLSeMua, GiaDaBao, MaYCBaoGia) values ('Road', '37', 5200, 61300000, 92);
insert into CTYCBaoGia (MaNCC, MaSP, SLSeMua, GiaDaBao, MaYCBaoGia) values ('Way', '99', 94700, 0, 33);
insert into CTYCBaoGia (MaNCC, MaSP, SLSeMua, GiaDaBao, MaYCBaoGia) values ('Point', '40', 77500, 23200000, 43);
insert into CTYCBaoGia (MaNCC, MaSP, SLSeMua, GiaDaBao, MaYCBaoGia) values ('Drive', '92', 87700, 0, 33);
insert into CTYCBaoGia (MaNCC, MaSP, SLSeMua, GiaDaBao, MaYCBaoGia) values ('Trail', '73', 55000, 0, 51);
insert into CTYCBaoGia (MaNCC, MaSP, SLSeMua, GiaDaBao, MaYCBaoGia) values ('Plaza', '15', 84900, 0, 36);
insert into CTYCBaoGia (MaNCC, MaSP, SLSeMua, GiaDaBao, MaYCBaoGia) values ('Pass', '23', 2800, 0, 43);
insert into CTYCBaoGia (MaNCC, MaSP, SLSeMua, GiaDaBao, MaYCBaoGia) values ('Circle', '34', 22500, 71500000, 22);
insert into CTYCBaoGia (MaNCC, MaSP, SLSeMua, GiaDaBao, MaYCBaoGia) values ('Alley', '96', 23800, 0, 100);
insert into CTYCBaoGia (MaNCC, MaSP, SLSeMua, GiaDaBao, MaYCBaoGia) values ('Alley', '73', 92500, 0, 54);
insert into CTYCBaoGia (MaNCC, MaSP, SLSeMua, GiaDaBao, MaYCBaoGia) values ('Crossing', '44', 23000, 27400000, 96);
insert into CTYCBaoGia (MaNCC, MaSP, SLSeMua, GiaDaBao, MaYCBaoGia) values ('Way', '21', 6100, 80600000, 90);
insert into CTYCBaoGia (MaNCC, MaSP, SLSeMua, GiaDaBao, MaYCBaoGia) values ('Road', '63', 31300, 0, 28);
insert into CTYCBaoGia (MaNCC, MaSP, SLSeMua, GiaDaBao, MaYCBaoGia) values ('Road', '37', 23200, 0, 4);
insert into CTYCBaoGia (MaNCC, MaSP, SLSeMua, GiaDaBao, MaYCBaoGia) values ('Hill', '7', 28100, 0, 32);
insert into CTYCBaoGia (MaNCC, MaSP, SLSeMua, GiaDaBao, MaYCBaoGia) values ('Drive', '70', 94400, 0, 54);
insert into CTYCBaoGia (MaNCC, MaSP, SLSeMua, GiaDaBao, MaYCBaoGia) values ('Lane', '43', 67000, 0, 89);
insert into CTYCBaoGia (MaNCC, MaSP, SLSeMua, GiaDaBao, MaYCBaoGia) values ('Point', '71', 39800, 0, 69);
insert into CTYCBaoGia (MaNCC, MaSP, SLSeMua, GiaDaBao, MaYCBaoGia) values ('Street', '50', 43800, 0, 76);
insert into CTYCBaoGia (MaNCC, MaSP, SLSeMua, GiaDaBao, MaYCBaoGia) values ('Alley', '60', 95600, 0, 98);
insert into CTYCBaoGia (MaNCC, MaSP, SLSeMua, GiaDaBao, MaYCBaoGia) values ('Drive', '84', 78100, 0, 8);
insert into CTYCBaoGia (MaNCC, MaSP, SLSeMua, GiaDaBao, MaYCBaoGia) values ('Terrace', '67', 16600, 0, 32);
insert into CTYCBaoGia (MaNCC, MaSP, SLSeMua, GiaDaBao, MaYCBaoGia) values ('Drive', '51', 83900, 0, 56);
insert into CTYCBaoGia (MaNCC, MaSP, SLSeMua, GiaDaBao, MaYCBaoGia) values ('Drive', '51', 40800, 0, 36);
insert into CTYCBaoGia (MaNCC, MaSP, SLSeMua, GiaDaBao, MaYCBaoGia) values ('Hill', '77', 57500, 0, 9);
insert into CTYCBaoGia (MaNCC, MaSP, SLSeMua, GiaDaBao, MaYCBaoGia) values ('Drive', '65', 69600, 0, 97);
insert into CTYCBaoGia (MaNCC, MaSP, SLSeMua, GiaDaBao, MaYCBaoGia) values ('Way', '46', 100000, 0, 20);
insert into CTYCBaoGia (MaNCC, MaSP, SLSeMua, GiaDaBao, MaYCBaoGia) values ('Court', '41', 30200, 85700000, 84);
insert into CTYCBaoGia (MaNCC, MaSP, SLSeMua, GiaDaBao, MaYCBaoGia) values ('Avenue', '61', 77900, 25900000, 67);
insert into CTYCBaoGia (MaNCC, MaSP, SLSeMua, GiaDaBao, MaYCBaoGia) values ('Center', '55', 1300, 0, 47);
insert into CTYCBaoGia (MaNCC, MaSP, SLSeMua, GiaDaBao, MaYCBaoGia) values ('Road', '43', 82200, 0, 18);
insert into CTYCBaoGia (MaNCC, MaSP, SLSeMua, GiaDaBao, MaYCBaoGia) values ('Point', '7', 52500, 0, 92);
insert into CTYCBaoGia (MaNCC, MaSP, SLSeMua, GiaDaBao, MaYCBaoGia) values ('Drive', '100', 2000, 92300000, 48);
insert into CTYCBaoGia (MaNCC, MaSP, SLSeMua, GiaDaBao, MaYCBaoGia) values ('Center', '64', 74800, 0, 65);
insert into CTYCBaoGia (MaNCC, MaSP, SLSeMua, GiaDaBao, MaYCBaoGia) values ('Circle', '46', 16700, 0, 49);
insert into CTYCBaoGia (MaNCC, MaSP, SLSeMua, GiaDaBao, MaYCBaoGia) values ('Circle', '31', 66700, 0, 22);
insert into CTYCBaoGia (MaNCC, MaSP, SLSeMua, GiaDaBao, MaYCBaoGia) values ('Way', '46', 85600, 0, 59);
insert into CTYCBaoGia (MaNCC, MaSP, SLSeMua, GiaDaBao, MaYCBaoGia) values ('Avenue', '57', 1500, 0, 75);
insert into CTYCBaoGia (MaNCC, MaSP, SLSeMua, GiaDaBao, MaYCBaoGia) values ('Crossing', '28', 52500, 0, 21);
insert into CTYCBaoGia (MaNCC, MaSP, SLSeMua, GiaDaBao, MaYCBaoGia) values ('Center', '26', 42200, 0, 31);
insert into CTYCBaoGia (MaNCC, MaSP, SLSeMua, GiaDaBao, MaYCBaoGia) values ('Crossing', '72', 49200, 0, 7);
insert into CTYCBaoGia (MaNCC, MaSP, SLSeMua, GiaDaBao, MaYCBaoGia) values ('Place', '98', 11300, 0, 3);
insert into CTYCBaoGia (MaNCC, MaSP, SLSeMua, GiaDaBao, MaYCBaoGia) values ('Center', '3', 13500, 0, 96);
insert into CTYCBaoGia (MaNCC, MaSP, SLSeMua, GiaDaBao, MaYCBaoGia) values ('Way', '37', 59600, 0, 37);
insert into CTYCBaoGia (MaNCC, MaSP, SLSeMua, GiaDaBao, MaYCBaoGia) values ('Point', '66', 96000, 0, 11);
insert into CTYCBaoGia (MaNCC, MaSP, SLSeMua, GiaDaBao, MaYCBaoGia) values ('Road', '54', 43100, 27600000, 82);
insert into CTYCBaoGia (MaNCC, MaSP, SLSeMua, GiaDaBao, MaYCBaoGia) values ('Hill', '65', 18100, 53800000, 45);
insert into CTYCBaoGia (MaNCC, MaSP, SLSeMua, GiaDaBao, MaYCBaoGia) values ('Place', '49', 51900, 55500000, 56);
insert into CTYCBaoGia (MaNCC, MaSP, SLSeMua, GiaDaBao, MaYCBaoGia) values ('Plaza', '72', 88600, 0, 2);
insert into CTYCBaoGia (MaNCC, MaSP, SLSeMua, GiaDaBao, MaYCBaoGia) values ('Drive', '65', 93300, 0, 25);
insert into CTYCBaoGia (MaNCC, MaSP, SLSeMua, GiaDaBao, MaYCBaoGia) values ('Hill', '77', 9700, 0, 39);
insert into CTYCBaoGia (MaNCC, MaSP, SLSeMua, GiaDaBao, MaYCBaoGia) values ('Center', '49', 50800, 0, 24);
insert into CTYCBaoGia (MaNCC, MaSP, SLSeMua, GiaDaBao, MaYCBaoGia) values ('Court', '41', 28100, 0, 83);
insert into CTYCBaoGia (MaNCC, MaSP, SLSeMua, GiaDaBao, MaYCBaoGia) values ('Hill', '13', 34300, 0, 67);
insert into CTYCBaoGia (MaNCC, MaSP, SLSeMua, GiaDaBao, MaYCBaoGia) values ('Hill', '65', 11300, 0, 55);
insert into CTYCBaoGia (MaNCC, MaSP, SLSeMua, GiaDaBao, MaYCBaoGia) values ('Road', '43', 68200, 0, 37);
insert into CTYCBaoGia (MaNCC, MaSP, SLSeMua, GiaDaBao, MaYCBaoGia) values ('Place', '65', 57900, 0, 19);
insert into CTYCBaoGia (MaNCC, MaSP, SLSeMua, GiaDaBao, MaYCBaoGia) values ('Street', '24', 97800, 0, 47);
insert into CTYCBaoGia (MaNCC, MaSP, SLSeMua, GiaDaBao, MaYCBaoGia) values ('Avenue', '76', 62400, 0, 52);
insert into CTYCBaoGia (MaNCC, MaSP, SLSeMua, GiaDaBao, MaYCBaoGia) values ('Court', '40', 45700, 97300000, 80);
insert into CTYCBaoGia (MaNCC, MaSP, SLSeMua, GiaDaBao, MaYCBaoGia) values ('Junction', '69', 11500, 1000000, 43);
insert into CTYCBaoGia (MaNCC, MaSP, SLSeMua, GiaDaBao, MaYCBaoGia) values ('Alley', '60', 14000, 0, 61);
insert into CTYCBaoGia (MaNCC, MaSP, SLSeMua, GiaDaBao, MaYCBaoGia) values ('Lane', '48', 60700, 0, 88);
insert into CTYCBaoGia (MaNCC, MaSP, SLSeMua, GiaDaBao, MaYCBaoGia) values ('Place', '98', 93900, 0, 54);
insert into CTYCBaoGia (MaNCC, MaSP, SLSeMua, GiaDaBao, MaYCBaoGia) values ('Way', '99', 80100, 0, 56);
insert into CTYCBaoGia (MaNCC, MaSP, SLSeMua, GiaDaBao, MaYCBaoGia) values ('Park', '96', 5300, 0, 4);
insert into CTYCBaoGia (MaNCC, MaSP, SLSeMua, GiaDaBao, MaYCBaoGia) values ('Center', '7', 18300, 0, 37);
insert into CTYCBaoGia (MaNCC, MaSP, SLSeMua, GiaDaBao, MaYCBaoGia) values ('Park', '37', 9500, 0, 58);
insert into CTYCBaoGia (MaNCC, MaSP, SLSeMua, GiaDaBao, MaYCBaoGia) values ('Drive', '44', 26900, 0, 75);
insert into CTYCBaoGia (MaNCC, MaSP, SLSeMua, GiaDaBao, MaYCBaoGia) values ('Center', '95', 55300, 0, 46);
insert into CTYCBaoGia (MaNCC, MaSP, SLSeMua, GiaDaBao, MaYCBaoGia) values ('Lane', '46', 33100, 0, 22);
insert into CTYCBaoGia (MaNCC, MaSP, SLSeMua, GiaDaBao, MaYCBaoGia) values ('Point', '7', 99700, 0, 30);
insert into CTYCBaoGia (MaNCC, MaSP, SLSeMua, GiaDaBao, MaYCBaoGia) values ('Lane', '24', 20700, 0, 53);
insert into CTYCBaoGia (MaNCC, MaSP, SLSeMua, GiaDaBao, MaYCBaoGia) values ('Point', '40', 42300, 0, 50);
insert into CTYCBaoGia (MaNCC, MaSP, SLSeMua, GiaDaBao, MaYCBaoGia) values ('Place', '3', 20000, 8500000, 52);
insert into CTYCBaoGia (MaNCC, MaSP, SLSeMua, GiaDaBao, MaYCBaoGia) values ('Road', '32', 5900, 80000000, 61);
insert into CTYCBaoGia (MaNCC, MaSP, SLSeMua, GiaDaBao, MaYCBaoGia) values ('Avenue', '57', 97600, 0, 78);
insert into CTYCBaoGia (MaNCC, MaSP, SLSeMua, GiaDaBao, MaYCBaoGia) values ('Crossing', '67', 81700, 0, 74);
insert into CTYCBaoGia (MaNCC, MaSP, SLSeMua, GiaDaBao, MaYCBaoGia) values ('Drive', '74', 4200, 0, 5);
insert into CTYCBaoGia (MaNCC, MaSP, SLSeMua, GiaDaBao, MaYCBaoGia) values ('Avenue', '57', 52600, 0, 41);
insert into CTYCBaoGia (MaNCC, MaSP, SLSeMua, GiaDaBao, MaYCBaoGia) values ('Place', '14', 84300, 0, 53);
insert into CTYCBaoGia (MaNCC, MaSP, SLSeMua, GiaDaBao, MaYCBaoGia) values ('Center', '64', 68900, 0, 89);
insert into CTYCBaoGia (MaNCC, MaSP, SLSeMua, GiaDaBao, MaYCBaoGia) values ('Drive', '70', 49900, 0, 89);
insert into CTYCBaoGia (MaNCC, MaSP, SLSeMua, GiaDaBao, MaYCBaoGia) values ('Drive', '29', 68300, 0, 88);
insert into CTYCBaoGia (MaNCC, MaSP, SLSeMua, GiaDaBao, MaYCBaoGia) values ('Place', '55', 14400, 0, 73);
insert into CTYCBaoGia (MaNCC, MaSP, SLSeMua, GiaDaBao, MaYCBaoGia) values ('Place', '98', 81000, 0, 23);
insert into CTYCBaoGia (MaNCC, MaSP, SLSeMua, GiaDaBao, MaYCBaoGia) values ('Drive', '4', 57900, 0, 80);
insert into CTYCBaoGia (MaNCC, MaSP, SLSeMua, GiaDaBao, MaYCBaoGia) values ('Crossing', '93', 8600, 48900000, 66);
insert into CTYCBaoGia (MaNCC, MaSP, SLSeMua, GiaDaBao, MaYCBaoGia) values ('Park', '37', 98400, 0, 100);
insert into CTYCBaoGia (MaNCC, MaSP, SLSeMua, GiaDaBao, MaYCBaoGia) values ('Hill', '48', 64400, 0, 92);
insert into CTYCBaoGia (MaNCC, MaSP, SLSeMua, GiaDaBao, MaYCBaoGia) values ('Alley', '2', 55900, 0, 91);
insert into CTYCBaoGia (MaNCC, MaSP, SLSeMua, GiaDaBao, MaYCBaoGia) values ('Pass', '8', 9700, 0, 35);
insert into CTYCBaoGia (MaNCC, MaSP, SLSeMua, GiaDaBao, MaYCBaoGia) values ('Center', '7', 67300, 0, 25);
insert into CTYCBaoGia (MaNCC, MaSP, SLSeMua, GiaDaBao, MaYCBaoGia) values ('Lane', '46', 2600, 0, 76);
insert into CTYCBaoGia (MaNCC, MaSP, SLSeMua, GiaDaBao, MaYCBaoGia) values ('Trail', '14', 79600, 0, 34);
insert into CTYCBaoGia (MaNCC, MaSP, SLSeMua, GiaDaBao, MaYCBaoGia) values ('Pass', '8', 41500, 0, 13);
insert into CTYCBaoGia (MaNCC, MaSP, SLSeMua, GiaDaBao, MaYCBaoGia) values ('Pass', '6', 99900, 0, 88);
insert into CTYCBaoGia (MaNCC, MaSP, SLSeMua, GiaDaBao, MaYCBaoGia) values ('Alley', '11', 50000, 0, 74);
insert into CTYCBaoGia (MaNCC, MaSP, SLSeMua, GiaDaBao, MaYCBaoGia) values ('Drive', '1', 31900, 0, 98);
insert into CTYCBaoGia (MaNCC, MaSP, SLSeMua, GiaDaBao, MaYCBaoGia) values ('Center', '64', 11400, 97000000, 46);
insert into CTYCBaoGia (MaNCC, MaSP, SLSeMua, GiaDaBao, MaYCBaoGia) values ('Crossing', '24', 30500, 0, 28);
insert into CTYCBaoGia (MaNCC, MaSP, SLSeMua, GiaDaBao, MaYCBaoGia) values ('Circle', '46', 80400, 0, 69);
insert into CTYCBaoGia (MaNCC, MaSP, SLSeMua, GiaDaBao, MaYCBaoGia) values ('Lane', '69', 22800, 93900000, 47);
insert into CTYCBaoGia (MaNCC, MaSP, SLSeMua, GiaDaBao, MaYCBaoGia) values ('Way', '42', 62900, 0, 76);
insert into CTYCBaoGia (MaNCC, MaSP, SLSeMua, GiaDaBao, MaYCBaoGia) values ('Avenue', '57', 85700, 0, 1);
insert into CTYCBaoGia (MaNCC, MaSP, SLSeMua, GiaDaBao, MaYCBaoGia) values ('Avenue', '74', 98000, 0, 4);
insert into CTYCBaoGia (MaNCC, MaSP, SLSeMua, GiaDaBao, MaYCBaoGia) values ('Place', '85', 98400, 0, 73);
insert into CTYCBaoGia (MaNCC, MaSP, SLSeMua, GiaDaBao, MaYCBaoGia) values ('Pass', '87', 23900, 0, 20);
insert into CTYCBaoGia (MaNCC, MaSP, SLSeMua, GiaDaBao, MaYCBaoGia) values ('Street', '38', 98300, 0, 82);
insert into CTYCBaoGia (MaNCC, MaSP, SLSeMua, GiaDaBao, MaYCBaoGia) values ('Hill', '76', 95000, 0, 34);
insert into CTYCBaoGia (MaNCC, MaSP, SLSeMua, GiaDaBao, MaYCBaoGia) values ('Junction', '37', 73400, 0, 30);
insert into CTYCBaoGia (MaNCC, MaSP, SLSeMua, GiaDaBao, MaYCBaoGia) values ('Way', '48', 33500, 8800000, 35);
insert into CTYCBaoGia (MaNCC, MaSP, SLSeMua, GiaDaBao, MaYCBaoGia) values ('Place', '20', 66200, 0, 76);
insert into CTYCBaoGia (MaNCC, MaSP, SLSeMua, GiaDaBao, MaYCBaoGia) values ('Lane', '62', 46700, 0, 27);
insert into CTYCBaoGia (MaNCC, MaSP, SLSeMua, GiaDaBao, MaYCBaoGia) values ('Park', '67', 67200, 20200000, 93);
insert into CTYCBaoGia (MaNCC, MaSP, SLSeMua, GiaDaBao, MaYCBaoGia) values ('Avenue', '30', 2600, 86400000, 10);
insert into CTYCBaoGia (MaNCC, MaSP, SLSeMua, GiaDaBao, MaYCBaoGia) values ('Place', '46', 85600, 0, 91);
insert into CTYCBaoGia (MaNCC, MaSP, SLSeMua, GiaDaBao, MaYCBaoGia) values ('Alley', '2', 44100, 0, 100);
insert into CTYCBaoGia (MaNCC, MaSP, SLSeMua, GiaDaBao, MaYCBaoGia) values ('Drive', '87', 27400, 0, 74);
insert into CTYCBaoGia (MaNCC, MaSP, SLSeMua, GiaDaBao, MaYCBaoGia) values ('Center', '65', 51900, 0, 5);
insert into CTYCBaoGia (MaNCC, MaSP, SLSeMua, GiaDaBao, MaYCBaoGia) values ('Avenue', '57', 54200, 0, 96);
insert into CTYCBaoGia (MaNCC, MaSP, SLSeMua, GiaDaBao, MaYCBaoGia) values ('Center', '79', 40200, 0, 24);
insert into CTYCBaoGia (MaNCC, MaSP, SLSeMua, GiaDaBao, MaYCBaoGia) values ('Place', '3', 50300, 0, 90);
insert into CTYCBaoGia (MaNCC, MaSP, SLSeMua, GiaDaBao, MaYCBaoGia) values ('Court', '75', 75400, 0, 56);
insert into CTYCBaoGia (MaNCC, MaSP, SLSeMua, GiaDaBao, MaYCBaoGia) values ('Park', '96', 40600, 0, 77);
insert into CTYCBaoGia (MaNCC, MaSP, SLSeMua, GiaDaBao, MaYCBaoGia) values ('Crossing', '72', 77700, 0, 78);
insert into CTYCBaoGia (MaNCC, MaSP, SLSeMua, GiaDaBao, MaYCBaoGia) values ('Pass', '23', 37400, 0, 22);
insert into CTYCBaoGia (MaNCC, MaSP, SLSeMua, GiaDaBao, MaYCBaoGia) values ('Court', '41', 88500, 0, 57);
insert into CTYCBaoGia (MaNCC, MaSP, SLSeMua, GiaDaBao, MaYCBaoGia) values ('Center', '8', 48000, 0, 54);
insert into CTYCBaoGia (MaNCC, MaSP, SLSeMua, GiaDaBao, MaYCBaoGia) values ('Center', '79', 28400, 0, 6);
insert into CTYCBaoGia (MaNCC, MaSP, SLSeMua, GiaDaBao, MaYCBaoGia) values ('Plaza', '81', 45100, 0, 100);
insert into CTYCBaoGia (MaNCC, MaSP, SLSeMua, GiaDaBao, MaYCBaoGia) values ('Alley', '94', 83400, 0, 89);
insert into CTYCBaoGia (MaNCC, MaSP, SLSeMua, GiaDaBao, MaYCBaoGia) values ('Pass', '71', 10400, 0, 71);
insert into CTYCBaoGia (MaNCC, MaSP, SLSeMua, GiaDaBao, MaYCBaoGia) values ('Plaza', '59', 44100, 0, 74);
insert into CTYCBaoGia (MaNCC, MaSP, SLSeMua, GiaDaBao, MaYCBaoGia) values ('Junction', '64', 50100, 0, 53);
insert into CTYCBaoGia (MaNCC, MaSP, SLSeMua, GiaDaBao, MaYCBaoGia) values ('Lane', '46', 17000, 0, 77);
insert into CTYCBaoGia (MaNCC, MaSP, SLSeMua, GiaDaBao, MaYCBaoGia) values ('Road', '2', 32800, 46600000, 31);
insert into CTYCBaoGia (MaNCC, MaSP, SLSeMua, GiaDaBao, MaYCBaoGia) values ('Junction', '54', 55900, 0, 96);
insert into CTYCBaoGia (MaNCC, MaSP, SLSeMua, GiaDaBao, MaYCBaoGia) values ('Circle', '30', 9400, 0, 81);
insert into CTYCBaoGia (MaNCC, MaSP, SLSeMua, GiaDaBao, MaYCBaoGia) values ('Place', '14', 95900, 97400000, 64);
insert into CTYCBaoGia (MaNCC, MaSP, SLSeMua, GiaDaBao, MaYCBaoGia) values ('Hill', '90', 61900, 0, 95);
insert into CTYCBaoGia (MaNCC, MaSP, SLSeMua, GiaDaBao, MaYCBaoGia) values ('Center', '3', 11400, 0, 66);
insert into CTYCBaoGia (MaNCC, MaSP, SLSeMua, GiaDaBao, MaYCBaoGia) values ('Road', '35', 67000, 0, 92);
insert into CTYCBaoGia (MaNCC, MaSP, SLSeMua, GiaDaBao, MaYCBaoGia) values ('Road', '2', 83000, 0, 26);
insert into CTYCBaoGia (MaNCC, MaSP, SLSeMua, GiaDaBao, MaYCBaoGia) values ('Street', '23', 30700, 0, 78);
insert into CTYCBaoGia (MaNCC, MaSP, SLSeMua, GiaDaBao, MaYCBaoGia) values ('Park', '7', 44700, 0, 52);
insert into CTYCBaoGia (MaNCC, MaSP, SLSeMua, GiaDaBao, MaYCBaoGia) values ('Pass', '71', 95200, 0, 80);
insert into CTYCBaoGia (MaNCC, MaSP, SLSeMua, GiaDaBao, MaYCBaoGia) values ('Drive', '70', 8900, 0, 22);
insert into CTYCBaoGia (MaNCC, MaSP, SLSeMua, GiaDaBao, MaYCBaoGia) values ('Drive', '86', 17900, 0, 21);
insert into CTYCBaoGia (MaNCC, MaSP, SLSeMua, GiaDaBao, MaYCBaoGia) values ('Center', '64', 98100, 0, 36);
insert into CTYCBaoGia (MaNCC, MaSP, SLSeMua, GiaDaBao, MaYCBaoGia) values ('Center', '64', 73100, 0, 25);
insert into CTYCBaoGia (MaNCC, MaSP, SLSeMua, GiaDaBao, MaYCBaoGia) values ('Road', '35', 64400, 0, 53);
insert into CTYCBaoGia (MaNCC, MaSP, SLSeMua, GiaDaBao, MaYCBaoGia) values ('Drive', '75', 48100, 0, 56);
insert into CTYCBaoGia (MaNCC, MaSP, SLSeMua, GiaDaBao, MaYCBaoGia) values ('Park', '96', 58300, 0, 4);
insert into CTYCBaoGia (MaNCC, MaSP, SLSeMua, GiaDaBao, MaYCBaoGia) values ('Plaza', '81', 51500, 0, 45);
insert into CTYCBaoGia (MaNCC, MaSP, SLSeMua, GiaDaBao, MaYCBaoGia) values ('Lane', '24', 3100, 0, 48);
insert into CTYCBaoGia (MaNCC, MaSP, SLSeMua, GiaDaBao, MaYCBaoGia) values ('Lane', '77', 40600, 0, 91);
insert into CTYCBaoGia (MaNCC, MaSP, SLSeMua, GiaDaBao, MaYCBaoGia) values ('Plaza', '81', 58400, 0, 92);
insert into CTYCBaoGia (MaNCC, MaSP, SLSeMua, GiaDaBao, MaYCBaoGia) values ('Crossing', '44', 41600, 7400000, 20);
insert into CTYCBaoGia (MaNCC, MaSP, SLSeMua, GiaDaBao, MaYCBaoGia) values ('Lane', '46', 51900, 0, 42);
insert into CTYCBaoGia (MaNCC, MaSP, SLSeMua, GiaDaBao, MaYCBaoGia) values ('Court', '41', 40500, 0, 77);
insert into CTYCBaoGia (MaNCC, MaSP, SLSeMua, GiaDaBao, MaYCBaoGia) values ('Center', '31', 5900, 0, 46);
insert into CTYCBaoGia (MaNCC, MaSP, SLSeMua, GiaDaBao, MaYCBaoGia) values ('Drive', '29', 84800, 0, 83);
insert into CTYCBaoGia (MaNCC, MaSP, SLSeMua, GiaDaBao, MaYCBaoGia) values ('Road', '2', 63100, 0, 38);
insert into CTYCBaoGia (MaNCC, MaSP, SLSeMua, GiaDaBao, MaYCBaoGia) values ('Lane', '62', 52500, 0, 17);
insert into CTYCBaoGia (MaNCC, MaSP, SLSeMua, GiaDaBao, MaYCBaoGia) values ('Center', '14', 33600, 0, 94);
insert into CTYCBaoGia (MaNCC, MaSP, SLSeMua, GiaDaBao, MaYCBaoGia) values ('Drive', '1', 86900, 0, 54);
insert into CTYCBaoGia (MaNCC, MaSP, SLSeMua, GiaDaBao, MaYCBaoGia) values ('Pass', '8', 37200, 0, 83);
insert into CTYCBaoGia (MaNCC, MaSP, SLSeMua, GiaDaBao, MaYCBaoGia) values ('Drive', '75', 58900, 0, 71);
insert into CTYCBaoGia (MaNCC, MaSP, SLSeMua, GiaDaBao, MaYCBaoGia) values ('Drive', '4', 23800, 0, 28);
insert into CTYCBaoGia (MaNCC, MaSP, SLSeMua, GiaDaBao, MaYCBaoGia) values ('Lane', '32', 82400, 0, 18);
insert into CTYCBaoGia (MaNCC, MaSP, SLSeMua, GiaDaBao, MaYCBaoGia) values ('Place', '65', 12600, 0, 38);
insert into CTYCBaoGia (MaNCC, MaSP, SLSeMua, GiaDaBao, MaYCBaoGia) values ('Center', '83', 37800, 0, 88);
insert into CTYCBaoGia (MaNCC, MaSP, SLSeMua, GiaDaBao, MaYCBaoGia) values ('Terrace', '67', 1500, 0, 23);
insert into CTYCBaoGia (MaNCC, MaSP, SLSeMua, GiaDaBao, MaYCBaoGia) values ('Pass', '6', 85500, 0, 15);
insert into CTYCBaoGia (MaNCC, MaSP, SLSeMua, GiaDaBao, MaYCBaoGia) values ('Place', '98', 88400, 0, 98);
insert into CTYCBaoGia (MaNCC, MaSP, SLSeMua, GiaDaBao, MaYCBaoGia) values ('Point', '8', 75900, 0, 5);
insert into CTYCBaoGia (MaNCC, MaSP, SLSeMua, GiaDaBao, MaYCBaoGia) values ('Road', '29', 86400, 5400000, 38);
insert into CTYCBaoGia (MaNCC, MaSP, SLSeMua, GiaDaBao, MaYCBaoGia) values ('Avenue', '76', 7400, 0, 39);
insert into CTYCBaoGia (MaNCC, MaSP, SLSeMua, GiaDaBao, MaYCBaoGia) values ('Plaza', '96', 30400, 50000000, 5);
insert into CTYCBaoGia (MaNCC, MaSP, SLSeMua, GiaDaBao, MaYCBaoGia) values ('Road', '32', 43700, 97200000, 41);
insert into CTYCBaoGia (MaNCC, MaSP, SLSeMua, GiaDaBao, MaYCBaoGia) values ('Road', '7', 72600, 48200000, 50);
insert into CTYCBaoGia (MaNCC, MaSP, SLSeMua, GiaDaBao, MaYCBaoGia) values ('Avenue', '10', 35700, 0, 55);
insert into CTYCBaoGia (MaNCC, MaSP, SLSeMua, GiaDaBao, MaYCBaoGia) values ('Road', '46', 73900, 0, 53);
insert into CTYCBaoGia (MaNCC, MaSP, SLSeMua, GiaDaBao, MaYCBaoGia) values ('Lane', '43', 14100, 0, 23);
insert into CTYCBaoGia (MaNCC, MaSP, SLSeMua, GiaDaBao, MaYCBaoGia) values ('Junction', '69', 2500, 0, 99);
insert into CTYCBaoGia (MaNCC, MaSP, SLSeMua, GiaDaBao, MaYCBaoGia) values ('Junction', '64', 69100, 0, 55);
insert into CTYCBaoGia (MaNCC, MaSP, SLSeMua, GiaDaBao, MaYCBaoGia) values ('Drive', '4', 84000, 79000000, 13);
insert into CTYCBaoGia (MaNCC, MaSP, SLSeMua, GiaDaBao, MaYCBaoGia) values ('Lane', '46', 57600, 0, 37);
insert into CTYCBaoGia (MaNCC, MaSP, SLSeMua, GiaDaBao, MaYCBaoGia) values ('Drive', '51', 81600, 0, 3);
insert into CTYCBaoGia (MaNCC, MaSP, SLSeMua, GiaDaBao, MaYCBaoGia) values ('Park', '96', 62300, 0, 22);
insert into CTYCBaoGia (MaNCC, MaSP, SLSeMua, GiaDaBao, MaYCBaoGia) values ('Drive', '31', 91500, 0, 50);
insert into CTYCBaoGia (MaNCC, MaSP, SLSeMua, GiaDaBao, MaYCBaoGia) values ('Center', '79', 61300, 0, 52);
insert into CTYCBaoGia (MaNCC, MaSP, SLSeMua, GiaDaBao, MaYCBaoGia) values ('Road', '37', 92400, 0, 25);
insert into CTYCBaoGia (MaNCC, MaSP, SLSeMua, GiaDaBao, MaYCBaoGia) values ('Plaza', '72', 67500, 0, 44);
insert into CTYCBaoGia (MaNCC, MaSP, SLSeMua, GiaDaBao, MaYCBaoGia) values ('Point', '7', 92000, 0, 99);
insert into CTYCBaoGia (MaNCC, MaSP, SLSeMua, GiaDaBao, MaYCBaoGia) values ('Junction', '73', 35200, 0, 77);
insert into CTYCBaoGia (MaNCC, MaSP, SLSeMua, GiaDaBao, MaYCBaoGia) values ('Hill', '70', 41800, 0, 70);
insert into CTYCBaoGia (MaNCC, MaSP, SLSeMua, GiaDaBao, MaYCBaoGia) values ('Road', '63', 60000, 0, 48);
insert into CTYCBaoGia (MaNCC, MaSP, SLSeMua, GiaDaBao, MaYCBaoGia) values ('Hill', '10', 61500, 0, 48);
insert into CTYCBaoGia (MaNCC, MaSP, SLSeMua, GiaDaBao, MaYCBaoGia) values ('Center', '49', 82000, 90400000, 56);
insert into CTYCBaoGia (MaNCC, MaSP, SLSeMua, GiaDaBao, MaYCBaoGia) values ('Street', '38', 14800, 0, 100);
insert into CTYCBaoGia (MaNCC, MaSP, SLSeMua, GiaDaBao, MaYCBaoGia) values ('Pass', '71', 32800, 0, 72);
insert into CTYCBaoGia (MaNCC, MaSP, SLSeMua, GiaDaBao, MaYCBaoGia) values ('Plaza', '96', 48500, 0, 76);
insert into CTYCBaoGia (MaNCC, MaSP, SLSeMua, GiaDaBao, MaYCBaoGia) values ('Street', '28', 7800, 0, 9);
insert into CTYCBaoGia (MaNCC, MaSP, SLSeMua, GiaDaBao, MaYCBaoGia) values ('Way', '11', 86300, 9600000, 43);
insert into CTYCBaoGia (MaNCC, MaSP, SLSeMua, GiaDaBao, MaYCBaoGia) values ('Hill', '10', 69500, 0, 1);
insert into CTYCBaoGia (MaNCC, MaSP, SLSeMua, GiaDaBao, MaYCBaoGia) values ('Pass', '41', 22600, 0, 90);
insert into CTYCBaoGia (MaNCC, MaSP, SLSeMua, GiaDaBao, MaYCBaoGia) values ('Point', '71', 900, 83300000, 90);
insert into CTYCBaoGia (MaNCC, MaSP, SLSeMua, GiaDaBao, MaYCBaoGia) values ('Alley', '62', 51200, 0, 58);
insert into CTYCBaoGia (MaNCC, MaSP, SLSeMua, GiaDaBao, MaYCBaoGia) values ('Court', '40', 64600, 0, 29);
insert into CTYCBaoGia (MaNCC, MaSP, SLSeMua, GiaDaBao, MaYCBaoGia) values ('Alley', '94', 55400, 0, 76);
insert into CTYCBaoGia (MaNCC, MaSP, SLSeMua, GiaDaBao, MaYCBaoGia) values ('Point', '40', 36100, 19400000, 47);
insert into CTYCBaoGia (MaNCC, MaSP, SLSeMua, GiaDaBao, MaYCBaoGia) values ('Way', '46', 85400, 0, 13);
insert into CTYCBaoGia (MaNCC, MaSP, SLSeMua, GiaDaBao, MaYCBaoGia) values ('Avenue', '74', 1000, 0, 58);
insert into CTYCBaoGia (MaNCC, MaSP, SLSeMua, GiaDaBao, MaYCBaoGia) values ('Alley', '11', 2100, 63000000, 8);
insert into CTYCBaoGia (MaNCC, MaSP, SLSeMua, GiaDaBao, MaYCBaoGia) values ('Court', '75', 1800, 0, 31);
insert into CTYCBaoGia (MaNCC, MaSP, SLSeMua, GiaDaBao, MaYCBaoGia) values ('Court', '40', 56700, 0, 46);
insert into CTYCBaoGia (MaNCC, MaSP, SLSeMua, GiaDaBao, MaYCBaoGia) values ('Junction', '69', 5300, 62600000, 80);
insert into CTYCBaoGia (MaNCC, MaSP, SLSeMua, GiaDaBao, MaYCBaoGia) values ('Drive', '93', 14300, 0, 94);
insert into CTYCBaoGia (MaNCC, MaSP, SLSeMua, GiaDaBao, MaYCBaoGia) values ('Lane', '91', 58000, 18900000, 70);
insert into CTYCBaoGia (MaNCC, MaSP, SLSeMua, GiaDaBao, MaYCBaoGia) values ('Alley', '21', 10000, 0, 7);
insert into CTYCBaoGia (MaNCC, MaSP, SLSeMua, GiaDaBao, MaYCBaoGia) values ('Pass', '64', 23500, 3700000, 56);
insert into CTYCBaoGia (MaNCC, MaSP, SLSeMua, GiaDaBao, MaYCBaoGia) values ('Junction', '54', 23600, 0, 43);
insert into CTYCBaoGia (MaNCC, MaSP, SLSeMua, GiaDaBao, MaYCBaoGia) values ('Center', '22', 41300, 0, 52);
insert into CTYCBaoGia (MaNCC, MaSP, SLSeMua, GiaDaBao, MaYCBaoGia) values ('Drive', '4', 54000, 0, 82);
insert into CTYCBaoGia (MaNCC, MaSP, SLSeMua, GiaDaBao, MaYCBaoGia) values ('Street', '23', 21100, 0, 81);
insert into CTYCBaoGia (MaNCC, MaSP, SLSeMua, GiaDaBao, MaYCBaoGia) values ('Drive', '51', 89000, 0, 85);
insert into CTYCBaoGia (MaNCC, MaSP, SLSeMua, GiaDaBao, MaYCBaoGia) values ('Place', '46', 100000, 0, 9);
insert into CTYCBaoGia (MaNCC, MaSP, SLSeMua, GiaDaBao, MaYCBaoGia) values ('Drive', '93', 45200, 0, 58);
insert into CTYCBaoGia (MaNCC, MaSP, SLSeMua, GiaDaBao, MaYCBaoGia) values ('Pass', '26', 78600, 0, 19);
insert into CTYCBaoGia (MaNCC, MaSP, SLSeMua, GiaDaBao, MaYCBaoGia) values ('Junction', '76', 78500, 0, 81);
insert into CTYCBaoGia (MaNCC, MaSP, SLSeMua, GiaDaBao, MaYCBaoGia) values ('Pass', '23', 63200, 41800000, 83);
insert into CTYCBaoGia (MaNCC, MaSP, SLSeMua, GiaDaBao, MaYCBaoGia) values ('Avenue', '10', 71700, 0, 7);
insert into CTYCBaoGia (MaNCC, MaSP, SLSeMua, GiaDaBao, MaYCBaoGia) values ('Drive', '4', 58400, 0, 1);
insert into CTYCBaoGia (MaNCC, MaSP, SLSeMua, GiaDaBao, MaYCBaoGia) values ('Way', '99', 37200, 0, 78);
insert into CTYCBaoGia (MaNCC, MaSP, SLSeMua, GiaDaBao, MaYCBaoGia) values ('Point', '40', 33000, 0, 88);
insert into CTYCBaoGia (MaNCC, MaSP, SLSeMua, GiaDaBao, MaYCBaoGia) values ('Circle', '75', 51100, 0, 29);
insert into CTYCBaoGia (MaNCC, MaSP, SLSeMua, GiaDaBao, MaYCBaoGia) values ('Crossing', '83', 40700, 0, 4);
insert into CTYCBaoGia (MaNCC, MaSP, SLSeMua, GiaDaBao, MaYCBaoGia) values ('Lane', '89', 29600, 0, 67);
insert into CTYCBaoGia (MaNCC, MaSP, SLSeMua, GiaDaBao, MaYCBaoGia) values ('Lane', '43', 51300, 84000000, 69);
insert into CTYCBaoGia (MaNCC, MaSP, SLSeMua, GiaDaBao, MaYCBaoGia) values ('Place', '20', 51800, 0, 87);
insert into CTYCBaoGia (MaNCC, MaSP, SLSeMua, GiaDaBao, MaYCBaoGia) values ('Drive', '87', 34600, 0, 24);
insert into CTYCBaoGia (MaNCC, MaSP, SLSeMua, GiaDaBao, MaYCBaoGia) values ('Drive', '51', 400, 0, 47);
insert into CTYCBaoGia (MaNCC, MaSP, SLSeMua, GiaDaBao, MaYCBaoGia) values ('Avenue', '78', 70600, 0, 28);
insert into CTYCBaoGia (MaNCC, MaSP, SLSeMua, GiaDaBao, MaYCBaoGia) values ('Road', '32', 31700, 0, 90);
insert into CTYCBaoGia (MaNCC, MaSP, SLSeMua, GiaDaBao, MaYCBaoGia) values ('Drive', '87', 13800, 0, 37);
insert into CTYCBaoGia (MaNCC, MaSP, SLSeMua, GiaDaBao, MaYCBaoGia) values ('Road', '54', 64800, 75300000, 26);
insert into CTYCBaoGia (MaNCC, MaSP, SLSeMua, GiaDaBao, MaYCBaoGia) values ('Trail', '73', 41300, 0, 14);
insert into CTYCBaoGia (MaNCC, MaSP, SLSeMua, GiaDaBao, MaYCBaoGia) values ('Way', '42', 49900, 0, 4);
insert into CTYCBaoGia (MaNCC, MaSP, SLSeMua, GiaDaBao, MaYCBaoGia) values ('Drive', '100', 12200, 0, 78);
insert into CTYCBaoGia (MaNCC, MaSP, SLSeMua, GiaDaBao, MaYCBaoGia) values ('Junction', '96', 34800, 34800000, 38);
insert into CTYCBaoGia (MaNCC, MaSP, SLSeMua, GiaDaBao, MaYCBaoGia) values ('Road', '54', 34300, 0, 69);
insert into CTYCBaoGia (MaNCC, MaSP, SLSeMua, GiaDaBao, MaYCBaoGia) values ('Place', '65', 54100, 0, 52);
insert into CTYCBaoGia (MaNCC, MaSP, SLSeMua, GiaDaBao, MaYCBaoGia) values ('Plaza', '15', 37000, 0, 55);
insert into CTYCBaoGia (MaNCC, MaSP, SLSeMua, GiaDaBao, MaYCBaoGia) values ('Pass', '26', 91500, 0, 52);
insert into CTYCBaoGia (MaNCC, MaSP, SLSeMua, GiaDaBao, MaYCBaoGia) values ('Hill', '48', 63400, 0, 5);
insert into CTYCBaoGia (MaNCC, MaSP, SLSeMua, GiaDaBao, MaYCBaoGia) values ('Road', '43', 48200, 68600000, 68);
insert into CTYCBaoGia (MaNCC, MaSP, SLSeMua, GiaDaBao, MaYCBaoGia) values ('Place', '3', 95900, 0, 12);
insert into CTYCBaoGia (MaNCC, MaSP, SLSeMua, GiaDaBao, MaYCBaoGia) values ('Circle', '75', 76700, 0, 78);
insert into CTYCBaoGia (MaNCC, MaSP, SLSeMua, GiaDaBao, MaYCBaoGia) values ('Lane', '43', 59100, 0, 82);
insert into CTYCBaoGia (MaNCC, MaSP, SLSeMua, GiaDaBao, MaYCBaoGia) values ('Center', '55', 36500, 0, 11);
insert into CTYCBaoGia (MaNCC, MaSP, SLSeMua, GiaDaBao, MaYCBaoGia) values ('Lane', '32', 35400, 0, 65);
insert into CTYCBaoGia (MaNCC, MaSP, SLSeMua, GiaDaBao, MaYCBaoGia) values ('Hill', '70', 69200, 75900000, 21);
insert into CTYCBaoGia (MaNCC, MaSP, SLSeMua, GiaDaBao, MaYCBaoGia) values ('Place', '55', 33100, 0, 12);
insert into CTYCBaoGia (MaNCC, MaSP, SLSeMua, GiaDaBao, MaYCBaoGia) values ('Center', '31', 66400, 0, 87);
insert into CTYCBaoGia (MaNCC, MaSP, SLSeMua, GiaDaBao, MaYCBaoGia) values ('Court', '41', 98700, 0, 31);
insert into CTYCBaoGia (MaNCC, MaSP, SLSeMua, GiaDaBao, MaYCBaoGia) values ('Lane', '32', 52500, 0, 67);
insert into CTYCBaoGia (MaNCC, MaSP, SLSeMua, GiaDaBao, MaYCBaoGia) values ('Terrace', '55', 78400, 0, 65);
insert into CTYCBaoGia (MaNCC, MaSP, SLSeMua, GiaDaBao, MaYCBaoGia) values ('Hill', '7', 93100, 0, 77);
insert into CTYCBaoGia (MaNCC, MaSP, SLSeMua, GiaDaBao, MaYCBaoGia) values ('Alley', '60', 87300, 0, 39);
insert into CTYCBaoGia (MaNCC, MaSP, SLSeMua, GiaDaBao, MaYCBaoGia) values ('Drive', '66', 92100, 17500000, 23);
insert into CTYCBaoGia (MaNCC, MaSP, SLSeMua, GiaDaBao, MaYCBaoGia) values ('Way', '46', 17000, 0, 73);
insert into CTYCBaoGia (MaNCC, MaSP, SLSeMua, GiaDaBao, MaYCBaoGia) values ('Point', '7', 29400, 0, 48);
insert into CTYCBaoGia (MaNCC, MaSP, SLSeMua, GiaDaBao, MaYCBaoGia) values ('Place', '20', 85300, 0, 100);
insert into CTYCBaoGia (MaNCC, MaSP, SLSeMua, GiaDaBao, MaYCBaoGia) values ('Alley', '11', 95000, 0, 53);
insert into CTYCBaoGia (MaNCC, MaSP, SLSeMua, GiaDaBao, MaYCBaoGia) values ('Alley', '68', 72600, 0, 96);
insert into CTYCBaoGia (MaNCC, MaSP, SLSeMua, GiaDaBao, MaYCBaoGia) values ('Hill', '39', 94300, 0, 75);
insert into CTYCBaoGia (MaNCC, MaSP, SLSeMua, GiaDaBao, MaYCBaoGia) values ('Park', '67', 62300, 0, 47);
insert into CTYCBaoGia (MaNCC, MaSP, SLSeMua, GiaDaBao, MaYCBaoGia) values ('Lane', '46', 56200, 39000000, 24);
insert into CTYCBaoGia (MaNCC, MaSP, SLSeMua, GiaDaBao, MaYCBaoGia) values ('Court', '41', 7200, 36400000, 27);
insert into CTYCBaoGia (MaNCC, MaSP, SLSeMua, GiaDaBao, MaYCBaoGia) values ('Place', '69', 97700, 0, 54);
insert into CTYCBaoGia (MaNCC, MaSP, SLSeMua, GiaDaBao, MaYCBaoGia) values ('Terrace', '93', 28500, 0, 100);
insert into CTYCBaoGia (MaNCC, MaSP, SLSeMua, GiaDaBao, MaYCBaoGia) values ('Center', '14', 49600, 0, 61);
insert into CTYCBaoGia (MaNCC, MaSP, SLSeMua, GiaDaBao, MaYCBaoGia) values ('Street', '28', 12400, 0, 70);
insert into CTYCBaoGia (MaNCC, MaSP, SLSeMua, GiaDaBao, MaYCBaoGia) values ('Alley', '21', 1300, 0, 96);
insert into CTYCBaoGia (MaNCC, MaSP, SLSeMua, GiaDaBao, MaYCBaoGia) values ('Hill', '77', 900, 0, 76);
insert into CTYCBaoGia (MaNCC, MaSP, SLSeMua, GiaDaBao, MaYCBaoGia) values ('Crossing', '83', 6500, 0, 23);
insert into CTYCBaoGia (MaNCC, MaSP, SLSeMua, GiaDaBao, MaYCBaoGia) values ('Circle', '46', 11600, 0, 68);
insert into CTYCBaoGia (MaNCC, MaSP, SLSeMua, GiaDaBao, MaYCBaoGia) values ('Drive', '74', 46900, 0, 4);
insert into CTYCBaoGia (MaNCC, MaSP, SLSeMua, GiaDaBao, MaYCBaoGia) values ('Point', '82', 77900, 69600000, 54);
insert into CTYCBaoGia (MaNCC, MaSP, SLSeMua, GiaDaBao, MaYCBaoGia) values ('Road', '82', 98600, 76400000, 52);
insert into CTYCBaoGia (MaNCC, MaSP, SLSeMua, GiaDaBao, MaYCBaoGia) values ('Plaza', '96', 95000, 2300000, 82);
insert into CTYCBaoGia (MaNCC, MaSP, SLSeMua, GiaDaBao, MaYCBaoGia) values ('Road', '6', 30400, 0, 86);
insert into CTYCBaoGia (MaNCC, MaSP, SLSeMua, GiaDaBao, MaYCBaoGia) values ('Way', '92', 93000, 0, 50);
insert into CTYCBaoGia (MaNCC, MaSP, SLSeMua, GiaDaBao, MaYCBaoGia) values ('Crossing', '67', 3300, 0, 44);
insert into CTYCBaoGia (MaNCC, MaSP, SLSeMua, GiaDaBao, MaYCBaoGia) values ('Pass', '64', 49800, 56600000, 87);
insert into CTYCBaoGia (MaNCC, MaSP, SLSeMua, GiaDaBao, MaYCBaoGia) values ('Plaza', '15', 72500, 78800000, 89);
insert into CTYCBaoGia (MaNCC, MaSP, SLSeMua, GiaDaBao, MaYCBaoGia) values ('Place', '49', 14300, 29900000, 56);
insert into CTYCBaoGia (MaNCC, MaSP, SLSeMua, GiaDaBao, MaYCBaoGia) values ('Road', '54', 40000, 0, 49);
insert into CTYCBaoGia (MaNCC, MaSP, SLSeMua, GiaDaBao, MaYCBaoGia) values ('Road', '37', 63600, 40900000, 51);
insert into CTYCBaoGia (MaNCC, MaSP, SLSeMua, GiaDaBao, MaYCBaoGia) values ('Center', '49', 81800, 0, 58);
insert into CTYCBaoGia (MaNCC, MaSP, SLSeMua, GiaDaBao, MaYCBaoGia) values ('Center', '22', 88400, 0, 12);
insert into CTYCBaoGia (MaNCC, MaSP, SLSeMua, GiaDaBao, MaYCBaoGia) values ('Road', '32', 31600, 22500000, 95);
insert into CTYCBaoGia (MaNCC, MaSP, SLSeMua, GiaDaBao, MaYCBaoGia) values ('Drive', '29', 50300, 0, 85);
insert into CTYCBaoGia (MaNCC, MaSP, SLSeMua, GiaDaBao, MaYCBaoGia) values ('Pass', '68', 35800, 0, 69);
insert into CTYCBaoGia (MaNCC, MaSP, SLSeMua, GiaDaBao, MaYCBaoGia) values ('Place', '98', 96700, 0, 4);
insert into CTYCBaoGia (MaNCC, MaSP, SLSeMua, GiaDaBao, MaYCBaoGia) values ('Alley', '11', 47700, 0, 71);
insert into CTYCBaoGia (MaNCC, MaSP, SLSeMua, GiaDaBao, MaYCBaoGia) values ('Road', '2', 8400, 0, 45);
insert into CTYCBaoGia (MaNCC, MaSP, SLSeMua, GiaDaBao, MaYCBaoGia) values ('Hill', '44', 78800, 7600000, 55);
insert into CTYCBaoGia (MaNCC, MaSP, SLSeMua, GiaDaBao, MaYCBaoGia) values ('Lane', '89', 17400, 0, 6);
insert into CTYCBaoGia (MaNCC, MaSP, SLSeMua, GiaDaBao, MaYCBaoGia) values ('Place', '98', 91100, 0, 18);
insert into CTYCBaoGia (MaNCC, MaSP, SLSeMua, GiaDaBao, MaYCBaoGia) values ('Place', '20', 36900, 0, 66);
insert into CTYCBaoGia (MaNCC, MaSP, SLSeMua, GiaDaBao, MaYCBaoGia) values ('Way', '97', 13100, 15900000, 8);
insert into CTYCBaoGia (MaNCC, MaSP, SLSeMua, GiaDaBao, MaYCBaoGia) values ('Way', '46', 86800, 80000000, 3);
insert into CTYCBaoGia (MaNCC, MaSP, SLSeMua, GiaDaBao, MaYCBaoGia) values ('Place', '49', 80600, 0, 39);
insert into CTYCBaoGia (MaNCC, MaSP, SLSeMua, GiaDaBao, MaYCBaoGia) values ('Hill', '48', 62200, 32900000, 40);
insert into CTYCBaoGia (MaNCC, MaSP, SLSeMua, GiaDaBao, MaYCBaoGia) values ('Point', '66', 91500, 0, 69);
insert into CTYCBaoGia (MaNCC, MaSP, SLSeMua, GiaDaBao, MaYCBaoGia) values ('Lane', '77', 49400, 0, 32);
insert into CTYCBaoGia (MaNCC, MaSP, SLSeMua, GiaDaBao, MaYCBaoGia) values ('Junction', '37', 42800, 0, 91);
insert into CTYCBaoGia (MaNCC, MaSP, SLSeMua, GiaDaBao, MaYCBaoGia) values ('Crossing', '96', 90100, 0, 31);
insert into CTYCBaoGia (MaNCC, MaSP, SLSeMua, GiaDaBao, MaYCBaoGia) values ('Road', '82', 20900, 0, 55);
insert into CTYCBaoGia (MaNCC, MaSP, SLSeMua, GiaDaBao, MaYCBaoGia) values ('Lane', '32', 35400, 0, 67);
insert into CTYCBaoGia (MaNCC, MaSP, SLSeMua, GiaDaBao, MaYCBaoGia) values ('Plaza', '72', 88100, 17900000, 59);
insert into CTYCBaoGia (MaNCC, MaSP, SLSeMua, GiaDaBao, MaYCBaoGia) values ('Pass', '87', 56900, 0, 34);
insert into CTYCBaoGia (MaNCC, MaSP, SLSeMua, GiaDaBao, MaYCBaoGia) values ('Alley', '2', 77300, 0, 14);
insert into CTYCBaoGia (MaNCC, MaSP, SLSeMua, GiaDaBao, MaYCBaoGia) values ('Alley', '96', 31900, 0, 94);
insert into CTYCBaoGia (MaNCC, MaSP, SLSeMua, GiaDaBao, MaYCBaoGia) values ('Lane', '48', 67500, 0, 45);
insert into CTYCBaoGia (MaNCC, MaSP, SLSeMua, GiaDaBao, MaYCBaoGia) values ('Drive', '93', 98500, 0, 62);
insert into CTYCBaoGia (MaNCC, MaSP, SLSeMua, GiaDaBao, MaYCBaoGia) values ('Drive', '86', 47100, 0, 95);
insert into CTYCBaoGia (MaNCC, MaSP, SLSeMua, GiaDaBao, MaYCBaoGia) values ('Alley', '60', 98100, 0, 56);
insert into CTYCBaoGia (MaNCC, MaSP, SLSeMua, GiaDaBao, MaYCBaoGia) values ('Point', '7', 87000, 0, 91);
insert into CTYCBaoGia (MaNCC, MaSP, SLSeMua, GiaDaBao, MaYCBaoGia) values ('Pass', '41', 21100, 0, 4);
insert into CTYCBaoGia (MaNCC, MaSP, SLSeMua, GiaDaBao, MaYCBaoGia) values ('Drive', '51', 41500, 0, 98);
insert into CTYCBaoGia (MaNCC, MaSP, SLSeMua, GiaDaBao, MaYCBaoGia) values ('Drive', '100', 91100, 0, 69);
insert into CTYCBaoGia (MaNCC, MaSP, SLSeMua, GiaDaBao, MaYCBaoGia) values ('Center', '49', 57700, 80400000, 86);
insert into CTYCBaoGia (MaNCC, MaSP, SLSeMua, GiaDaBao, MaYCBaoGia) values ('Circle', '30', 74700, 0, 32);
insert into CTYCBaoGia (MaNCC, MaSP, SLSeMua, GiaDaBao, MaYCBaoGia) values ('Hill', '34', 32300, 0, 89);
insert into CTYCBaoGia (MaNCC, MaSP, SLSeMua, GiaDaBao, MaYCBaoGia) values ('Avenue', '78', 90000, 0, 89);
insert into CTYCBaoGia (MaNCC, MaSP, SLSeMua, GiaDaBao, MaYCBaoGia) values ('Circle', '34', 90800, 0, 83);
insert into CTYCBaoGia (MaNCC, MaSP, SLSeMua, GiaDaBao, MaYCBaoGia) values ('Way', '97', 49400, 0, 69);
insert into CTYCBaoGia (MaNCC, MaSP, SLSeMua, GiaDaBao, MaYCBaoGia) values ('Point', '8', 23600, 0, 90);
insert into CTYCBaoGia (MaNCC, MaSP, SLSeMua, GiaDaBao, MaYCBaoGia) values ('Road', '6', 14400, 0, 30);
insert into CTYCBaoGia (MaNCC, MaSP, SLSeMua, GiaDaBao, MaYCBaoGia) values ('Center', '8', 34300, 56300000, 30);
insert into CTYCBaoGia (MaNCC, MaSP, SLSeMua, GiaDaBao, MaYCBaoGia) values ('Pass', '73', 57300, 0, 70);
insert into CTYCBaoGia (MaNCC, MaSP, SLSeMua, GiaDaBao, MaYCBaoGia) values ('Avenue', '57', 40700, 54800000, 76);
insert into CTYCBaoGia (MaNCC, MaSP, SLSeMua, GiaDaBao, MaYCBaoGia) values ('Alley', '63', 43100, 0, 32);
insert into CTYCBaoGia (MaNCC, MaSP, SLSeMua, GiaDaBao, MaYCBaoGia) values ('Avenue', '76', 67300, 0, 68);
insert into CTYCBaoGia (MaNCC, MaSP, SLSeMua, GiaDaBao, MaYCBaoGia) values ('Pass', '75', 13800, 0, 63);
insert into CTYCBaoGia (MaNCC, MaSP, SLSeMua, GiaDaBao, MaYCBaoGia) values ('Junction', '54', 42900, 0, 47);
insert into CTYCBaoGia (MaNCC, MaSP, SLSeMua, GiaDaBao, MaYCBaoGia) values ('Drive', '93', 15200, 0, 56);
insert into CTYCBaoGia (MaNCC, MaSP, SLSeMua, GiaDaBao, MaYCBaoGia) values ('Alley', '60', 29900, 74700000, 48);
insert into CTYCBaoGia (MaNCC, MaSP, SLSeMua, GiaDaBao, MaYCBaoGia) values ('Junction', '54', 3200, 0, 96);
insert into CTYCBaoGia (MaNCC, MaSP, SLSeMua, GiaDaBao, MaYCBaoGia) values ('Park', '96', 81600, 41100000, 96);
insert into CTYCBaoGia (MaNCC, MaSP, SLSeMua, GiaDaBao, MaYCBaoGia) values ('Alley', '63', 2000, 0, 16);
insert into CTYCBaoGia (MaNCC, MaSP, SLSeMua, GiaDaBao, MaYCBaoGia) values ('Park', '7', 37000, 0, 86);
insert into CTYCBaoGia (MaNCC, MaSP, SLSeMua, GiaDaBao, MaYCBaoGia) values ('Plaza', '96', 11900, 57000000, 89);
insert into CTYCBaoGia (MaNCC, MaSP, SLSeMua, GiaDaBao, MaYCBaoGia) values ('Avenue', '30', 43900, 0, 83);
insert into CTYCBaoGia (MaNCC, MaSP, SLSeMua, GiaDaBao, MaYCBaoGia) values ('Center', '63', 18100, 0, 98);
insert into CTYCBaoGia (MaNCC, MaSP, SLSeMua, GiaDaBao, MaYCBaoGia) values ('Point', '79', 13900, 36400000, 42);
insert into CTYCBaoGia (MaNCC, MaSP, SLSeMua, GiaDaBao, MaYCBaoGia) values ('Alley', '62', 22800, 0, 4);
insert into CTYCBaoGia (MaNCC, MaSP, SLSeMua, GiaDaBao, MaYCBaoGia) values ('Plaza', '81', 10900, 26800000, 88);
insert into CTYCBaoGia (MaNCC, MaSP, SLSeMua, GiaDaBao, MaYCBaoGia) values ('Drive', '4', 57100, 0, 52);
insert into CTYCBaoGia (MaNCC, MaSP, SLSeMua, GiaDaBao, MaYCBaoGia) values ('Alley', '2', 47200, 0, 27);
insert into CTYCBaoGia (MaNCC, MaSP, SLSeMua, GiaDaBao, MaYCBaoGia) values ('Road', '7', 49800, 0, 54);
insert into CTYCBaoGia (MaNCC, MaSP, SLSeMua, GiaDaBao, MaYCBaoGia) values ('Center', '7', 88500, 0, 59);
insert into CTYCBaoGia (MaNCC, MaSP, SLSeMua, GiaDaBao, MaYCBaoGia) values ('Junction', '96', 52700, 0, 33);
insert into CTYCBaoGia (MaNCC, MaSP, SLSeMua, GiaDaBao, MaYCBaoGia) values ('Road', '2', 18300, 0, 14);
insert into CTYCBaoGia (MaNCC, MaSP, SLSeMua, GiaDaBao, MaYCBaoGia) values ('Point', '66', 38700, 0, 28);
insert into CTYCBaoGia (MaNCC, MaSP, SLSeMua, GiaDaBao, MaYCBaoGia) values ('Center', '8', 58400, 0, 56);
insert into CTYCBaoGia (MaNCC, MaSP, SLSeMua, GiaDaBao, MaYCBaoGia) values ('Center', '22', 34200, 0, 37);
insert into CTYCBaoGia (MaNCC, MaSP, SLSeMua, GiaDaBao, MaYCBaoGia) values ('Point', '82', 84100, 0, 22);
insert into CTYCBaoGia (MaNCC, MaSP, SLSeMua, GiaDaBao, MaYCBaoGia) values ('Street', '23', 62400, 0, 63);
insert into CTYCBaoGia (MaNCC, MaSP, SLSeMua, GiaDaBao, MaYCBaoGia) values ('Pass', '41', 98100, 0, 37);
insert into CTYCBaoGia (MaNCC, MaSP, SLSeMua, GiaDaBao, MaYCBaoGia) values ('Drive', '74', 90100, 0, 99);
insert into CTYCBaoGia (MaNCC, MaSP, SLSeMua, GiaDaBao, MaYCBaoGia) values ('Terrace', '93', 85800, 45600000, 56);
insert into CTYCBaoGia (MaNCC, MaSP, SLSeMua, GiaDaBao, MaYCBaoGia) values ('Crossing', '24', 27700, 12200000, 47);
insert into CTYCBaoGia (MaNCC, MaSP, SLSeMua, GiaDaBao, MaYCBaoGia) values ('Alley', '11', 53100, 42700000, 19);
insert into CTYCBaoGia (MaNCC, MaSP, SLSeMua, GiaDaBao, MaYCBaoGia) values ('Avenue', '74', 34400, 0, 45);
insert into CTYCBaoGia (MaNCC, MaSP, SLSeMua, GiaDaBao, MaYCBaoGia) values ('Court', '75', 22600, 0, 69);
insert into CTYCBaoGia (MaNCC, MaSP, SLSeMua, GiaDaBao, MaYCBaoGia) values ('Road', '32', 64400, 57100000, 78);
insert into CTYCBaoGia (MaNCC, MaSP, SLSeMua, GiaDaBao, MaYCBaoGia) values ('Circle', '75', 83100, 0, 91);
insert into CTYCBaoGia (MaNCC, MaSP, SLSeMua, GiaDaBao, MaYCBaoGia) values ('Lane', '77', 6400, 0, 1);
insert into CTYCBaoGia (MaNCC, MaSP, SLSeMua, GiaDaBao, MaYCBaoGia) values ('Center', '97', 29000, 0, 79);
insert into CTYCBaoGia (MaNCC, MaSP, SLSeMua, GiaDaBao, MaYCBaoGia) values ('Pass', '8', 90400, 0, 67);
insert into CTYCBaoGia (MaNCC, MaSP, SLSeMua, GiaDaBao, MaYCBaoGia) values ('Road', '63', 92100, 0, 1);
insert into CTYCBaoGia (MaNCC, MaSP, SLSeMua, GiaDaBao, MaYCBaoGia) values ('Center', '63', 61900, 0, 97);
insert into CTYCBaoGia (MaNCC, MaSP, SLSeMua, GiaDaBao, MaYCBaoGia) values ('Plaza', '72', 80700, 0, 14);
insert into CTYCBaoGia (MaNCC, MaSP, SLSeMua, GiaDaBao, MaYCBaoGia) values ('Way', '92', 97100, 0, 92);
insert into CTYCBaoGia (MaNCC, MaSP, SLSeMua, GiaDaBao, MaYCBaoGia) values ('Crossing', '7', 30900, 0, 78);
insert into CTYCBaoGia (MaNCC, MaSP, SLSeMua, GiaDaBao, MaYCBaoGia) values ('Pass', '8', 40000, 0, 18);
insert into CTYCBaoGia (MaNCC, MaSP, SLSeMua, GiaDaBao, MaYCBaoGia) values ('Drive', '75', 53000, 0, 100);
insert into CTYCBaoGia (MaNCC, MaSP, SLSeMua, GiaDaBao, MaYCBaoGia) values ('Place', '92', 93600, 0, 88);
insert into CTYCBaoGia (MaNCC, MaSP, SLSeMua, GiaDaBao, MaYCBaoGia) values ('Lane', '24', 8700, 0, 43);
insert into CTYCBaoGia (MaNCC, MaSP, SLSeMua, GiaDaBao, MaYCBaoGia) values ('Hill', '62', 92300, 0, 2);
insert into CTYCBaoGia (MaNCC, MaSP, SLSeMua, GiaDaBao, MaYCBaoGia) values ('Park', '37', 72300, 0, 51);
insert into CTYCBaoGia (MaNCC, MaSP, SLSeMua, GiaDaBao, MaYCBaoGia) values ('Center', '64', 23200, 58700000, 34);
insert into CTYCBaoGia (MaNCC, MaSP, SLSeMua, GiaDaBao, MaYCBaoGia) values ('Road', '2', 14600, 0, 95);
insert into CTYCBaoGia (MaNCC, MaSP, SLSeMua, GiaDaBao, MaYCBaoGia) values ('Alley', '73', 69100, 73600000, 16);
insert into CTYCBaoGia (MaNCC, MaSP, SLSeMua, GiaDaBao, MaYCBaoGia) values ('Point', '27', 58500, 0, 28);
insert into CTYCBaoGia (MaNCC, MaSP, SLSeMua, GiaDaBao, MaYCBaoGia) values ('Alley', '11', 56800, 0, 54);
insert into CTYCBaoGia (MaNCC, MaSP, SLSeMua, GiaDaBao, MaYCBaoGia) values ('Court', '41', 52600, 0, 8);
insert into CTYCBaoGia (MaNCC, MaSP, SLSeMua, GiaDaBao, MaYCBaoGia) values ('Street', '50', 59500, 0, 58);
insert into CTYCBaoGia (MaNCC, MaSP, SLSeMua, GiaDaBao, MaYCBaoGia) values ('Center', '97', 40000, 0, 20);
insert into CTYCBaoGia (MaNCC, MaSP, SLSeMua, GiaDaBao, MaYCBaoGia) values ('Alley', '21', 16000, 0, 84);
insert into CTYCBaoGia (MaNCC, MaSP, SLSeMua, GiaDaBao, MaYCBaoGia) values ('Court', '40', 64900, 6300000, 74);
insert into CTYCBaoGia (MaNCC, MaSP, SLSeMua, GiaDaBao, MaYCBaoGia) values ('Pass', '6', 87600, 0, 30);
insert into CTYCBaoGia (MaNCC, MaSP, SLSeMua, GiaDaBao, MaYCBaoGia) values ('Alley', '21', 43900, 75000000, 99);
insert into CTYCBaoGia (MaNCC, MaSP, SLSeMua, GiaDaBao, MaYCBaoGia) values ('Trail', '14', 26700, 0, 99);
insert into CTYCBaoGia (MaNCC, MaSP, SLSeMua, GiaDaBao, MaYCBaoGia) values ('Center', '63', 23800, 0, 39);
insert into CTYCBaoGia (MaNCC, MaSP, SLSeMua, GiaDaBao, MaYCBaoGia) values ('Street', '35', 6900, 0, 33);
insert into CTYCBaoGia (MaNCC, MaSP, SLSeMua, GiaDaBao, MaYCBaoGia) values ('Center', '79', 7300, 0, 3);
insert into CTYCBaoGia (MaNCC, MaSP, SLSeMua, GiaDaBao, MaYCBaoGia) values ('Drive', '93', 2000, 0, 100);
insert into CTYCBaoGia (MaNCC, MaSP, SLSeMua, GiaDaBao, MaYCBaoGia) values ('Point', '71', 18900, 0, 9);
insert into CTYCBaoGia (MaNCC, MaSP, SLSeMua, GiaDaBao, MaYCBaoGia) values ('Park', '67', 14500, 0, 79);
insert into CTYCBaoGia (MaNCC, MaSP, SLSeMua, GiaDaBao, MaYCBaoGia) values ('Crossing', '67', 17200, 86500000, 37);
insert into CTYCBaoGia (MaNCC, MaSP, SLSeMua, GiaDaBao, MaYCBaoGia) values ('Hill', '39', 72300, 0, 54);
insert into CTYCBaoGia (MaNCC, MaSP, SLSeMua, GiaDaBao, MaYCBaoGia) values ('Place', '91', 82700, 0, 27);
insert into CTYCBaoGia (MaNCC, MaSP, SLSeMua, GiaDaBao, MaYCBaoGia) values ('Center', '63', 84300, 0, 63);
insert into CTYCBaoGia (MaNCC, MaSP, SLSeMua, GiaDaBao, MaYCBaoGia) values ('Drive', '65', 84600, 0, 67);
insert into CTYCBaoGia (MaNCC, MaSP, SLSeMua, GiaDaBao, MaYCBaoGia) values ('Center', '7', 62500, 0, 74);
insert into CTYCBaoGia (MaNCC, MaSP, SLSeMua, GiaDaBao, MaYCBaoGia) values ('Junction', '64', 7700, 79900000, 23);
insert into CTYCBaoGia (MaNCC, MaSP, SLSeMua, GiaDaBao, MaYCBaoGia) values ('Trail', '9', 10400, 0, 6);
insert into CTYCBaoGia (MaNCC, MaSP, SLSeMua, GiaDaBao, MaYCBaoGia) values ('Circle', '31', 60500, 0, 30);
insert into CTYCBaoGia (MaNCC, MaSP, SLSeMua, GiaDaBao, MaYCBaoGia) values ('Drive', '74', 56300, 0, 43);
insert into CTYCBaoGia (MaNCC, MaSP, SLSeMua, GiaDaBao, MaYCBaoGia) values ('Drive', '74', 23800, 0, 10);
insert into CTYCBaoGia (MaNCC, MaSP, SLSeMua, GiaDaBao, MaYCBaoGia) values ('Circle', '30', 19400, 0, 50);
insert into CTYCBaoGia (MaNCC, MaSP, SLSeMua, GiaDaBao, MaYCBaoGia) values ('Terrace', '93', 96600, 43500000, 84);
insert into CTYCBaoGia (MaNCC, MaSP, SLSeMua, GiaDaBao, MaYCBaoGia) values ('Lane', '62', 21200, 0, 46);
insert into CTYCBaoGia (MaNCC, MaSP, SLSeMua, GiaDaBao, MaYCBaoGia) values ('Alley', '11', 47600, 0, 58);
insert into CTYCBaoGia (MaNCC, MaSP, SLSeMua, GiaDaBao, MaYCBaoGia) values ('Center', '3', 65200, 0, 60);
insert into CTYCBaoGia (MaNCC, MaSP, SLSeMua, GiaDaBao, MaYCBaoGia) values ('Place', '98', 42000, 0, 33);
insert into CTYCBaoGia (MaNCC, MaSP, SLSeMua, GiaDaBao, MaYCBaoGia) values ('Pass', '75', 14300, 0, 54);
insert into CTYCBaoGia (MaNCC, MaSP, SLSeMua, GiaDaBao, MaYCBaoGia) values ('Junction', '76', 51300, 0, 57);
insert into CTYCBaoGia (MaNCC, MaSP, SLSeMua, GiaDaBao, MaYCBaoGia) values ('Center', '26', 9600, 0, 79);
insert into CTYCBaoGia (MaNCC, MaSP, SLSeMua, GiaDaBao, MaYCBaoGia) values ('Park', '96', 55700, 0, 58);
insert into CTYCBaoGia (MaNCC, MaSP, SLSeMua, GiaDaBao, MaYCBaoGia) values ('Way', '46', 92500, 0, 94);
insert into CTYCBaoGia (MaNCC, MaSP, SLSeMua, GiaDaBao, MaYCBaoGia) values ('Alley', '11', 42800, 0, 26);
insert into CTYCBaoGia (MaNCC, MaSP, SLSeMua, GiaDaBao, MaYCBaoGia) values ('Plaza', '72', 50700, 0, 53);
insert into CTYCBaoGia (MaNCC, MaSP, SLSeMua, GiaDaBao, MaYCBaoGia) values ('Point', '8', 31300, 45500000, 61);
insert into CTYCBaoGia (MaNCC, MaSP, SLSeMua, GiaDaBao, MaYCBaoGia) values ('Road', '63', 9200, 0, 48);
insert into CTYCBaoGia (MaNCC, MaSP, SLSeMua, GiaDaBao, MaYCBaoGia) values ('Park', '37', 13700, 0, 83);
insert into CTYCBaoGia (MaNCC, MaSP, SLSeMua, GiaDaBao, MaYCBaoGia) values ('Place', '85', 99200, 0, 54);
insert into CTYCBaoGia (MaNCC, MaSP, SLSeMua, GiaDaBao, MaYCBaoGia) values ('Place', '14', 14100, 0, 80);
insert into CTYCBaoGia (MaNCC, MaSP, SLSeMua, GiaDaBao, MaYCBaoGia) values ('Pass', '26', 43600, 0, 31);
insert into CTYCBaoGia (MaNCC, MaSP, SLSeMua, GiaDaBao, MaYCBaoGia) values ('Avenue', '30', 54700, 0, 66);
insert into CTYCBaoGia (MaNCC, MaSP, SLSeMua, GiaDaBao, MaYCBaoGia) values ('Terrace', '67', 75800, 0, 75);
insert into CTYCBaoGia (MaNCC, MaSP, SLSeMua, GiaDaBao, MaYCBaoGia) values ('Drive', '51', 4000, 0, 91);
insert into CTYCBaoGia (MaNCC, MaSP, SLSeMua, GiaDaBao, MaYCBaoGia) values ('Trail', '73', 5000, 86100000, 83);
insert into CTYCBaoGia (MaNCC, MaSP, SLSeMua, GiaDaBao, MaYCBaoGia) values ('Park', '67', 98500, 0, 62);
insert into CTYCBaoGia (MaNCC, MaSP, SLSeMua, GiaDaBao, MaYCBaoGia) values ('Drive', '87', 10100, 0, 74);
insert into CTYCBaoGia (MaNCC, MaSP, SLSeMua, GiaDaBao, MaYCBaoGia) values ('Hill', '65', 86900, 0, 43);
insert into CTYCBaoGia (MaNCC, MaSP, SLSeMua, GiaDaBao, MaYCBaoGia) values ('Alley', '68', 96200, 0, 32);
insert into CTYCBaoGia (MaNCC, MaSP, SLSeMua, GiaDaBao, MaYCBaoGia) values ('Drive', '66', 76200, 0, 29);
insert into CTYCBaoGia (MaNCC, MaSP, SLSeMua, GiaDaBao, MaYCBaoGia) values ('Center', '55', 11700, 0, 66);
insert into CTYCBaoGia (MaNCC, MaSP, SLSeMua, GiaDaBao, MaYCBaoGia) values ('Road', '32', 18500, 0, 27);
insert into CTYCBaoGia (MaNCC, MaSP, SLSeMua, GiaDaBao, MaYCBaoGia) values ('Way', '51', 30900, 0, 68);

insert into Role values ('admin', NULL);
insert into Role values ('quanly', NULL);
insert into Role values ('nhanvien', NULL);
go
insert into PhongBan (TenPhongBan) values ('CA');
insert into PhongBan (TenPhongBan) values ('JP');
insert into PhongBan (TenPhongBan) values ('CN');
insert into PhongBan (TenPhongBan) values ('BR');
insert into PhongBan (TenPhongBan) values ('ID');
insert into PhongBan (TenPhongBan) values ('FR');
insert into PhongBan (TenPhongBan) values ('PL');
insert into PhongBan (TenPhongBan) values ('GB');
insert into PhongBan (TenPhongBan) values ('PH');
go
insert into NhanVien (MaNV, TenPhongBan, ChucVu) values ('admin1', 'BR', 'admin');
insert into NhanVien (MaNV, TenPhongBan, ChucVu) values ('quanly1', 'BR', 'admin');
insert into NhanVien (MaNV, TenPhongBan, ChucVu) values ('1', 'BR', 'Nhan vien');
insert into NhanVien (MaNV, TenPhongBan, ChucVu) values ('2', 'BR', 'Nhan vien');
insert into NhanVien (MaNV, TenPhongBan, ChucVu) values ('3', 'PL', 'Nhan vien');
insert into NhanVien (MaNV, TenPhongBan, ChucVu) values ('4', 'PH', 'Nhan vien');
insert into NhanVien (MaNV, TenPhongBan, ChucVu) values ('5', 'ID', 'Nhan vien');
insert into NhanVien (MaNV, TenPhongBan, ChucVu) values ('6', 'JP', 'Nhan vien');
insert into NhanVien (MaNV, TenPhongBan, ChucVu) values ('7', 'ID', 'Nhan vien');
insert into NhanVien (MaNV, TenPhongBan, ChucVu) values ('8', 'CN', 'Nhan vien');
insert into NhanVien (MaNV, TenPhongBan, ChucVu) values ('9', 'BR', 'Nhan vien');
insert into NhanVien (MaNV, TenPhongBan, ChucVu) values ('10', 'CN', 'Nhan vien');
insert into NhanVien (MaNV, TenPhongBan, ChucVu) values ('11', 'PL', 'Nhan vien');
insert into NhanVien (MaNV, TenPhongBan, ChucVu) values ('12', 'CN', 'Nhan vien');
insert into NhanVien (MaNV, TenPhongBan, ChucVu) values ('13', 'GB', 'Nhan vien');
insert into NhanVien (MaNV, TenPhongBan, ChucVu) values ('14', 'FR', 'Nhan vien');
insert into NhanVien (MaNV, TenPhongBan, ChucVu) values ('15', 'BR', 'Nhan vien');
insert into NhanVien (MaNV, TenPhongBan, ChucVu) values ('16', 'PL', 'Nhan vien');
insert into NhanVien (MaNV, TenPhongBan, ChucVu) values ('17', 'CN', 'Nhan vien');
insert into NhanVien (MaNV, TenPhongBan, ChucVu) values ('18', 'PL', 'Nhan vien');
insert into NhanVien (MaNV, TenPhongBan, ChucVu) values ('19', 'CN', 'Nhan vien');
insert into NhanVien (MaNV, TenPhongBan, ChucVu) values ('20', 'FR', 'Nhan vien');
insert into NhanVien (MaNV, TenPhongBan, ChucVu) values ('21', 'FR', 'Nhan vien');
insert into NhanVien (MaNV, TenPhongBan, ChucVu) values ('22', 'PH', 'Nhan vien');
insert into NhanVien (MaNV, TenPhongBan, ChucVu) values ('23', 'PH', 'Nhan vien');
insert into NhanVien (MaNV, TenPhongBan, ChucVu) values ('24', 'PL', 'Nhan vien');
insert into NhanVien (MaNV, TenPhongBan, ChucVu) values ('25', 'BR', 'Nhan vien');
insert into NhanVien (MaNV, TenPhongBan, ChucVu) values ('26', 'PH', 'Nhan vien');
insert into NhanVien (MaNV, TenPhongBan, ChucVu) values ('27', 'PL', 'Nhan vien');
insert into NhanVien (MaNV, TenPhongBan, ChucVu) values ('28', 'GB', 'Nhan vien');
insert into NhanVien (MaNV, TenPhongBan, ChucVu) values ('29', 'GB', 'Nhan vien');
insert into NhanVien (MaNV, TenPhongBan, ChucVu) values ('30', 'ID', 'Nhan vien');
insert into NhanVien (MaNV, TenPhongBan, ChucVu) values ('31', 'CN', 'Nhan vien');
insert into NhanVien (MaNV, TenPhongBan, ChucVu) values ('32', 'GB', 'Nhan vien');
insert into NhanVien (MaNV, TenPhongBan, ChucVu) values ('33', 'JP', 'Nhan vien');
insert into NhanVien (MaNV, TenPhongBan, ChucVu) values ('34', 'BR', 'Nhan vien');
insert into NhanVien (MaNV, TenPhongBan, ChucVu) values ('35', 'BR', 'Nhan vien');
insert into NhanVien (MaNV, TenPhongBan, ChucVu) values ('36', 'PH', 'Nhan vien');
insert into NhanVien (MaNV, TenPhongBan, ChucVu) values ('37', 'BR', 'Nhan vien');
insert into NhanVien (MaNV, TenPhongBan, ChucVu) values ('38', 'CN', 'Nhan vien');
insert into NhanVien (MaNV, TenPhongBan, ChucVu) values ('39', 'CN', 'Nhan vien');
insert into NhanVien (MaNV, TenPhongBan, ChucVu) values ('40', 'ID', 'Nhan vien');
insert into NhanVien (MaNV, TenPhongBan, ChucVu) values ('41', 'BR', 'Nhan vien');
insert into NhanVien (MaNV, TenPhongBan, ChucVu) values ('42', 'PH', 'Nhan vien');
insert into NhanVien (MaNV, TenPhongBan, ChucVu) values ('43', 'CN', 'Nhan vien');
insert into NhanVien (MaNV, TenPhongBan, ChucVu) values ('44', 'PL', 'Nhan vien');
insert into NhanVien (MaNV, TenPhongBan, ChucVu) values ('45', 'ID', 'Nhan vien');
insert into NhanVien (MaNV, TenPhongBan, ChucVu) values ('46', 'PL', 'Nhan vien');
insert into NhanVien (MaNV, TenPhongBan, ChucVu) values ('47', 'ID', 'Nhan vien');
insert into NhanVien (MaNV, TenPhongBan, ChucVu) values ('48', 'ID', 'Nhan vien');
insert into NhanVien (MaNV, TenPhongBan, ChucVu) values ('49', 'JP', 'Nhan vien');
insert into NhanVien (MaNV, TenPhongBan, ChucVu) values ('50', 'FR', 'Nhan vien');
insert into NhanVien (MaNV, TenPhongBan, ChucVu) values ('51', 'PL', 'Nhan vien');
insert into NhanVien (MaNV, TenPhongBan, ChucVu) values ('52', 'FR', 'Nhan vien');
insert into NhanVien (MaNV, TenPhongBan, ChucVu) values ('53', 'FR', 'Nhan vien');
insert into NhanVien (MaNV, TenPhongBan, ChucVu) values ('54', 'CA', 'Nhan vien');
insert into NhanVien (MaNV, TenPhongBan, ChucVu) values ('55', 'CA', 'Nhan vien');
insert into NhanVien (MaNV, TenPhongBan, ChucVu) values ('56', 'GB', 'Nhan vien');
insert into NhanVien (MaNV, TenPhongBan, ChucVu) values ('57', 'PL', 'Nhan vien');
insert into NhanVien (MaNV, TenPhongBan, ChucVu) values ('58', 'CA', 'Nhan vien');
insert into NhanVien (MaNV, TenPhongBan, ChucVu) values ('59', 'FR', 'Nhan vien');
insert into NhanVien (MaNV, TenPhongBan, ChucVu) values ('60', 'FR', 'Nhan vien');
insert into NhanVien (MaNV, TenPhongBan, ChucVu) values ('61', 'PH', 'Nhan vien');
insert into NhanVien (MaNV, TenPhongBan, ChucVu) values ('62', 'CN', 'Nhan vien');
insert into NhanVien (MaNV, TenPhongBan, ChucVu) values ('63', 'ID', 'Nhan vien');
insert into NhanVien (MaNV, TenPhongBan, ChucVu) values ('64', 'PH', 'Nhan vien');
insert into NhanVien (MaNV, TenPhongBan, ChucVu) values ('65', 'GB', 'Nhan vien');
insert into NhanVien (MaNV, TenPhongBan, ChucVu) values ('66', 'GB', 'Nhan vien');
insert into NhanVien (MaNV, TenPhongBan, ChucVu) values ('67', 'FR', 'Nhan vien');
insert into NhanVien (MaNV, TenPhongBan, ChucVu) values ('68', 'ID', 'Nhan vien');
insert into NhanVien (MaNV, TenPhongBan, ChucVu) values ('69', 'PL', 'Nhan vien');
insert into NhanVien (MaNV, TenPhongBan, ChucVu) values ('70', 'CA', 'Nhan vien');
insert into NhanVien (MaNV, TenPhongBan, ChucVu) values ('71', 'CN', 'Nhan vien');
insert into NhanVien (MaNV, TenPhongBan, ChucVu) values ('72', 'GB', 'Nhan vien');
insert into NhanVien (MaNV, TenPhongBan, ChucVu) values ('73', 'PH', 'Nhan vien');
insert into NhanVien (MaNV, TenPhongBan, ChucVu) values ('74', 'PH', 'Nhan vien');
insert into NhanVien (MaNV, TenPhongBan, ChucVu) values ('75', 'BR', 'Nhan vien');
insert into NhanVien (MaNV, TenPhongBan, ChucVu) values ('76', 'ID', 'Nhan vien');
insert into NhanVien (MaNV, TenPhongBan, ChucVu) values ('77', 'GB', 'Nhan vien');
insert into NhanVien (MaNV, TenPhongBan, ChucVu) values ('78', 'GB', 'Nhan vien');
insert into NhanVien (MaNV, TenPhongBan, ChucVu) values ('79', 'PL', 'Nhan vien');
insert into NhanVien (MaNV, TenPhongBan, ChucVu) values ('80', 'PL', 'Nhan vien');
insert into NhanVien (MaNV, TenPhongBan, ChucVu) values ('81', 'PH', 'Nhan vien');
insert into NhanVien (MaNV, TenPhongBan, ChucVu) values ('82', 'JP', 'Nhan vien');
insert into NhanVien (MaNV, TenPhongBan, ChucVu) values ('83', 'CN', 'Nhan vien');
insert into NhanVien (MaNV, TenPhongBan, ChucVu) values ('84', 'FR', 'Nhan vien');
insert into NhanVien (MaNV, TenPhongBan, ChucVu) values ('85', 'BR', 'Nhan vien');
insert into NhanVien (MaNV, TenPhongBan, ChucVu) values ('86', 'BR', 'Nhan vien');
insert into NhanVien (MaNV, TenPhongBan, ChucVu) values ('87', 'PL', 'Nhan vien');
insert into NhanVien (MaNV, TenPhongBan, ChucVu) values ('88', 'GB', 'Nhan vien');
insert into NhanVien (MaNV, TenPhongBan, ChucVu) values ('89', 'ID', 'Nhan vien');
insert into NhanVien (MaNV, TenPhongBan, ChucVu) values ('90', 'BR', 'Nhan vien');
insert into NhanVien (MaNV, TenPhongBan, ChucVu) values ('91', 'CN', 'Nhan vien');
insert into NhanVien (MaNV, TenPhongBan, ChucVu) values ('92', 'BR', 'Nhan vien');
insert into NhanVien (MaNV, TenPhongBan, ChucVu) values ('93', 'BR', 'Nhan vien');
insert into NhanVien (MaNV, TenPhongBan, ChucVu) values ('94', 'ID', 'Nhan vien');
insert into NhanVien (MaNV, TenPhongBan, ChucVu) values ('95', 'FR', 'Nhan vien');
insert into NhanVien (MaNV, TenPhongBan, ChucVu) values ('96', 'JP', 'Nhan vien');
insert into NhanVien (MaNV, TenPhongBan, ChucVu) values ('97', 'CA', 'Nhan vien');
insert into NhanVien (MaNV, TenPhongBan, ChucVu) values ('98', 'PH', 'Nhan vien');
insert into NhanVien (MaNV, TenPhongBan, ChucVu) values ('99', 'CA', 'Nhan vien');
insert into NhanVien (MaNV, TenPhongBan, ChucVu) values ('100', 'ID', 'Nhan vien');
go
insert into Account values ('duy', 'admin1', 'admin', '123', GETDATE(), '2030/1/1');
insert into Account values ('nghi', 'quanly1', 'quanly', '123', GETDATE(), '2030/1/1');
go
insert into YeuCauMuaHang (MaYeuCau, MaNV) values ('1', '61');
insert into YeuCauMuaHang (MaYeuCau, MaNV) values ('2', '100');
insert into YeuCauMuaHang (MaYeuCau, MaNV) values ('3', '78');
insert into YeuCauMuaHang (MaYeuCau, MaNV) values ('4', '20');
insert into YeuCauMuaHang (MaYeuCau, MaNV) values ('5', '13');
insert into YeuCauMuaHang (MaYeuCau, MaNV) values ('6', '51');
insert into YeuCauMuaHang (MaYeuCau, MaNV) values ('7', '8');
insert into YeuCauMuaHang (MaYeuCau, MaNV) values ('8', '90');
insert into YeuCauMuaHang (MaYeuCau, MaNV) values ('9', '14');
insert into YeuCauMuaHang (MaYeuCau, MaNV) values ('10', '49');
insert into YeuCauMuaHang (MaYeuCau, MaNV) values ('11', '66');
insert into YeuCauMuaHang (MaYeuCau, MaNV) values ('12', '51');
insert into YeuCauMuaHang (MaYeuCau, MaNV) values ('13', '60');
insert into YeuCauMuaHang (MaYeuCau, MaNV) values ('14', '75');
insert into YeuCauMuaHang (MaYeuCau, MaNV) values ('15', '49');
insert into YeuCauMuaHang (MaYeuCau, MaNV) values ('16', '62');
insert into YeuCauMuaHang (MaYeuCau, MaNV) values ('17', '53');
insert into YeuCauMuaHang (MaYeuCau, MaNV) values ('18', '67');
insert into YeuCauMuaHang (MaYeuCau, MaNV) values ('19', '31');
insert into YeuCauMuaHang (MaYeuCau, MaNV) values ('20', '2');
insert into YeuCauMuaHang (MaYeuCau, MaNV) values ('21', '56');
insert into YeuCauMuaHang (MaYeuCau, MaNV) values ('22', '42');
insert into YeuCauMuaHang (MaYeuCau, MaNV) values ('23', '58');
insert into YeuCauMuaHang (MaYeuCau, MaNV) values ('24', '8');
insert into YeuCauMuaHang (MaYeuCau, MaNV) values ('25', '89');
insert into YeuCauMuaHang (MaYeuCau, MaNV) values ('26', '83');
insert into YeuCauMuaHang (MaYeuCau, MaNV) values ('27', '48');
insert into YeuCauMuaHang (MaYeuCau, MaNV) values ('28', '70');
insert into YeuCauMuaHang (MaYeuCau, MaNV) values ('29', '20');
insert into YeuCauMuaHang (MaYeuCau, MaNV) values ('30', '87');
insert into YeuCauMuaHang (MaYeuCau, MaNV) values ('31', '49');
insert into YeuCauMuaHang (MaYeuCau, MaNV) values ('32', '1');
insert into YeuCauMuaHang (MaYeuCau, MaNV) values ('33', '55');
insert into YeuCauMuaHang (MaYeuCau, MaNV) values ('34', '79');
insert into YeuCauMuaHang (MaYeuCau, MaNV) values ('35', '45');
insert into YeuCauMuaHang (MaYeuCau, MaNV) values ('36', '39');
insert into YeuCauMuaHang (MaYeuCau, MaNV) values ('37', '23');
insert into YeuCauMuaHang (MaYeuCau, MaNV) values ('38', '94');
insert into YeuCauMuaHang (MaYeuCau, MaNV) values ('39', '19');
insert into YeuCauMuaHang (MaYeuCau, MaNV) values ('40', '20');
insert into YeuCauMuaHang (MaYeuCau, MaNV) values ('41', '9');
insert into YeuCauMuaHang (MaYeuCau, MaNV) values ('42', '42');
insert into YeuCauMuaHang (MaYeuCau, MaNV) values ('43', '10');
insert into YeuCauMuaHang (MaYeuCau, MaNV) values ('44', '70');
insert into YeuCauMuaHang (MaYeuCau, MaNV) values ('45', '77');
insert into YeuCauMuaHang (MaYeuCau, MaNV) values ('46', '35');
insert into YeuCauMuaHang (MaYeuCau, MaNV) values ('47', '35');
insert into YeuCauMuaHang (MaYeuCau, MaNV) values ('48', '99');
insert into YeuCauMuaHang (MaYeuCau, MaNV) values ('49', '74');
insert into YeuCauMuaHang (MaYeuCau, MaNV) values ('50', '100');
insert into YeuCauMuaHang (MaYeuCau, MaNV) values ('51', '1');
insert into YeuCauMuaHang (MaYeuCau, MaNV) values ('52', '52');
insert into YeuCauMuaHang (MaYeuCau, MaNV) values ('53', '78');
insert into YeuCauMuaHang (MaYeuCau, MaNV) values ('54', '83');
insert into YeuCauMuaHang (MaYeuCau, MaNV) values ('55', '81');
insert into YeuCauMuaHang (MaYeuCau, MaNV) values ('56', '35');
insert into YeuCauMuaHang (MaYeuCau, MaNV) values ('57', '15');
insert into YeuCauMuaHang (MaYeuCau, MaNV) values ('58', '63');
insert into YeuCauMuaHang (MaYeuCau, MaNV) values ('59', '53');
insert into YeuCauMuaHang (MaYeuCau, MaNV) values ('60', '75');
insert into YeuCauMuaHang (MaYeuCau, MaNV) values ('61', '72');
insert into YeuCauMuaHang (MaYeuCau, MaNV) values ('62', '94');
insert into YeuCauMuaHang (MaYeuCau, MaNV) values ('63', '64');
insert into YeuCauMuaHang (MaYeuCau, MaNV) values ('64', '73');
insert into YeuCauMuaHang (MaYeuCau, MaNV) values ('65', '71');
insert into YeuCauMuaHang (MaYeuCau, MaNV) values ('66', '90');
insert into YeuCauMuaHang (MaYeuCau, MaNV) values ('67', '94');
insert into YeuCauMuaHang (MaYeuCau, MaNV) values ('68', '57');
insert into YeuCauMuaHang (MaYeuCau, MaNV) values ('69', '19');
insert into YeuCauMuaHang (MaYeuCau, MaNV) values ('70', '31');
insert into YeuCauMuaHang (MaYeuCau, MaNV) values ('71', '59');
insert into YeuCauMuaHang (MaYeuCau, MaNV) values ('72', '69');
insert into YeuCauMuaHang (MaYeuCau, MaNV) values ('73', '86');
insert into YeuCauMuaHang (MaYeuCau, MaNV) values ('74', '39');
insert into YeuCauMuaHang (MaYeuCau, MaNV) values ('75', '95');
insert into YeuCauMuaHang (MaYeuCau, MaNV) values ('76', '7');
insert into YeuCauMuaHang (MaYeuCau, MaNV) values ('77', '27');
insert into YeuCauMuaHang (MaYeuCau, MaNV) values ('78', '22');
insert into YeuCauMuaHang (MaYeuCau, MaNV) values ('79', '46');
insert into YeuCauMuaHang (MaYeuCau, MaNV) values ('80', '94');
insert into YeuCauMuaHang (MaYeuCau, MaNV) values ('81', '52');
insert into YeuCauMuaHang (MaYeuCau, MaNV) values ('82', '85');
insert into YeuCauMuaHang (MaYeuCau, MaNV) values ('83', '66');
insert into YeuCauMuaHang (MaYeuCau, MaNV) values ('84', '77');
insert into YeuCauMuaHang (MaYeuCau, MaNV) values ('85', '2');
insert into YeuCauMuaHang (MaYeuCau, MaNV) values ('86', '1');
insert into YeuCauMuaHang (MaYeuCau, MaNV) values ('87', '38');
insert into YeuCauMuaHang (MaYeuCau, MaNV) values ('88', '84');
insert into YeuCauMuaHang (MaYeuCau, MaNV) values ('89', '73');
insert into YeuCauMuaHang (MaYeuCau, MaNV) values ('90', '12');
insert into YeuCauMuaHang (MaYeuCau, MaNV) values ('91', '53');
insert into YeuCauMuaHang (MaYeuCau, MaNV) values ('92', '46');
insert into YeuCauMuaHang (MaYeuCau, MaNV) values ('93', '81');
insert into YeuCauMuaHang (MaYeuCau, MaNV) values ('94', '91');
insert into YeuCauMuaHang (MaYeuCau, MaNV) values ('95', '34');
insert into YeuCauMuaHang (MaYeuCau, MaNV) values ('96', '29');
insert into YeuCauMuaHang (MaYeuCau, MaNV) values ('97', '64');
insert into YeuCauMuaHang (MaYeuCau, MaNV) values ('98', '76');
insert into YeuCauMuaHang (MaYeuCau, MaNV) values ('99', '93');
insert into YeuCauMuaHang (MaYeuCau, MaNV) values ('100', '63');
go
insert into CTYauCauMua (MaSP, MaYeuCau, SLCanMua, PheDuyetYeuCau) values ('20', '57', 70, NULL);
insert into CTYauCauMua (MaSP, MaYeuCau, SLCanMua, PheDuyetYeuCau) values ('42', '86', 590, NULL);
insert into CTYauCauMua (MaSP, MaYeuCau, SLCanMua, PheDuyetYeuCau) values ('75', '38', 360, NULL);
insert into CTYauCauMua (MaSP, MaYeuCau, SLCanMua, PheDuyetYeuCau) values ('24', '68', 300, NULL);
insert into CTYauCauMua (MaSP, MaYeuCau, SLCanMua, PheDuyetYeuCau) values ('3', '56', 220, 'NO');
insert into CTYauCauMua (MaSP, MaYeuCau, SLCanMua, PheDuyetYeuCau) values ('53', '74', 690, NULL);
insert into CTYauCauMua (MaSP, MaYeuCau, SLCanMua, PheDuyetYeuCau) values ('19', '13', 460, NULL);
insert into CTYauCauMua (MaSP, MaYeuCau, SLCanMua, PheDuyetYeuCau) values ('80', '95', 510, NULL);
insert into CTYauCauMua (MaSP, MaYeuCau, SLCanMua, PheDuyetYeuCau) values ('37', '57', 910, 'YES');
insert into CTYauCauMua (MaSP, MaYeuCau, SLCanMua, PheDuyetYeuCau) values ('40', '8', 160, 'NO');
insert into CTYauCauMua (MaSP, MaYeuCau, SLCanMua, PheDuyetYeuCau) values ('80', '64', 510, 'YES');
insert into CTYauCauMua (MaSP, MaYeuCau, SLCanMua, PheDuyetYeuCau) values ('2', '30', 560, NULL);
insert into CTYauCauMua (MaSP, MaYeuCau, SLCanMua, PheDuyetYeuCau) values ('96', '27', 220, 'YES');
insert into CTYauCauMua (MaSP, MaYeuCau, SLCanMua, PheDuyetYeuCau) values ('91', '77', 280, NULL);
insert into CTYauCauMua (MaSP, MaYeuCau, SLCanMua, PheDuyetYeuCau) values ('100', '79', 570, NULL);
insert into CTYauCauMua (MaSP, MaYeuCau, SLCanMua, PheDuyetYeuCau) values ('19', '22', 610, 'NO');
insert into CTYauCauMua (MaSP, MaYeuCau, SLCanMua, PheDuyetYeuCau) values ('68', '3', 920, NULL);
insert into CTYauCauMua (MaSP, MaYeuCau, SLCanMua, PheDuyetYeuCau) values ('47', '97', 810, NULL);
insert into CTYauCauMua (MaSP, MaYeuCau, SLCanMua, PheDuyetYeuCau) values ('11', '22', 270, NULL);
insert into CTYauCauMua (MaSP, MaYeuCau, SLCanMua, PheDuyetYeuCau) values ('64', '65', 530, NULL);
insert into CTYauCauMua (MaSP, MaYeuCau, SLCanMua, PheDuyetYeuCau) values ('20', '7', 40, 'YES');
insert into CTYauCauMua (MaSP, MaYeuCau, SLCanMua, PheDuyetYeuCau) values ('33', '87', 740, 'YES');
insert into CTYauCauMua (MaSP, MaYeuCau, SLCanMua, PheDuyetYeuCau) values ('28', '96', 870, NULL);
insert into CTYauCauMua (MaSP, MaYeuCau, SLCanMua, PheDuyetYeuCau) values ('35', '88', 20, 'NO');
insert into CTYauCauMua (MaSP, MaYeuCau, SLCanMua, PheDuyetYeuCau) values ('75', '23', 890, NULL);
insert into CTYauCauMua (MaSP, MaYeuCau, SLCanMua, PheDuyetYeuCau) values ('57', '55', 340, 'NO');
insert into CTYauCauMua (MaSP, MaYeuCau, SLCanMua, PheDuyetYeuCau) values ('81', '89', 890, NULL);
insert into CTYauCauMua (MaSP, MaYeuCau, SLCanMua, PheDuyetYeuCau) values ('7', '40', 720, NULL);
insert into CTYauCauMua (MaSP, MaYeuCau, SLCanMua, PheDuyetYeuCau) values ('52', '74', 610, NULL);
insert into CTYauCauMua (MaSP, MaYeuCau, SLCanMua, PheDuyetYeuCau) values ('48', '29', 180, 'NO');
insert into CTYauCauMua (MaSP, MaYeuCau, SLCanMua, PheDuyetYeuCau) values ('98', '28', 520, 'YES');
insert into CTYauCauMua (MaSP, MaYeuCau, SLCanMua, PheDuyetYeuCau) values ('20', '93', 140, NULL);
insert into CTYauCauMua (MaSP, MaYeuCau, SLCanMua, PheDuyetYeuCau) values ('18', '4', 670, NULL);
insert into CTYauCauMua (MaSP, MaYeuCau, SLCanMua, PheDuyetYeuCau) values ('6', '1', 10, NULL);
insert into CTYauCauMua (MaSP, MaYeuCau, SLCanMua, PheDuyetYeuCau) values ('14', '88', 670, NULL);
insert into CTYauCauMua (MaSP, MaYeuCau, SLCanMua, PheDuyetYeuCau) values ('35', '78', 220, NULL);
insert into CTYauCauMua (MaSP, MaYeuCau, SLCanMua, PheDuyetYeuCau) values ('56', '88', 780, NULL);
insert into CTYauCauMua (MaSP, MaYeuCau, SLCanMua, PheDuyetYeuCau) values ('62', '79', 950, NULL);
insert into CTYauCauMua (MaSP, MaYeuCau, SLCanMua, PheDuyetYeuCau) values ('56', '37', 40, NULL);
insert into CTYauCauMua (MaSP, MaYeuCau, SLCanMua, PheDuyetYeuCau) values ('67', '83', 690, NULL);
insert into CTYauCauMua (MaSP, MaYeuCau, SLCanMua, PheDuyetYeuCau) values ('62', '82', 60, 'NO');
insert into CTYauCauMua (MaSP, MaYeuCau, SLCanMua, PheDuyetYeuCau) values ('79', '10', 940, NULL);
insert into CTYauCauMua (MaSP, MaYeuCau, SLCanMua, PheDuyetYeuCau) values ('89', '87', 990, NULL);
insert into CTYauCauMua (MaSP, MaYeuCau, SLCanMua, PheDuyetYeuCau) values ('45', '86', 190, NULL);
insert into CTYauCauMua (MaSP, MaYeuCau, SLCanMua, PheDuyetYeuCau) values ('40', '83', 340, NULL);
insert into CTYauCauMua (MaSP, MaYeuCau, SLCanMua, PheDuyetYeuCau) values ('13', '15', 130, NULL);
insert into CTYauCauMua (MaSP, MaYeuCau, SLCanMua, PheDuyetYeuCau) values ('13', '66', 800, NULL);
insert into CTYauCauMua (MaSP, MaYeuCau, SLCanMua, PheDuyetYeuCau) values ('72', '32', 240, NULL);
insert into CTYauCauMua (MaSP, MaYeuCau, SLCanMua, PheDuyetYeuCau) values ('31', '39', 770, 'YES');
insert into CTYauCauMua (MaSP, MaYeuCau, SLCanMua, PheDuyetYeuCau) values ('5', '15', 850, NULL);
insert into CTYauCauMua (MaSP, MaYeuCau, SLCanMua, PheDuyetYeuCau) values ('1', '34', 0, NULL);
insert into CTYauCauMua (MaSP, MaYeuCau, SLCanMua, PheDuyetYeuCau) values ('44', '69', 40, 'YES');
insert into CTYauCauMua (MaSP, MaYeuCau, SLCanMua, PheDuyetYeuCau) values ('71', '13', 340, NULL);
insert into CTYauCauMua (MaSP, MaYeuCau, SLCanMua, PheDuyetYeuCau) values ('91', '34', 60, NULL);
insert into CTYauCauMua (MaSP, MaYeuCau, SLCanMua, PheDuyetYeuCau) values ('63', '8', 320, NULL);
insert into CTYauCauMua (MaSP, MaYeuCau, SLCanMua, PheDuyetYeuCau) values ('14', '44', 40, 'YES');
insert into CTYauCauMua (MaSP, MaYeuCau, SLCanMua, PheDuyetYeuCau) values ('35', '75', 560, NULL);
insert into CTYauCauMua (MaSP, MaYeuCau, SLCanMua, PheDuyetYeuCau) values ('18', '60', 740, 'YES');
insert into CTYauCauMua (MaSP, MaYeuCau, SLCanMua, PheDuyetYeuCau) values ('47', '24', 200, NULL);
insert into CTYauCauMua (MaSP, MaYeuCau, SLCanMua, PheDuyetYeuCau) values ('61', '12', 150, NULL);
insert into CTYauCauMua (MaSP, MaYeuCau, SLCanMua, PheDuyetYeuCau) values ('84', '99', 230, NULL);
insert into CTYauCauMua (MaSP, MaYeuCau, SLCanMua, PheDuyetYeuCau) values ('3', '44', 610, NULL);
insert into CTYauCauMua (MaSP, MaYeuCau, SLCanMua, PheDuyetYeuCau) values ('16', '57', 870, NULL);
insert into CTYauCauMua (MaSP, MaYeuCau, SLCanMua, PheDuyetYeuCau) values ('43', '32', 520, 'YES');
insert into CTYauCauMua (MaSP, MaYeuCau, SLCanMua, PheDuyetYeuCau) values ('93', '56', 910, 'YES');
insert into CTYauCauMua (MaSP, MaYeuCau, SLCanMua, PheDuyetYeuCau) values ('17', '26', 330, 'YES');
insert into CTYauCauMua (MaSP, MaYeuCau, SLCanMua, PheDuyetYeuCau) values ('94', '36', 220, 'YES');
insert into CTYauCauMua (MaSP, MaYeuCau, SLCanMua, PheDuyetYeuCau) values ('78', '77', 520, NULL);
insert into CTYauCauMua (MaSP, MaYeuCau, SLCanMua, PheDuyetYeuCau) values ('22', '64', 620, NULL);
insert into CTYauCauMua (MaSP, MaYeuCau, SLCanMua, PheDuyetYeuCau) values ('62', '44', 330, NULL);
insert into CTYauCauMua (MaSP, MaYeuCau, SLCanMua, PheDuyetYeuCau) values ('4', '80', 350, NULL);
insert into CTYauCauMua (MaSP, MaYeuCau, SLCanMua, PheDuyetYeuCau) values ('25', '79', 480, NULL);
insert into CTYauCauMua (MaSP, MaYeuCau, SLCanMua, PheDuyetYeuCau) values ('37', '92', 890, NULL);
insert into CTYauCauMua (MaSP, MaYeuCau, SLCanMua, PheDuyetYeuCau) values ('46', '22', 340, NULL);
insert into CTYauCauMua (MaSP, MaYeuCau, SLCanMua, PheDuyetYeuCau) values ('64', '8', 80, NULL);
insert into CTYauCauMua (MaSP, MaYeuCau, SLCanMua, PheDuyetYeuCau) values ('87', '11', 160, NULL);
insert into CTYauCauMua (MaSP, MaYeuCau, SLCanMua, PheDuyetYeuCau) values ('56', '93', 60, NULL);
insert into CTYauCauMua (MaSP, MaYeuCau, SLCanMua, PheDuyetYeuCau) values ('11', '69', 760, NULL);
insert into CTYauCauMua (MaSP, MaYeuCau, SLCanMua, PheDuyetYeuCau) values ('16', '4', 680, NULL);
insert into CTYauCauMua (MaSP, MaYeuCau, SLCanMua, PheDuyetYeuCau) values ('67', '89', 300, 'NO');
insert into CTYauCauMua (MaSP, MaYeuCau, SLCanMua, PheDuyetYeuCau) values ('82', '42', 850, NULL);
insert into CTYauCauMua (MaSP, MaYeuCau, SLCanMua, PheDuyetYeuCau) values ('96', '79', 600, NULL);
insert into CTYauCauMua (MaSP, MaYeuCau, SLCanMua, PheDuyetYeuCau) values ('93', '44', 250, NULL);
insert into CTYauCauMua (MaSP, MaYeuCau, SLCanMua, PheDuyetYeuCau) values ('44', '75', 770, NULL);
insert into CTYauCauMua (MaSP, MaYeuCau, SLCanMua, PheDuyetYeuCau) values ('99', '58', 320, NULL);
insert into CTYauCauMua (MaSP, MaYeuCau, SLCanMua, PheDuyetYeuCau) values ('35', '41', 70, NULL);
insert into CTYauCauMua (MaSP, MaYeuCau, SLCanMua, PheDuyetYeuCau) values ('14', '9', 490, 'NO');
insert into CTYauCauMua (MaSP, MaYeuCau, SLCanMua, PheDuyetYeuCau) values ('78', '19', 20, NULL);
insert into CTYauCauMua (MaSP, MaYeuCau, SLCanMua, PheDuyetYeuCau) values ('39', '72', 580, NULL);
insert into CTYauCauMua (MaSP, MaYeuCau, SLCanMua, PheDuyetYeuCau) values ('74', '26', 530, NULL);
insert into CTYauCauMua (MaSP, MaYeuCau, SLCanMua, PheDuyetYeuCau) values ('71', '29', 870, 'NO');
insert into CTYauCauMua (MaSP, MaYeuCau, SLCanMua, PheDuyetYeuCau) values ('78', '14', 310, 'NO');
insert into CTYauCauMua (MaSP, MaYeuCau, SLCanMua, PheDuyetYeuCau) values ('17', '25', 620, 'YES');
insert into CTYauCauMua (MaSP, MaYeuCau, SLCanMua, PheDuyetYeuCau) values ('32', '39', 150, NULL);
insert into CTYauCauMua (MaSP, MaYeuCau, SLCanMua, PheDuyetYeuCau) values ('80', '71', 540, NULL);
insert into CTYauCauMua (MaSP, MaYeuCau, SLCanMua, PheDuyetYeuCau) values ('7', '53', 850, NULL);
insert into CTYauCauMua (MaSP, MaYeuCau, SLCanMua, PheDuyetYeuCau) values ('12', '1', 730, NULL);
insert into CTYauCauMua (MaSP, MaYeuCau, SLCanMua, PheDuyetYeuCau) values ('51', '96', 800, 'NO');
insert into CTYauCauMua (MaSP, MaYeuCau, SLCanMua, PheDuyetYeuCau) values ('58', '61', 100, NULL);
insert into CTYauCauMua (MaSP, MaYeuCau, SLCanMua, PheDuyetYeuCau) values ('96', '94', 940, 'NO');
go
insert into DonMuaHang (MaDonMuaHang, NguoiPhuTrach, NgayDat, TongTienMua) values (1, 15, '2019/08/27', 67500000);
insert into DonMuaHang (MaDonMuaHang, NguoiPhuTrach, NgayDat, TongTienMua) values (2, 84, '2019/07/28', 4400000);
insert into DonMuaHang (MaDonMuaHang, NguoiPhuTrach, NgayDat, TongTienMua) values (3, 75, '2019/07/27', 39500000);
insert into DonMuaHang (MaDonMuaHang, NguoiPhuTrach, NgayDat, TongTienMua) values (4, 36, '2019/04/21', 16500000);
insert into DonMuaHang (MaDonMuaHang, NguoiPhuTrach, NgayDat, TongTienMua) values (5, 25, '2019/10/20', 46500000);
insert into DonMuaHang (MaDonMuaHang, NguoiPhuTrach, NgayDat, TongTienMua) values (6, 98, '2019/04/30', 50100000);
insert into DonMuaHang (MaDonMuaHang, NguoiPhuTrach, NgayDat, TongTienMua) values (7, 9, '2019/02/01', 20500000);
insert into DonMuaHang (MaDonMuaHang, NguoiPhuTrach, NgayDat, TongTienMua) values (8, 62, '2019/02/15', 40900000);
insert into DonMuaHang (MaDonMuaHang, NguoiPhuTrach, NgayDat, TongTienMua) values (9, 82, '2019/08/27', 35400000);
insert into DonMuaHang (MaDonMuaHang, NguoiPhuTrach, NgayDat, TongTienMua) values (10, 24, '2019/04/08', 35300000);
insert into DonMuaHang (MaDonMuaHang, NguoiPhuTrach, NgayDat, TongTienMua) values (11, 88, '2019/05/03', 48500000);
insert into DonMuaHang (MaDonMuaHang, NguoiPhuTrach, NgayDat, TongTienMua) values (12, 58, '2019/01/14', 44700000);
insert into DonMuaHang (MaDonMuaHang, NguoiPhuTrach, NgayDat, TongTienMua) values (13, 30, '2019/04/04', 58600000);
insert into DonMuaHang (MaDonMuaHang, NguoiPhuTrach, NgayDat, TongTienMua) values (14, 51, '2019/10/27', 53600000);
insert into DonMuaHang (MaDonMuaHang, NguoiPhuTrach, NgayDat, TongTienMua) values (15, 80, '2019/11/01', 27900000);
insert into DonMuaHang (MaDonMuaHang, NguoiPhuTrach, NgayDat, TongTienMua) values (16, 44, '2019/09/02', 37700000);
insert into DonMuaHang (MaDonMuaHang, NguoiPhuTrach, NgayDat, TongTienMua) values (17, 19, '2019/01/29', 16000000);
insert into DonMuaHang (MaDonMuaHang, NguoiPhuTrach, NgayDat, TongTienMua) values (18, 15, '2019/06/07', 31500000);
insert into DonMuaHang (MaDonMuaHang, NguoiPhuTrach, NgayDat, TongTienMua) values (19, 23, '2019/07/25', 40300000);
insert into DonMuaHang (MaDonMuaHang, NguoiPhuTrach, NgayDat, TongTienMua) values (20, 89, '2019/09/28', 39700000);
insert into DonMuaHang (MaDonMuaHang, NguoiPhuTrach, NgayDat, TongTienMua) values (21, 57, '2019/02/18', 45100000);
insert into DonMuaHang (MaDonMuaHang, NguoiPhuTrach, NgayDat, TongTienMua) values (22, 1, '2019/07/30', 57400000);
insert into DonMuaHang (MaDonMuaHang, NguoiPhuTrach, NgayDat, TongTienMua) values (23, 22, '2018/12/22', 7300000);
insert into DonMuaHang (MaDonMuaHang, NguoiPhuTrach, NgayDat, TongTienMua) values (24, 74, '2019/03/08', 57200000);
insert into DonMuaHang (MaDonMuaHang, NguoiPhuTrach, NgayDat, TongTienMua) values (25, 45, '2019/06/07', 14300000);
insert into DonMuaHang (MaDonMuaHang, NguoiPhuTrach, NgayDat, TongTienMua) values (26, 54, '2019/06/11', 22900000);
insert into DonMuaHang (MaDonMuaHang, NguoiPhuTrach, NgayDat, TongTienMua) values (27, 74, '2019/01/19', 61800000);
insert into DonMuaHang (MaDonMuaHang, NguoiPhuTrach, NgayDat, TongTienMua) values (28, 28, '2019/07/30', 91700000);
insert into DonMuaHang (MaDonMuaHang, NguoiPhuTrach, NgayDat, TongTienMua) values (29, 54, '2019/01/30', 74200000);
insert into DonMuaHang (MaDonMuaHang, NguoiPhuTrach, NgayDat, TongTienMua) values (30, 94, '2019/05/29', 53500000);
insert into DonMuaHang (MaDonMuaHang, NguoiPhuTrach, NgayDat, TongTienMua) values (31, 48, '2019/07/11', 59300000);
insert into DonMuaHang (MaDonMuaHang, NguoiPhuTrach, NgayDat, TongTienMua) values (32, 64, '2019/04/30', 64900000);
insert into DonMuaHang (MaDonMuaHang, NguoiPhuTrach, NgayDat, TongTienMua) values (33, 87, '2019/05/22', 43200000);
insert into DonMuaHang (MaDonMuaHang, NguoiPhuTrach, NgayDat, TongTienMua) values (34, 82, '2019/10/21', 85100000);
insert into DonMuaHang (MaDonMuaHang, NguoiPhuTrach, NgayDat, TongTienMua) values (35, 44, '2019/04/03', 88300000);
insert into DonMuaHang (MaDonMuaHang, NguoiPhuTrach, NgayDat, TongTienMua) values (36, 63, '2019/10/30', 98700000);
insert into DonMuaHang (MaDonMuaHang, NguoiPhuTrach, NgayDat, TongTienMua) values (37, 88, '2019/08/17', 9000000);
insert into DonMuaHang (MaDonMuaHang, NguoiPhuTrach, NgayDat, TongTienMua) values (38, 97, '2019/07/05', 63400000);
insert into DonMuaHang (MaDonMuaHang, NguoiPhuTrach, NgayDat, TongTienMua) values (39, 98, '2019/11/15', 54700000);
insert into DonMuaHang (MaDonMuaHang, NguoiPhuTrach, NgayDat, TongTienMua) values (40, 79, '2019/10/02', 74300000);
insert into DonMuaHang (MaDonMuaHang, NguoiPhuTrach, NgayDat, TongTienMua) values (41, 43, '2019/01/03', 85700000);
insert into DonMuaHang (MaDonMuaHang, NguoiPhuTrach, NgayDat, TongTienMua) values (42, 85, '2019/10/15', 51400000);
insert into DonMuaHang (MaDonMuaHang, NguoiPhuTrach, NgayDat, TongTienMua) values (43, 77, '2019/11/01', 64700000);
insert into DonMuaHang (MaDonMuaHang, NguoiPhuTrach, NgayDat, TongTienMua) values (44, 60, '2019/03/11', 66200000);
insert into DonMuaHang (MaDonMuaHang, NguoiPhuTrach, NgayDat, TongTienMua) values (45, 38, '2019/06/12', 69300000);
insert into DonMuaHang (MaDonMuaHang, NguoiPhuTrach, NgayDat, TongTienMua) values (46, 11, '2019/02/27', 17700000);
insert into DonMuaHang (MaDonMuaHang, NguoiPhuTrach, NgayDat, TongTienMua) values (47, 23, '2019/09/22', 90700000);
insert into DonMuaHang (MaDonMuaHang, NguoiPhuTrach, NgayDat, TongTienMua) values (48, 51, '2018/12/31', 80600000);
insert into DonMuaHang (MaDonMuaHang, NguoiPhuTrach, NgayDat, TongTienMua) values (49, 77, '2019/03/31', 75300000);
insert into DonMuaHang (MaDonMuaHang, NguoiPhuTrach, NgayDat, TongTienMua) values (50, 33, '2018/12/16', 69500000);
insert into DonMuaHang (MaDonMuaHang, NguoiPhuTrach, NgayDat, TongTienMua) values (51, 27, '2019/02/20', 48600000);
insert into DonMuaHang (MaDonMuaHang, NguoiPhuTrach, NgayDat, TongTienMua) values (52, 71, '2018/12/19', 32800000);
insert into DonMuaHang (MaDonMuaHang, NguoiPhuTrach, NgayDat, TongTienMua) values (53, 2, '2019/11/18', 79900000);
insert into DonMuaHang (MaDonMuaHang, NguoiPhuTrach, NgayDat, TongTienMua) values (54, 15, '2019/05/16', 21700000);
insert into DonMuaHang (MaDonMuaHang, NguoiPhuTrach, NgayDat, TongTienMua) values (55, 8, '2019/05/18', 60200000);
insert into DonMuaHang (MaDonMuaHang, NguoiPhuTrach, NgayDat, TongTienMua) values (56, 10, '2018/11/25', 26300000);
insert into DonMuaHang (MaDonMuaHang, NguoiPhuTrach, NgayDat, TongTienMua) values (57, 79, '2019/11/18', 80700000);
insert into DonMuaHang (MaDonMuaHang, NguoiPhuTrach, NgayDat, TongTienMua) values (58, 11, '2019/01/11', 11000000);
insert into DonMuaHang (MaDonMuaHang, NguoiPhuTrach, NgayDat, TongTienMua) values (59, 60, '2019/01/09', 15900000);
insert into DonMuaHang (MaDonMuaHang, NguoiPhuTrach, NgayDat, TongTienMua) values (60, 4, '2019/02/14', 58100000);
insert into DonMuaHang (MaDonMuaHang, NguoiPhuTrach, NgayDat, TongTienMua) values (61, 51, '2019/03/02', 41500000);
insert into DonMuaHang (MaDonMuaHang, NguoiPhuTrach, NgayDat, TongTienMua) values (62, 18, '2018/12/19', 9900000);
insert into DonMuaHang (MaDonMuaHang, NguoiPhuTrach, NgayDat, TongTienMua) values (63, 1, '2019/10/16', 39700000);
insert into DonMuaHang (MaDonMuaHang, NguoiPhuTrach, NgayDat, TongTienMua) values (64, 91, '2019/08/30', 55600000);
insert into DonMuaHang (MaDonMuaHang, NguoiPhuTrach, NgayDat, TongTienMua) values (65, 7, '2019/07/04', 46500000);
insert into DonMuaHang (MaDonMuaHang, NguoiPhuTrach, NgayDat, TongTienMua) values (66, 73, '2019/10/19', 38300000);
insert into DonMuaHang (MaDonMuaHang, NguoiPhuTrach, NgayDat, TongTienMua) values (67, 4, '2019/02/15', 18100000);
insert into DonMuaHang (MaDonMuaHang, NguoiPhuTrach, NgayDat, TongTienMua) values (68, 17, '2019/11/12', 46000000);
insert into DonMuaHang (MaDonMuaHang, NguoiPhuTrach, NgayDat, TongTienMua) values (69, 27, '2019/08/16', 87900000);
insert into DonMuaHang (MaDonMuaHang, NguoiPhuTrach, NgayDat, TongTienMua) values (70, 62, '2019/03/19', 82600000);
insert into DonMuaHang (MaDonMuaHang, NguoiPhuTrach, NgayDat, TongTienMua) values (71, 72, '2019/05/02', 29600000);
insert into DonMuaHang (MaDonMuaHang, NguoiPhuTrach, NgayDat, TongTienMua) values (72, 87, '2019/11/01', 78900000);
insert into DonMuaHang (MaDonMuaHang, NguoiPhuTrach, NgayDat, TongTienMua) values (73, 44, '2019/04/05', 76400000);
insert into DonMuaHang (MaDonMuaHang, NguoiPhuTrach, NgayDat, TongTienMua) values (74, 66, '2019/05/14', 91200000);
insert into DonMuaHang (MaDonMuaHang, NguoiPhuTrach, NgayDat, TongTienMua) values (75, 2, '2019/02/02', 55200000);
insert into DonMuaHang (MaDonMuaHang, NguoiPhuTrach, NgayDat, TongTienMua) values (76, 32, '2019/03/09', 99800000);
insert into DonMuaHang (MaDonMuaHang, NguoiPhuTrach, NgayDat, TongTienMua) values (77, 72, '2019/02/13', 90900000);
insert into DonMuaHang (MaDonMuaHang, NguoiPhuTrach, NgayDat, TongTienMua) values (78, 21, '2019/01/20', 60800000);
insert into DonMuaHang (MaDonMuaHang, NguoiPhuTrach, NgayDat, TongTienMua) values (79, 80, '2019/05/24', 44200000);
insert into DonMuaHang (MaDonMuaHang, NguoiPhuTrach, NgayDat, TongTienMua) values (80, 98, '2019/02/09', 50100000);
insert into DonMuaHang (MaDonMuaHang, NguoiPhuTrach, NgayDat, TongTienMua) values (81, 93, '2019/08/23', 95800000);
insert into DonMuaHang (MaDonMuaHang, NguoiPhuTrach, NgayDat, TongTienMua) values (82, 23, '2019/08/27', 48700000);
insert into DonMuaHang (MaDonMuaHang, NguoiPhuTrach, NgayDat, TongTienMua) values (83, 16, '2019/08/21', 72000000);
insert into DonMuaHang (MaDonMuaHang, NguoiPhuTrach, NgayDat, TongTienMua) values (84, 20, '2019/05/09', 68300000);
insert into DonMuaHang (MaDonMuaHang, NguoiPhuTrach, NgayDat, TongTienMua) values (85, 58, '2019/05/31', 94000000);
insert into DonMuaHang (MaDonMuaHang, NguoiPhuTrach, NgayDat, TongTienMua) values (86, 42, '2019/05/15', 43900000);
insert into DonMuaHang (MaDonMuaHang, NguoiPhuTrach, NgayDat, TongTienMua) values (87, 76, '2019/11/21', 19900000);
insert into DonMuaHang (MaDonMuaHang, NguoiPhuTrach, NgayDat, TongTienMua) values (88, 68, '2019/08/26', 33100000);
insert into DonMuaHang (MaDonMuaHang, NguoiPhuTrach, NgayDat, TongTienMua) values (89, 54, '2019/10/27', 8800000);
insert into DonMuaHang (MaDonMuaHang, NguoiPhuTrach, NgayDat, TongTienMua) values (90, 20, '2019/03/24', 28800000);
insert into DonMuaHang (MaDonMuaHang, NguoiPhuTrach, NgayDat, TongTienMua) values (91, 92, '2019/05/21', 76000000);
insert into DonMuaHang (MaDonMuaHang, NguoiPhuTrach, NgayDat, TongTienMua) values (92, 90, '2019/02/17', 30700000);
insert into DonMuaHang (MaDonMuaHang, NguoiPhuTrach, NgayDat, TongTienMua) values (93, 63, '2019/08/16', 52900000);
insert into DonMuaHang (MaDonMuaHang, NguoiPhuTrach, NgayDat, TongTienMua) values (94, 46, '2019/11/21', 95900000);
insert into DonMuaHang (MaDonMuaHang, NguoiPhuTrach, NgayDat, TongTienMua) values (95, 94, '2019/09/28', 34900000);
insert into DonMuaHang (MaDonMuaHang, NguoiPhuTrach, NgayDat, TongTienMua) values (96, 58, '2019/01/23', 43300000);
insert into DonMuaHang (MaDonMuaHang, NguoiPhuTrach, NgayDat, TongTienMua) values (97, 87, '2018/11/23', 66100000);
insert into DonMuaHang (MaDonMuaHang, NguoiPhuTrach, NgayDat, TongTienMua) values (98, 30, '2019/06/10', 34200000);
insert into DonMuaHang (MaDonMuaHang, NguoiPhuTrach, NgayDat, TongTienMua) values (99, 62, '2019/08/05', 75000000);
insert into DonMuaHang (MaDonMuaHang, NguoiPhuTrach, NgayDat, TongTienMua) values (100, 79, '2019/01/17', 88400000);
go
insert into CTMua (MaNCC, MaSP, MaDonMuaHang, DonGia) values ('Hill', '13', 22, 80500000);
insert into CTMua (MaNCC, MaSP, MaDonMuaHang, DonGia) values ('Plaza', '55', 37, 70000000);
insert into CTMua (MaNCC, MaSP, MaDonMuaHang, DonGia) values ('Way', '51', 33, 16800000);
insert into CTMua (MaNCC, MaSP, MaDonMuaHang, DonGia) values ('Lane', '32', 65, 20800000);
insert into CTMua (MaNCC, MaSP, MaDonMuaHang, DonGia) values ('Point', '27', 70, 63000000);
insert into CTMua (MaNCC, MaSP, MaDonMuaHang, DonGia) values ('Drive', '4', 96, 68400000);
insert into CTMua (MaNCC, MaSP, MaDonMuaHang, DonGia) values ('Crossing', '7', 72, 21000000);
insert into CTMua (MaNCC, MaSP, MaDonMuaHang, DonGia) values ('Lane', '89', 59, 80100000);
insert into CTMua (MaNCC, MaSP, MaDonMuaHang, DonGia) values ('Drive', '66', 72, 63700000);
insert into CTMua (MaNCC, MaSP, MaDonMuaHang, DonGia) values ('Junction', '54', 75, 10400000);
insert into CTMua (MaNCC, MaSP, MaDonMuaHang, DonGia) values ('Alley', '94', 76, 31500000);
insert into CTMua (MaNCC, MaSP, MaDonMuaHang, DonGia) values ('Pass', '48', 34, 78100000);
insert into CTMua (MaNCC, MaSP, MaDonMuaHang, DonGia) values ('Center', '97', 73, 95700000);
insert into CTMua (MaNCC, MaSP, MaDonMuaHang, DonGia) values ('Way', '92', 47, 8300000);
insert into CTMua (MaNCC, MaSP, MaDonMuaHang, DonGia) values ('Terrace', '49', 7, 35100000);
insert into CTMua (MaNCC, MaSP, MaDonMuaHang, DonGia) values ('Center', '64', 90, 5900000);
insert into CTMua (MaNCC, MaSP, MaDonMuaHang, DonGia) values ('Lane', '46', 82, 97900000);
insert into CTMua (MaNCC, MaSP, MaDonMuaHang, DonGia) values ('Park', '7', 89, 42600000);
insert into CTMua (MaNCC, MaSP, MaDonMuaHang, DonGia) values ('Avenue', '36', 55, 73300000);
insert into CTMua (MaNCC, MaSP, MaDonMuaHang, DonGia) values ('Hill', '34', 84, 49700000);
insert into CTMua (MaNCC, MaSP, MaDonMuaHang, DonGia) values ('Hill', '48', 20, 79900000);
insert into CTMua (MaNCC, MaSP, MaDonMuaHang, DonGia) values ('Drive', '5', 19, 37400000);
insert into CTMua (MaNCC, MaSP, MaDonMuaHang, DonGia) values ('Road', '2', 18, 26600000);
insert into CTMua (MaNCC, MaSP, MaDonMuaHang, DonGia) values ('Pass', '6', 79, 30300000);
insert into CTMua (MaNCC, MaSP, MaDonMuaHang, DonGia) values ('Crossing', '96', 5, 31800000);
insert into CTMua (MaNCC, MaSP, MaDonMuaHang, DonGia) values ('Junction', '73', 13, 7400000);
insert into CTMua (MaNCC, MaSP, MaDonMuaHang, DonGia) values ('Pass', '87', 23, 99400000);
insert into CTMua (MaNCC, MaSP, MaDonMuaHang, DonGia) values ('Park', '67', 89, 64200000);
insert into CTMua (MaNCC, MaSP, MaDonMuaHang, DonGia) values ('Crossing', '7', 62, 56300000);
insert into CTMua (MaNCC, MaSP, MaDonMuaHang, DonGia) values ('Center', '79', 84, 22700000);
insert into CTMua (MaNCC, MaSP, MaDonMuaHang, DonGia) values ('Pass', '64', 98, 49500000);
insert into CTMua (MaNCC, MaSP, MaDonMuaHang, DonGia) values ('Plaza', '59', 75, 73000000);
insert into CTMua (MaNCC, MaSP, MaDonMuaHang, DonGia) values ('Street', '38', 46, 72600000);
insert into CTMua (MaNCC, MaSP, MaDonMuaHang, DonGia) values ('Junction', '69', 7, 97100000);
insert into CTMua (MaNCC, MaSP, MaDonMuaHang, DonGia) values ('Road', '43', 80, 12300000);
insert into CTMua (MaNCC, MaSP, MaDonMuaHang, DonGia) values ('Center', '8', 19, 83900000);
insert into CTMua (MaNCC, MaSP, MaDonMuaHang, DonGia) values ('Road', '43', 68, 69500000);
insert into CTMua (MaNCC, MaSP, MaDonMuaHang, DonGia) values ('Center', '79', 47, 500000);
insert into CTMua (MaNCC, MaSP, MaDonMuaHang, DonGia) values ('Alley', '96', 100, 90500000);
insert into CTMua (MaNCC, MaSP, MaDonMuaHang, DonGia) values ('Road', '32', 9, 62300000);
insert into CTMua (MaNCC, MaSP, MaDonMuaHang, DonGia) values ('Center', '79', 67, 9900000);
insert into CTMua (MaNCC, MaSP, MaDonMuaHang, DonGia) values ('Street', '46', 40, 75100000);
insert into CTMua (MaNCC, MaSP, MaDonMuaHang, DonGia) values ('Drive', '84', 31, 66900000);
insert into CTMua (MaNCC, MaSP, MaDonMuaHang, DonGia) values ('Place', '92', 58, 19100000);
insert into CTMua (MaNCC, MaSP, MaDonMuaHang, DonGia) values ('Court', '75', 28, 65100000);
insert into CTMua (MaNCC, MaSP, MaDonMuaHang, DonGia) values ('Park', '7', 83, 11300000);
insert into CTMua (MaNCC, MaSP, MaDonMuaHang, DonGia) values ('Center', '49', 58, 73400000);
insert into CTMua (MaNCC, MaSP, MaDonMuaHang, DonGia) values ('Drive', '70', 67, 92700000);
insert into CTMua (MaNCC, MaSP, MaDonMuaHang, DonGia) values ('Junction', '54', 54, 38800000);
insert into CTMua (MaNCC, MaSP, MaDonMuaHang, DonGia) values ('Pass', '8', 90, 48200000);
insert into CTMua (MaNCC, MaSP, MaDonMuaHang, DonGia) values ('Circle', '46', 76, 96800000);
insert into CTMua (MaNCC, MaSP, MaDonMuaHang, DonGia) values ('Drive', '92', 11, 82100000);
insert into CTMua (MaNCC, MaSP, MaDonMuaHang, DonGia) values ('Trail', '4', 32, 91200000);
insert into CTMua (MaNCC, MaSP, MaDonMuaHang, DonGia) values ('Lane', '48', 36, 19200000);
insert into CTMua (MaNCC, MaSP, MaDonMuaHang, DonGia) values ('Hill', '10', 99, 86700000);
insert into CTMua (MaNCC, MaSP, MaDonMuaHang, DonGia) values ('Center', '95', 87, 18900000);
insert into CTMua (MaNCC, MaSP, MaDonMuaHang, DonGia) values ('Junction', '69', 6, 10600000);
insert into CTMua (MaNCC, MaSP, MaDonMuaHang, DonGia) values ('Place', '85', 38, 16800000);
insert into CTMua (MaNCC, MaSP, MaDonMuaHang, DonGia) values ('Center', '65', 47, 66000000);
insert into CTMua (MaNCC, MaSP, MaDonMuaHang, DonGia) values ('Pass', '75', 16, 27400000);
insert into CTMua (MaNCC, MaSP, MaDonMuaHang, DonGia) values ('Crossing', '96', 47, 7100000);
insert into CTMua (MaNCC, MaSP, MaDonMuaHang, DonGia) values ('Drive', '92', 70, 79500000);
insert into CTMua (MaNCC, MaSP, MaDonMuaHang, DonGia) values ('Road', '6', 12, 80000000);
insert into CTMua (MaNCC, MaSP, MaDonMuaHang, DonGia) values ('Pass', '41', 24, 14700000);
insert into CTMua (MaNCC, MaSP, MaDonMuaHang, DonGia) values ('Center', '22', 94, 56500000);
insert into CTMua (MaNCC, MaSP, MaDonMuaHang, DonGia) values ('Pass', '71', 55, 53600000);
insert into CTMua (MaNCC, MaSP, MaDonMuaHang, DonGia) values ('Drive', '29', 20, 47000000);
insert into CTMua (MaNCC, MaSP, MaDonMuaHang, DonGia) values ('Road', '2', 13, 78900000);
insert into CTMua (MaNCC, MaSP, MaDonMuaHang, DonGia) values ('Plaza', '15', 89, 9700000);
insert into CTMua (MaNCC, MaSP, MaDonMuaHang, DonGia) values ('Junction', '64', 19, 80100000);
insert into CTMua (MaNCC, MaSP, MaDonMuaHang, DonGia) values ('Crossing', '44', 92, 94500000);
insert into CTMua (MaNCC, MaSP, MaDonMuaHang, DonGia) values ('Center', '47', 20, 95900000);
insert into CTMua (MaNCC, MaSP, MaDonMuaHang, DonGia) values ('Hill', '70', 83, 78100000);
insert into CTMua (MaNCC, MaSP, MaDonMuaHang, DonGia) values ('Terrace', '49', 4, 85800000);
insert into CTMua (MaNCC, MaSP, MaDonMuaHang, DonGia) values ('Way', '97', 13, 28000000);
insert into CTMua (MaNCC, MaSP, MaDonMuaHang, DonGia) values ('Pass', '41', 63, 9300000);
insert into CTMua (MaNCC, MaSP, MaDonMuaHang, DonGia) values ('Terrace', '67', 99, 87500000);
insert into CTMua (MaNCC, MaSP, MaDonMuaHang, DonGia) values ('Road', '46', 73, 47600000);
insert into CTMua (MaNCC, MaSP, MaDonMuaHang, DonGia) values ('Road', '32', 61, 81500000);
insert into CTMua (MaNCC, MaSP, MaDonMuaHang, DonGia) values ('Trail', '19', 59, 28700000);
insert into CTMua (MaNCC, MaSP, MaDonMuaHang, DonGia) values ('Center', '22', 3, 92300000);
insert into CTMua (MaNCC, MaSP, MaDonMuaHang, DonGia) values ('Plaza', '55', 82, 61000000);
insert into CTMua (MaNCC, MaSP, MaDonMuaHang, DonGia) values ('Way', '92', 99, 72400000);
insert into CTMua (MaNCC, MaSP, MaDonMuaHang, DonGia) values ('Place', '91', 2, 79700000);
insert into CTMua (MaNCC, MaSP, MaDonMuaHang, DonGia) values ('Pass', '6', 42, 98200000);
insert into CTMua (MaNCC, MaSP, MaDonMuaHang, DonGia) values ('Pass', '23', 58, 27600000);
insert into CTMua (MaNCC, MaSP, MaDonMuaHang, DonGia) values ('Way', '92', 40, 3400000);
insert into CTMua (MaNCC, MaSP, MaDonMuaHang, DonGia) values ('Street', '28', 6, 96400000);
insert into CTMua (MaNCC, MaSP, MaDonMuaHang, DonGia) values ('Drive', '31', 32, 10300000);
insert into CTMua (MaNCC, MaSP, MaDonMuaHang, DonGia) values ('Place', '3', 22, 80500000);
insert into CTMua (MaNCC, MaSP, MaDonMuaHang, DonGia) values ('Drive', '31', 5, 9400000);
insert into CTMua (MaNCC, MaSP, MaDonMuaHang, DonGia) values ('Place', '18', 53, 14600000);
insert into CTMua (MaNCC, MaSP, MaDonMuaHang, DonGia) values ('Plaza', '55', 28, 51400000);
insert into CTMua (MaNCC, MaSP, MaDonMuaHang, DonGia) values ('Alley', '94', 99, 99500000);
insert into CTMua (MaNCC, MaSP, MaDonMuaHang, DonGia) values ('Center', '83', 25, 71400000);
insert into CTMua (MaNCC, MaSP, MaDonMuaHang, DonGia) values ('Center', '26', 26, 13300000);
insert into CTMua (MaNCC, MaSP, MaDonMuaHang, DonGia) values ('Center', '79', 16, 39400000);
insert into CTMua (MaNCC, MaSP, MaDonMuaHang, DonGia) values ('Lane', '69', 12, 2700000);
insert into CTMua (MaNCC, MaSP, MaDonMuaHang, DonGia) values ('Drive', '4', 70, 46400000);
insert into CTMua (MaNCC, MaSP, MaDonMuaHang, DonGia) values ('Crossing', '83', 47, 90200000);
insert into CTMua (MaNCC, MaSP, MaDonMuaHang, DonGia) values ('Drive', '87', 81, 66100000);
insert into CTMua (MaNCC, MaSP, MaDonMuaHang, DonGia) values ('Road', '32', 47, 21700000);
insert into CTMua (MaNCC, MaSP, MaDonMuaHang, DonGia) values ('Circle', '31', 54, 50700000);
insert into CTMua (MaNCC, MaSP, MaDonMuaHang, DonGia) values ('Hill', '90', 95, 96400000);
insert into CTMua (MaNCC, MaSP, MaDonMuaHang, DonGia) values ('Avenue', '10', 31, 81200000);
insert into CTMua (MaNCC, MaSP, MaDonMuaHang, DonGia) values ('Road', '2', 52, 91300000);
insert into CTMua (MaNCC, MaSP, MaDonMuaHang, DonGia) values ('Circle', '30', 85, 71900000);
insert into CTMua (MaNCC, MaSP, MaDonMuaHang, DonGia) values ('Pass', '48', 34, 44300000);
insert into CTMua (MaNCC, MaSP, MaDonMuaHang, DonGia) values ('Way', '92', 83, 85900000);
insert into CTMua (MaNCC, MaSP, MaDonMuaHang, DonGia) values ('Way', '37', 20, 87100000);
insert into CTMua (MaNCC, MaSP, MaDonMuaHang, DonGia) values ('Center', '63', 45, 50200000);
insert into CTMua (MaNCC, MaSP, MaDonMuaHang, DonGia) values ('Way', '92', 86, 29200000);
insert into CTMua (MaNCC, MaSP, MaDonMuaHang, DonGia) values ('Hill', '90', 20, 68600000);
insert into CTMua (MaNCC, MaSP, MaDonMuaHang, DonGia) values ('Lane', '62', 83, 10500000);
insert into CTMua (MaNCC, MaSP, MaDonMuaHang, DonGia) values ('Road', '2', 66, 99500000);
insert into CTMua (MaNCC, MaSP, MaDonMuaHang, DonGia) values ('Lane', '43', 32, 76000000);
insert into CTMua (MaNCC, MaSP, MaDonMuaHang, DonGia) values ('Center', '79', 21, 37500000);
insert into CTMua (MaNCC, MaSP, MaDonMuaHang, DonGia) values ('Place', '20', 17, 36800000);
insert into CTMua (MaNCC, MaSP, MaDonMuaHang, DonGia) values ('Road', '82', 59, 48300000);
insert into CTMua (MaNCC, MaSP, MaDonMuaHang, DonGia) values ('Terrace', '49', 69, 36400000);
insert into CTMua (MaNCC, MaSP, MaDonMuaHang, DonGia) values ('Pass', '48', 44, 56500000);
insert into CTMua (MaNCC, MaSP, MaDonMuaHang, DonGia) values ('Center', '7', 45, 59600000);
insert into CTMua (MaNCC, MaSP, MaDonMuaHang, DonGia) values ('Park', '37', 41, 62600000);
insert into CTMua (MaNCC, MaSP, MaDonMuaHang, DonGia) values ('Center', '7', 91, 700000);
insert into CTMua (MaNCC, MaSP, MaDonMuaHang, DonGia) values ('Pass', '23', 47, 95800000);
insert into CTMua (MaNCC, MaSP, MaDonMuaHang, DonGia) values ('Center', '14', 45, 27600000);
insert into CTMua (MaNCC, MaSP, MaDonMuaHang, DonGia) values ('Alley', '94', 16, 6000000);
insert into CTMua (MaNCC, MaSP, MaDonMuaHang, DonGia) values ('Avenue', '74', 93, 57400000);
insert into CTMua (MaNCC, MaSP, MaDonMuaHang, DonGia) values ('Alley', '63', 78, 13600000);
insert into CTMua (MaNCC, MaSP, MaDonMuaHang, DonGia) values ('Avenue', '61', 33, 14000000);
insert into CTMua (MaNCC, MaSP, MaDonMuaHang, DonGia) values ('Junction', '54', 46, 72700000);
insert into CTMua (MaNCC, MaSP, MaDonMuaHang, DonGia) values ('Trail', '19', 98, 65600000);
insert into CTMua (MaNCC, MaSP, MaDonMuaHang, DonGia) values ('Place', '65', 97, 45300000);
insert into CTMua (MaNCC, MaSP, MaDonMuaHang, DonGia) values ('Way', '48', 77, 90700000);
insert into CTMua (MaNCC, MaSP, MaDonMuaHang, DonGia) values ('Road', '37', 55, 78100000);
insert into CTMua (MaNCC, MaSP, MaDonMuaHang, DonGia) values ('Junction', '64', 79, 5800000);
insert into CTMua (MaNCC, MaSP, MaDonMuaHang, DonGia) values ('Road', '46', 21, 19200000);
insert into CTMua (MaNCC, MaSP, MaDonMuaHang, DonGia) values ('Point', '71', 54, 64700000);
insert into CTMua (MaNCC, MaSP, MaDonMuaHang, DonGia) values ('Street', '35', 89, 66500000);
insert into CTMua (MaNCC, MaSP, MaDonMuaHang, DonGia) values ('Road', '43', 44, 81300000);
insert into CTMua (MaNCC, MaSP, MaDonMuaHang, DonGia) values ('Lane', '91', 60, 66300000);
insert into CTMua (MaNCC, MaSP, MaDonMuaHang, DonGia) values ('Crossing', '96', 6, 42100000);
insert into CTMua (MaNCC, MaSP, MaDonMuaHang, DonGia) values ('Center', '7', 38, 18300000);
insert into CTMua (MaNCC, MaSP, MaDonMuaHang, DonGia) values ('Hill', '7', 23, 27800000);
insert into CTMua (MaNCC, MaSP, MaDonMuaHang, DonGia) values ('Pass', '64', 88, 37400000);
insert into CTMua (MaNCC, MaSP, MaDonMuaHang, DonGia) values ('Trail', '19', 24, 88700000);
insert into CTMua (MaNCC, MaSP, MaDonMuaHang, DonGia) values ('Junction', '64', 81, 48400000);
insert into CTMua (MaNCC, MaSP, MaDonMuaHang, DonGia) values ('Drive', '65', 98, 35800000);
insert into CTMua (MaNCC, MaSP, MaDonMuaHang, DonGia) values ('Hill', '10', 17, 28400000);
insert into CTMua (MaNCC, MaSP, MaDonMuaHang, DonGia) values ('Crossing', '7', 68, 99700000);
insert into CTMua (MaNCC, MaSP, MaDonMuaHang, DonGia) values ('Hill', '7', 86, 44600000);
insert into CTMua (MaNCC, MaSP, MaDonMuaHang, DonGia) values ('Place', '20', 29, 29500000);
insert into CTMua (MaNCC, MaSP, MaDonMuaHang, DonGia) values ('Drive', '86', 66, 43900000);
insert into CTMua (MaNCC, MaSP, MaDonMuaHang, DonGia) values ('Alley', '63', 37, 53700000);
insert into CTMua (MaNCC, MaSP, MaDonMuaHang, DonGia) values ('Alley', '21', 97, 29800000);
insert into CTMua (MaNCC, MaSP, MaDonMuaHang, DonGia) values ('Avenue', '36', 57, 49300000);
insert into CTMua (MaNCC, MaSP, MaDonMuaHang, DonGia) values ('Drive', '93', 94, 26300000);
insert into CTMua (MaNCC, MaSP, MaDonMuaHang, DonGia) values ('Place', '14', 2, 38100000);
insert into CTMua (MaNCC, MaSP, MaDonMuaHang, DonGia) values ('Place', '98', 37, 19600000);
insert into CTMua (MaNCC, MaSP, MaDonMuaHang, DonGia) values ('Point', '27', 87, 55300000);
insert into CTMua (MaNCC, MaSP, MaDonMuaHang, DonGia) values ('Place', '12', 29, 99200000);
insert into CTMua (MaNCC, MaSP, MaDonMuaHang, DonGia) values ('Crossing', '7', 7, 80700000);
insert into CTMua (MaNCC, MaSP, MaDonMuaHang, DonGia) values ('Place', '85', 45, 58300000);
insert into CTMua (MaNCC, MaSP, MaDonMuaHang, DonGia) values ('Place', '49', 1, 14700000);
insert into CTMua (MaNCC, MaSP, MaDonMuaHang, DonGia) values ('Street', '50', 73, 63800000);
insert into CTMua (MaNCC, MaSP, MaDonMuaHang, DonGia) values ('Place', '18', 56, 75000000);
insert into CTMua (MaNCC, MaSP, MaDonMuaHang, DonGia) values ('Hill', '44', 2, 16700000);
insert into CTMua (MaNCC, MaSP, MaDonMuaHang, DonGia) values ('Center', '22', 76, 33900000);
insert into CTMua (MaNCC, MaSP, MaDonMuaHang, DonGia) values ('Park', '67', 80, 91400000);
insert into CTMua (MaNCC, MaSP, MaDonMuaHang, DonGia) values ('Street', '17', 29, 46000000);
insert into CTMua (MaNCC, MaSP, MaDonMuaHang, DonGia) values ('Junction', '64', 61, 28100000);
insert into CTMua (MaNCC, MaSP, MaDonMuaHang, DonGia) values ('Terrace', '49', 35, 5900000);
insert into CTMua (MaNCC, MaSP, MaDonMuaHang, DonGia) values ('Point', '7', 75, 41700000);
insert into CTMua (MaNCC, MaSP, MaDonMuaHang, DonGia) values ('Pass', '68', 70, 76600000);
insert into CTMua (MaNCC, MaSP, MaDonMuaHang, DonGia) values ('Lane', '62', 68, 34300000);
insert into CTMua (MaNCC, MaSP, MaDonMuaHang, DonGia) values ('Avenue', '36', 1, 31400000);
insert into CTMua (MaNCC, MaSP, MaDonMuaHang, DonGia) values ('Trail', '4', 50, 8400000);
insert into CTMua (MaNCC, MaSP, MaDonMuaHang, DonGia) values ('Hill', '7', 17, 20800000);
insert into CTMua (MaNCC, MaSP, MaDonMuaHang, DonGia) values ('Hill', '65', 45, 82800000);
insert into CTMua (MaNCC, MaSP, MaDonMuaHang, DonGia) values ('Road', '32', 86, 34700000);
insert into CTMua (MaNCC, MaSP, MaDonMuaHang, DonGia) values ('Point', '40', 21, 55800000);
insert into CTMua (MaNCC, MaSP, MaDonMuaHang, DonGia) values ('Center', '26', 100, 43200000);
insert into CTMua (MaNCC, MaSP, MaDonMuaHang, DonGia) values ('Lane', '62', 28, 81500000);
insert into CTMua (MaNCC, MaSP, MaDonMuaHang, DonGia) values ('Way', '11', 43, 76000000);
insert into CTMua (MaNCC, MaSP, MaDonMuaHang, DonGia) values ('Plaza', '15', 23, 61000000);
insert into CTMua (MaNCC, MaSP, MaDonMuaHang, DonGia) values ('Street', '46', 34, 66300000);
insert into CTMua (MaNCC, MaSP, MaDonMuaHang, DonGia) values ('Hill', '76', 79, 86700000);
insert into CTMua (MaNCC, MaSP, MaDonMuaHang, DonGia) values ('Alley', '96', 72, 15800000);
insert into CTMua (MaNCC, MaSP, MaDonMuaHang, DonGia) values ('Lane', '77', 11, 95200000);
insert into CTMua (MaNCC, MaSP, MaDonMuaHang, DonGia) values ('Hill', '62', 69, 18200000);
insert into CTMua (MaNCC, MaSP, MaDonMuaHang, DonGia) values ('Place', '18', 23, 31500000);
insert into CTMua (MaNCC, MaSP, MaDonMuaHang, DonGia) values ('Place', '3', 39, 28400000);
insert into CTMua (MaNCC, MaSP, MaDonMuaHang, DonGia) values ('Lane', '77', 41, 43800000);
insert into CTMua (MaNCC, MaSP, MaDonMuaHang, DonGia) values ('Alley', '2', 74, 1900000);
insert into CTMua (MaNCC, MaSP, MaDonMuaHang, DonGia) values ('Place', '98', 40, 58600000);
insert into CTMua (MaNCC, MaSP, MaDonMuaHang, DonGia) values ('Place', '91', 66, 44800000);
insert into CTMua (MaNCC, MaSP, MaDonMuaHang, DonGia) values ('Avenue', '30', 41, 6900000);
insert into CTMua (MaNCC, MaSP, MaDonMuaHang, DonGia) values ('Alley', '68', 23, 22200000);
insert into CTMua (MaNCC, MaSP, MaDonMuaHang, DonGia) values ('Drive', '1', 34, 86200000);
insert into CTMua (MaNCC, MaSP, MaDonMuaHang, DonGia) values ('Center', '64', 96, 55400000);
insert into CTMua (MaNCC, MaSP, MaDonMuaHang, DonGia) values ('Road', '6', 85, 61000000);
insert into CTMua (MaNCC, MaSP, MaDonMuaHang, DonGia) values ('Drive', '93', 81, 25300000);
insert into CTMua (MaNCC, MaSP, MaDonMuaHang, DonGia) values ('Lane', '32', 48, 77600000);
insert into CTMua (MaNCC, MaSP, MaDonMuaHang, DonGia) values ('Terrace', '53', 55, 97200000);
insert into CTMua (MaNCC, MaSP, MaDonMuaHang, DonGia) values ('Drive', '4', 4, 59900000);
insert into CTMua (MaNCC, MaSP, MaDonMuaHang, DonGia) values ('Crossing', '72', 30, 53100000);
insert into CTMua (MaNCC, MaSP, MaDonMuaHang, DonGia) values ('Place', '91', 32, 73700000);
insert into CTMua (MaNCC, MaSP, MaDonMuaHang, DonGia) values ('Pass', '73', 34, 96600000);
insert into CTMua (MaNCC, MaSP, MaDonMuaHang, DonGia) values ('Pass', '73', 25, 28700000);
insert into CTMua (MaNCC, MaSP, MaDonMuaHang, DonGia) values ('Street', '50', 28, 6300000);
insert into CTMua (MaNCC, MaSP, MaDonMuaHang, DonGia) values ('Alley', '73', 3, 48500000);
insert into CTMua (MaNCC, MaSP, MaDonMuaHang, DonGia) values ('Lane', '91', 23, 40000000);
insert into CTMua (MaNCC, MaSP, MaDonMuaHang, DonGia) values ('Pass', '48', 61, 92400000);
insert into CTMua (MaNCC, MaSP, MaDonMuaHang, DonGia) values ('Road', '2', 86, 37400000);
insert into CTMua (MaNCC, MaSP, MaDonMuaHang, DonGia) values ('Way', '92', 30, 30400000);
insert into CTMua (MaNCC, MaSP, MaDonMuaHang, DonGia) values ('Plaza', '81', 65, 1600000);
insert into CTMua (MaNCC, MaSP, MaDonMuaHang, DonGia) values ('Drive', '65', 17, 79100000);
insert into CTMua (MaNCC, MaSP, MaDonMuaHang, DonGia) values ('Lane', '46', 33, 12800000);
insert into CTMua (MaNCC, MaSP, MaDonMuaHang, DonGia) values ('Way', '99', 61, 75400000);
insert into CTMua (MaNCC, MaSP, MaDonMuaHang, DonGia) values ('Hill', '70', 50, 13000000);
insert into CTMua (MaNCC, MaSP, MaDonMuaHang, DonGia) values ('Center', '14', 41, 23600000);
insert into CTMua (MaNCC, MaSP, MaDonMuaHang, DonGia) values ('Junction', '76', 80, 62300000);
insert into CTMua (MaNCC, MaSP, MaDonMuaHang, DonGia) values ('Trail', '19', 16, 81500000);
insert into CTMua (MaNCC, MaSP, MaDonMuaHang, DonGia) values ('Place', '3', 41, 10500000);
insert into CTMua (MaNCC, MaSP, MaDonMuaHang, DonGia) values ('Place', '20', 3, 3700000);
insert into CTMua (MaNCC, MaSP, MaDonMuaHang, DonGia) values ('Plaza', '72', 13, 20900000);
insert into CTMua (MaNCC, MaSP, MaDonMuaHang, DonGia) values ('Drive', '4', 19, 95400000);
insert into CTMua (MaNCC, MaSP, MaDonMuaHang, DonGia) values ('Place', '12', 76, 21100000);
insert into CTMua (MaNCC, MaSP, MaDonMuaHang, DonGia) values ('Hill', '65', 79, 74900000);
insert into CTMua (MaNCC, MaSP, MaDonMuaHang, DonGia) values ('Lane', '69', 39, 87400000);
insert into CTMua (MaNCC, MaSP, MaDonMuaHang, DonGia) values ('Drive', '31', 60, 73300000);
insert into CTMua (MaNCC, MaSP, MaDonMuaHang, DonGia) values ('Hill', '34', 2, 50000000);
insert into CTMua (MaNCC, MaSP, MaDonMuaHang, DonGia) values ('Trail', '9', 83, 38800000);
insert into CTMua (MaNCC, MaSP, MaDonMuaHang, DonGia) values ('Place', '14', 45, 62900000);
insert into CTMua (MaNCC, MaSP, MaDonMuaHang, DonGia) values ('Point', '40', 68, 41400000);
insert into CTMua (MaNCC, MaSP, MaDonMuaHang, DonGia) values ('Alley', '21', 3, 8000000);
insert into CTMua (MaNCC, MaSP, MaDonMuaHang, DonGia) values ('Place', '14', 25, 96500000);
insert into CTMua (MaNCC, MaSP, MaDonMuaHang, DonGia) values ('Place', '20', 39, 88300000);
insert into CTMua (MaNCC, MaSP, MaDonMuaHang, DonGia) values ('Lane', '62', 64, 26600000);
insert into CTMua (MaNCC, MaSP, MaDonMuaHang, DonGia) values ('Pass', '71', 43, 97700000);
insert into CTMua (MaNCC, MaSP, MaDonMuaHang, DonGia) values ('Center', '49', 73, 98400000);
insert into CTMua (MaNCC, MaSP, MaDonMuaHang, DonGia) values ('Avenue', '10', 17, 76700000);
insert into CTMua (MaNCC, MaSP, MaDonMuaHang, DonGia) values ('Circle', '46', 71, 53200000);
insert into CTMua (MaNCC, MaSP, MaDonMuaHang, DonGia) values ('Drive', '5', 21, 2700000);
insert into CTMua (MaNCC, MaSP, MaDonMuaHang, DonGia) values ('Place', '65', 83, 25900000);
insert into CTMua (MaNCC, MaSP, MaDonMuaHang, DonGia) values ('Road', '82', 63, 600000);
insert into CTMua (MaNCC, MaSP, MaDonMuaHang, DonGia) values ('Drive', '70', 47, 12500000);
insert into CTMua (MaNCC, MaSP, MaDonMuaHang, DonGia) values ('Hill', '65', 86, 50500000);
insert into CTMua (MaNCC, MaSP, MaDonMuaHang, DonGia) values ('Crossing', '56', 99, 52800000);
insert into CTMua (MaNCC, MaSP, MaDonMuaHang, DonGia) values ('Drive', '29', 65, 7700000);
insert into CTMua (MaNCC, MaSP, MaDonMuaHang, DonGia) values ('Way', '97', 67, 86600000);
insert into CTMua (MaNCC, MaSP, MaDonMuaHang, DonGia) values ('Road', '54', 69, 77900000);
insert into CTMua (MaNCC, MaSP, MaDonMuaHang, DonGia) values ('Place', '98', 40, 46900000);
insert into CTMua (MaNCC, MaSP, MaDonMuaHang, DonGia) values ('Road', '29', 50, 26500000);
insert into CTMua (MaNCC, MaSP, MaDonMuaHang, DonGia) values ('Pass', '23', 99, 58300000);
insert into CTMua (MaNCC, MaSP, MaDonMuaHang, DonGia) values ('Road', '82', 80, 80700000);
insert into CTMua (MaNCC, MaSP, MaDonMuaHang, DonGia) values ('Pass', '48', 27, 1200000);
insert into CTMua (MaNCC, MaSP, MaDonMuaHang, DonGia) values ('Road', '43', 54, 25100000);
insert into CTMua (MaNCC, MaSP, MaDonMuaHang, DonGia) values ('Plaza', '81', 43, 4700000);
insert into CTMua (MaNCC, MaSP, MaDonMuaHang, DonGia) values ('Way', '99', 11, 36300000);
insert into CTMua (MaNCC, MaSP, MaDonMuaHang, DonGia) values ('Hill', '76', 93, 11200000);
insert into CTMua (MaNCC, MaSP, MaDonMuaHang, DonGia) values ('Road', '37', 79, 4400000);
insert into CTMua (MaNCC, MaSP, MaDonMuaHang, DonGia) values ('Drive', '31', 47, 12400000);
insert into CTMua (MaNCC, MaSP, MaDonMuaHang, DonGia) values ('Way', '48', 55, 72500000);
insert into CTMua (MaNCC, MaSP, MaDonMuaHang, DonGia) values ('Terrace', '49', 65, 68000000);
insert into CTMua (MaNCC, MaSP, MaDonMuaHang, DonGia) values ('Drive', '66', 74, 49600000);
insert into CTMua (MaNCC, MaSP, MaDonMuaHang, DonGia) values ('Alley', '11', 13, 1900000);
insert into CTMua (MaNCC, MaSP, MaDonMuaHang, DonGia) values ('Alley', '62', 11, 11800000);
insert into CTMua (MaNCC, MaSP, MaDonMuaHang, DonGia) values ('Plaza', '98', 73, 29900000);
insert into CTMua (MaNCC, MaSP, MaDonMuaHang, DonGia) values ('Place', '46', 18, 33100000);
insert into CTMua (MaNCC, MaSP, MaDonMuaHang, DonGia) values ('Drive', '51', 40, 28700000);
insert into CTMua (MaNCC, MaSP, MaDonMuaHang, DonGia) values ('Alley', '96', 3, 78400000);
insert into CTMua (MaNCC, MaSP, MaDonMuaHang, DonGia) values ('Point', '79', 35, 44700000);
insert into CTMua (MaNCC, MaSP, MaDonMuaHang, DonGia) values ('Center', '93', 93, 28600000);
insert into CTMua (MaNCC, MaSP, MaDonMuaHang, DonGia) values ('Hill', '34', 59, 6500000);
insert into CTMua (MaNCC, MaSP, MaDonMuaHang, DonGia) values ('Way', '46', 84, 83600000);
insert into CTMua (MaNCC, MaSP, MaDonMuaHang, DonGia) values ('Pass', '6', 40, 27700000);
insert into CTMua (MaNCC, MaSP, MaDonMuaHang, DonGia) values ('Way', '46', 88, 13400000);
insert into CTMua (MaNCC, MaSP, MaDonMuaHang, DonGia) values ('Place', '98', 10, 36300000);
insert into CTMua (MaNCC, MaSP, MaDonMuaHang, DonGia) values ('Pass', '23', 15, 7700000);
insert into CTMua (MaNCC, MaSP, MaDonMuaHang, DonGia) values ('Way', '11', 98, 91800000);
insert into CTMua (MaNCC, MaSP, MaDonMuaHang, DonGia) values ('Road', '63', 10, 45700000);
insert into CTMua (MaNCC, MaSP, MaDonMuaHang, DonGia) values ('Circle', '46', 29, 74500000);
insert into CTMua (MaNCC, MaSP, MaDonMuaHang, DonGia) values ('Plaza', '55', 96, 4000000);
insert into CTMua (MaNCC, MaSP, MaDonMuaHang, DonGia) values ('Pass', '48', 87, 75600000);
insert into CTMua (MaNCC, MaSP, MaDonMuaHang, DonGia) values ('Way', '46', 62, 22800000);
insert into CTMua (MaNCC, MaSP, MaDonMuaHang, DonGia) values ('Crossing', '28', 56, 70500000);
insert into CTMua (MaNCC, MaSP, MaDonMuaHang, DonGia) values ('Place', '46', 80, 72600000);
insert into CTMua (MaNCC, MaSP, MaDonMuaHang, DonGia) values ('Way', '11', 40, 15000000);
insert into CTMua (MaNCC, MaSP, MaDonMuaHang, DonGia) values ('Park', '67', 8, 91900000);
insert into CTMua (MaNCC, MaSP, MaDonMuaHang, DonGia) values ('Plaza', '81', 28, 96400000);
insert into CTMua (MaNCC, MaSP, MaDonMuaHang, DonGia) values ('Junction', '76', 45, 12700000);
insert into CTMua (MaNCC, MaSP, MaDonMuaHang, DonGia) values ('Road', '54', 35, 42800000);
insert into CTMua (MaNCC, MaSP, MaDonMuaHang, DonGia) values ('Lane', '89', 52, 49200000);
insert into CTMua (MaNCC, MaSP, MaDonMuaHang, DonGia) values ('Crossing', '24', 63, 51800000);
insert into CTMua (MaNCC, MaSP, MaDonMuaHang, DonGia) values ('Hill', '77', 99, 66400000);
insert into CTMua (MaNCC, MaSP, MaDonMuaHang, DonGia) values ('Center', '63', 8, 41600000);
insert into CTMua (MaNCC, MaSP, MaDonMuaHang, DonGia) values ('Lane', '48', 52, 97800000);
insert into CTMua (MaNCC, MaSP, MaDonMuaHang, DonGia) values ('Hill', '39', 93, 76900000);
insert into CTMua (MaNCC, MaSP, MaDonMuaHang, DonGia) values ('Way', '46', 86, 72100000);
insert into CTMua (MaNCC, MaSP, MaDonMuaHang, DonGia) values ('Avenue', '57', 19, 85400000);
insert into CTMua (MaNCC, MaSP, MaDonMuaHang, DonGia) values ('Avenue', '30', 3, 98400000);
insert into CTMua (MaNCC, MaSP, MaDonMuaHang, DonGia) values ('Avenue', '78', 44, 92600000);
insert into CTMua (MaNCC, MaSP, MaDonMuaHang, DonGia) values ('Junction', '76', 25, 11300000);
insert into CTMua (MaNCC, MaSP, MaDonMuaHang, DonGia) values ('Circle', '46', 25, 66300000);
insert into CTMua (MaNCC, MaSP, MaDonMuaHang, DonGia) values ('Crossing', '83', 24, 64800000);
insert into CTMua (MaNCC, MaSP, MaDonMuaHang, DonGia) values ('Point', '82', 20, 32200000);
insert into CTMua (MaNCC, MaSP, MaDonMuaHang, DonGia) values ('Park', '96', 20, 80400000);
insert into CTMua (MaNCC, MaSP, MaDonMuaHang, DonGia) values ('Lane', '43', 9, 7300000);
insert into CTMua (MaNCC, MaSP, MaDonMuaHang, DonGia) values ('Avenue', '36', 97, 2300000);
insert into CTMua (MaNCC, MaSP, MaDonMuaHang, DonGia) values ('Lane', '24', 23, 20000000);
insert into CTMua (MaNCC, MaSP, MaDonMuaHang, DonGia) values ('Road', '32', 42, 89000000);
insert into CTMua (MaNCC, MaSP, MaDonMuaHang, DonGia) values ('Center', '63', 14, 87500000);
insert into CTMua (MaNCC, MaSP, MaDonMuaHang, DonGia) values ('Place', '18', 93, 8500000);
insert into CTMua (MaNCC, MaSP, MaDonMuaHang, DonGia) values ('Pass', '73', 9, 28000000);
insert into CTMua (MaNCC, MaSP, MaDonMuaHang, DonGia) values ('Crossing', '96', 10, 48900000);
insert into CTMua (MaNCC, MaSP, MaDonMuaHang, DonGia) values ('Crossing', '72', 10, 8300000);
insert into CTMua (MaNCC, MaSP, MaDonMuaHang, DonGia) values ('Crossing', '28', 90, 59200000);
insert into CTMua (MaNCC, MaSP, MaDonMuaHang, DonGia) values ('Center', '8', 96, 47000000);
insert into CTMua (MaNCC, MaSP, MaDonMuaHang, DonGia) values ('Point', '66', 29, 5200000);
insert into CTMua (MaNCC, MaSP, MaDonMuaHang, DonGia) values ('Park', '96', 45, 58800000);
insert into CTMua (MaNCC, MaSP, MaDonMuaHang, DonGia) values ('Avenue', '59', 8, 78700000);
insert into CTMua (MaNCC, MaSP, MaDonMuaHang, DonGia) values ('Terrace', '67', 88, 6000000);
insert into CTMua (MaNCC, MaSP, MaDonMuaHang, DonGia) values ('Park', '37', 75, 98900000);
insert into CTMua (MaNCC, MaSP, MaDonMuaHang, DonGia) values ('Center', '31', 21, 3600000);
insert into CTMua (MaNCC, MaSP, MaDonMuaHang, DonGia) values ('Center', '65', 85, 71200000);
insert into CTMua (MaNCC, MaSP, MaDonMuaHang, DonGia) values ('Alley', '94', 11, 82400000);
insert into CTMua (MaNCC, MaSP, MaDonMuaHang, DonGia) values ('Plaza', '72', 84, 18500000);
insert into CTMua (MaNCC, MaSP, MaDonMuaHang, DonGia) values ('Road', '63', 63, 69300000);
insert into CTMua (MaNCC, MaSP, MaDonMuaHang, DonGia) values ('Place', '91', 66, 32500000);
insert into CTMua (MaNCC, MaSP, MaDonMuaHang, DonGia) values ('Crossing', '72', 25, 58000000);
insert into CTMua (MaNCC, MaSP, MaDonMuaHang, DonGia) values ('Alley', '2', 30, 60900000);
insert into CTMua (MaNCC, MaSP, MaDonMuaHang, DonGia) values ('Junction', '73', 78, 88600000);
insert into CTMua (MaNCC, MaSP, MaDonMuaHang, DonGia) values ('Drive', '75', 23, 53300000);
insert into CTMua (MaNCC, MaSP, MaDonMuaHang, DonGia) values ('Hill', '10', 28, 79300000);
insert into CTMua (MaNCC, MaSP, MaDonMuaHang, DonGia) values ('Center', '95', 25, 34200000);
insert into CTMua (MaNCC, MaSP, MaDonMuaHang, DonGia) values ('Trail', '9', 40, 98900000);
insert into CTMua (MaNCC, MaSP, MaDonMuaHang, DonGia) values ('Way', '37', 84, 7500000);
insert into CTMua (MaNCC, MaSP, MaDonMuaHang, DonGia) values ('Hill', '7', 54, 95800000);
insert into CTMua (MaNCC, MaSP, MaDonMuaHang, DonGia) values ('Center', '8', 63, 96900000);
insert into CTMua (MaNCC, MaSP, MaDonMuaHang, DonGia) values ('Drive', '51', 61, 39300000);
insert into CTMua (MaNCC, MaSP, MaDonMuaHang, DonGia) values ('Drive', '93', 95, 38500000);
insert into CTMua (MaNCC, MaSP, MaDonMuaHang, DonGia) values ('Hill', '48', 18, 93400000);
insert into CTMua (MaNCC, MaSP, MaDonMuaHang, DonGia) values ('Lane', '46', 18, 53100000);
insert into CTMua (MaNCC, MaSP, MaDonMuaHang, DonGia) values ('Lane', '89', 13, 18100000);
insert into CTMua (MaNCC, MaSP, MaDonMuaHang, DonGia) values ('Way', '92', 13, 41700000);
insert into CTMua (MaNCC, MaSP, MaDonMuaHang, DonGia) values ('Drive', '4', 93, 13700000);
insert into CTMua (MaNCC, MaSP, MaDonMuaHang, DonGia) values ('Park', '7', 82, 12900000);
insert into CTMua (MaNCC, MaSP, MaDonMuaHang, DonGia) values ('Alley', '21', 8, 20400000);
insert into CTMua (MaNCC, MaSP, MaDonMuaHang, DonGia) values ('Circle', '30', 87, 76100000);
insert into CTMua (MaNCC, MaSP, MaDonMuaHang, DonGia) values ('Drive', '66', 45, 33000000);
insert into CTMua (MaNCC, MaSP, MaDonMuaHang, DonGia) values ('Crossing', '83', 15, 28000000);
insert into CTMua (MaNCC, MaSP, MaDonMuaHang, DonGia) values ('Crossing', '83', 25, 39500000);
insert into CTMua (MaNCC, MaSP, MaDonMuaHang, DonGia) values ('Lane', '26', 61, 33500000);
insert into CTMua (MaNCC, MaSP, MaDonMuaHang, DonGia) values ('Avenue', '76', 72, 18600000);
insert into CTMua (MaNCC, MaSP, MaDonMuaHang, DonGia) values ('Road', '35', 100, 78500000);
insert into CTMua (MaNCC, MaSP, MaDonMuaHang, DonGia) values ('Crossing', '56', 24, 8700000);
insert into CTMua (MaNCC, MaSP, MaDonMuaHang, DonGia) values ('Avenue', '76', 59, 37500000);
insert into CTMua (MaNCC, MaSP, MaDonMuaHang, DonGia) values ('Avenue', '59', 98, 77500000);
insert into CTMua (MaNCC, MaSP, MaDonMuaHang, DonGia) values ('Point', '40', 51, 48100000);
insert into CTMua (MaNCC, MaSP, MaDonMuaHang, DonGia) values ('Junction', '69', 46, 78200000);
insert into CTMua (MaNCC, MaSP, MaDonMuaHang, DonGia) values ('Point', '8', 19, 5300000);
insert into CTMua (MaNCC, MaSP, MaDonMuaHang, DonGia) values ('Road', '63', 46, 31700000);
insert into CTMua (MaNCC, MaSP, MaDonMuaHang, DonGia) values ('Place', '3', 11, 47700000);
insert into CTMua (MaNCC, MaSP, MaDonMuaHang, DonGia) values ('Drive', '86', 51, 33700000);
insert into CTMua (MaNCC, MaSP, MaDonMuaHang, DonGia) values ('Plaza', '81', 30, 46500000);
insert into CTMua (MaNCC, MaSP, MaDonMuaHang, DonGia) values ('Avenue', '61', 34, 75500000);
insert into CTMua (MaNCC, MaSP, MaDonMuaHang, DonGia) values ('Crossing', '83', 36, 42100000);
insert into CTMua (MaNCC, MaSP, MaDonMuaHang, DonGia) values ('Pass', '48', 32, 39600000);
insert into CTMua (MaNCC, MaSP, MaDonMuaHang, DonGia) values ('Lane', '62', 97, 62400000);
insert into CTMua (MaNCC, MaSP, MaDonMuaHang, DonGia) values ('Center', '3', 30, 60700000);
insert into CTMua (MaNCC, MaSP, MaDonMuaHang, DonGia) values ('Center', '64', 73, 89600000);
insert into CTMua (MaNCC, MaSP, MaDonMuaHang, DonGia) values ('Alley', '68', 70, 93300000);
insert into CTMua (MaNCC, MaSP, MaDonMuaHang, DonGia) values ('Alley', '60', 71, 66400000);
insert into CTMua (MaNCC, MaSP, MaDonMuaHang, DonGia) values ('Place', '65', 84, 93000000);
insert into CTMua (MaNCC, MaSP, MaDonMuaHang, DonGia) values ('Drive', '93', 2, 51600000);
insert into CTMua (MaNCC, MaSP, MaDonMuaHang, DonGia) values ('Drive', '65', 97, 59700000);
insert into CTMua (MaNCC, MaSP, MaDonMuaHang, DonGia) values ('Junction', '54', 10, 56200000);
insert into CTMua (MaNCC, MaSP, MaDonMuaHang, DonGia) values ('Place', '14', 38, 65100000);
insert into CTMua (MaNCC, MaSP, MaDonMuaHang, DonGia) values ('Circle', '46', 34, 98200000);
insert into CTMua (MaNCC, MaSP, MaDonMuaHang, DonGia) values ('Center', '14', 68, 35700000);
insert into CTMua (MaNCC, MaSP, MaDonMuaHang, DonGia) values ('Road', '29', 41, 22500000);
insert into CTMua (MaNCC, MaSP, MaDonMuaHang, DonGia) values ('Center', '7', 93, 25200000);
insert into CTMua (MaNCC, MaSP, MaDonMuaHang, DonGia) values ('Alley', '94', 70, 64400000);
insert into CTMua (MaNCC, MaSP, MaDonMuaHang, DonGia) values ('Center', '63', 69, 22300000);
insert into CTMua (MaNCC, MaSP, MaDonMuaHang, DonGia) values ('Circle', '34', 13, 2800000);
insert into CTMua (MaNCC, MaSP, MaDonMuaHang, DonGia) values ('Place', '55', 67, 84300000);
insert into CTMua (MaNCC, MaSP, MaDonMuaHang, DonGia) values ('Drive', '84', 44, 29800000);
insert into CTMua (MaNCC, MaSP, MaDonMuaHang, DonGia) values ('Hill', '44', 21, 57700000);
insert into CTMua (MaNCC, MaSP, MaDonMuaHang, DonGia) values ('Hill', '34', 98, 57400000);
insert into CTMua (MaNCC, MaSP, MaDonMuaHang, DonGia) values ('Park', '67', 35, 82200000);
insert into CTMua (MaNCC, MaSP, MaDonMuaHang, DonGia) values ('Drive', '75', 52, 2800000);
insert into CTMua (MaNCC, MaSP, MaDonMuaHang, DonGia) values ('Pass', '23', 28, 31400000);
insert into CTMua (MaNCC, MaSP, MaDonMuaHang, DonGia) values ('Terrace', '53', 72, 27200000);
insert into CTMua (MaNCC, MaSP, MaDonMuaHang, DonGia) values ('Pass', '87', 84, 55000000);
insert into CTMua (MaNCC, MaSP, MaDonMuaHang, DonGia) values ('Road', '63', 83, 61800000);
insert into CTMua (MaNCC, MaSP, MaDonMuaHang, DonGia) values ('Road', '2', 76, 84700000);
insert into CTMua (MaNCC, MaSP, MaDonMuaHang, DonGia) values ('Hill', '65', 48, 58800000);
insert into CTMua (MaNCC, MaSP, MaDonMuaHang, DonGia) values ('Way', '37', 100, 93100000);
insert into CTMua (MaNCC, MaSP, MaDonMuaHang, DonGia) values ('Street', '23', 36, 80000000);
insert into CTMua (MaNCC, MaSP, MaDonMuaHang, DonGia) values ('Drive', '66', 77, 12300000);
insert into CTMua (MaNCC, MaSP, MaDonMuaHang, DonGia) values ('Alley', '60', 42, 52600000);
insert into CTMua (MaNCC, MaSP, MaDonMuaHang, DonGia) values ('Drive', '74', 47, 59700000);
insert into CTMua (MaNCC, MaSP, MaDonMuaHang, DonGia) values ('Road', '35', 52, 34600000);
insert into CTMua (MaNCC, MaSP, MaDonMuaHang, DonGia) values ('Hill', '39', 53, 33300000);
insert into CTMua (MaNCC, MaSP, MaDonMuaHang, DonGia) values ('Place', '20', 57, 63600000);
insert into CTMua (MaNCC, MaSP, MaDonMuaHang, DonGia) values ('Drive', '87', 8, 26300000);
insert into CTMua (MaNCC, MaSP, MaDonMuaHang, DonGia) values ('Point', '27', 23, 52800000);
insert into CTMua (MaNCC, MaSP, MaDonMuaHang, DonGia) values ('Trail', '14', 80, 7800000);
insert into CTMua (MaNCC, MaSP, MaDonMuaHang, DonGia) values ('Hill', '13', 9, 84500000);
insert into CTMua (MaNCC, MaSP, MaDonMuaHang, DonGia) values ('Plaza', '15', 24, 28500000);
insert into CTMua (MaNCC, MaSP, MaDonMuaHang, DonGia) values ('Pass', '8', 96, 75500000);
insert into CTMua (MaNCC, MaSP, MaDonMuaHang, DonGia) values ('Avenue', '59', 99, 93400000);
insert into CTMua (MaNCC, MaSP, MaDonMuaHang, DonGia) values ('Center', '79', 80, 90800000);
insert into CTMua (MaNCC, MaSP, MaDonMuaHang, DonGia) values ('Place', '65', 47, 13600000);
insert into CTMua (MaNCC, MaSP, MaDonMuaHang, DonGia) values ('Drive', '87', 42, 50900000);
insert into CTMua (MaNCC, MaSP, MaDonMuaHang, DonGia) values ('Plaza', '96', 3, 33900000);
insert into CTMua (MaNCC, MaSP, MaDonMuaHang, DonGia) values ('Road', '35', 22, 55900000);
insert into CTMua (MaNCC, MaSP, MaDonMuaHang, DonGia) values ('Circle', '46', 42, 40300000);
insert into CTMua (MaNCC, MaSP, MaDonMuaHang, DonGia) values ('Road', '7', 9, 60800000);
insert into CTMua (MaNCC, MaSP, MaDonMuaHang, DonGia) values ('Way', '51', 13, 39900000);
insert into CTMua (MaNCC, MaSP, MaDonMuaHang, DonGia) values ('Park', '7', 37, 87200000);
insert into CTMua (MaNCC, MaSP, MaDonMuaHang, DonGia) values ('Drive', '51', 46, 19900000);
insert into CTMua (MaNCC, MaSP, MaDonMuaHang, DonGia) values ('Terrace', '55', 32, 62200000);
insert into CTMua (MaNCC, MaSP, MaDonMuaHang, DonGia) values ('Park', '67', 21, 79100000);
insert into CTMua (MaNCC, MaSP, MaDonMuaHang, DonGia) values ('Pass', '87', 11, 42600000);
insert into CTMua (MaNCC, MaSP, MaDonMuaHang, DonGia) values ('Way', '99', 5, 96900000);
insert into CTMua (MaNCC, MaSP, MaDonMuaHang, DonGia) values ('Alley', '62', 94, 75100000);
insert into CTMua (MaNCC, MaSP, MaDonMuaHang, DonGia) values ('Way', '92', 99, 68200000);
insert into CTMua (MaNCC, MaSP, MaDonMuaHang, DonGia) values ('Street', '23', 94, 11700000);
insert into CTMua (MaNCC, MaSP, MaDonMuaHang, DonGia) values ('Drive', '84', 25, 53000000);
insert into CTMua (MaNCC, MaSP, MaDonMuaHang, DonGia) values ('Drive', '75', 21, 86600000);
insert into CTMua (MaNCC, MaSP, MaDonMuaHang, DonGia) values ('Plaza', '59', 3, 57200000);
insert into CTMua (MaNCC, MaSP, MaDonMuaHang, DonGia) values ('Drive', '31', 53, 18200000);
insert into CTMua (MaNCC, MaSP, MaDonMuaHang, DonGia) values ('Terrace', '49', 66, 8400000);
insert into CTMua (MaNCC, MaSP, MaDonMuaHang, DonGia) values ('Junction', '96', 85, 8100000);
insert into CTMua (MaNCC, MaSP, MaDonMuaHang, DonGia) values ('Lane', '32', 46, 55900000);
insert into CTMua (MaNCC, MaSP, MaDonMuaHang, DonGia) values ('Lane', '46', 27, 53600000);
insert into CTMua (MaNCC, MaSP, MaDonMuaHang, DonGia) values ('Place', '85', 60, 78300000);
insert into CTMua (MaNCC, MaSP, MaDonMuaHang, DonGia) values ('Alley', '96', 1, 78800000);
insert into CTMua (MaNCC, MaSP, MaDonMuaHang, DonGia) values ('Pass', '26', 19, 40400000);
insert into CTMua (MaNCC, MaSP, MaDonMuaHang, DonGia) values ('Lane', '48', 63, 48900000);
insert into CTMua (MaNCC, MaSP, MaDonMuaHang, DonGia) values ('Hill', '7', 91, 85700000);
insert into CTMua (MaNCC, MaSP, MaDonMuaHang, DonGia) values ('Park', '96', 15, 67600000);
insert into CTMua (MaNCC, MaSP, MaDonMuaHang, DonGia) values ('Junction', '73', 37, 88300000);
insert into CTMua (MaNCC, MaSP, MaDonMuaHang, DonGia) values ('Road', '7', 82, 19000000);
insert into CTMua (MaNCC, MaSP, MaDonMuaHang, DonGia) values ('Drive', '65', 21, 75900000);
insert into CTMua (MaNCC, MaSP, MaDonMuaHang, DonGia) values ('Junction', '64', 70, 96300000);
insert into CTMua (MaNCC, MaSP, MaDonMuaHang, DonGia) values ('Trail', '9', 37, 27800000);
insert into CTMua (MaNCC, MaSP, MaDonMuaHang, DonGia) values ('Terrace', '49', 9, 41900000);
insert into CTMua (MaNCC, MaSP, MaDonMuaHang, DonGia) values ('Way', '48', 81, 33000000);
insert into CTMua (MaNCC, MaSP, MaDonMuaHang, DonGia) values ('Drive', '86', 73, 50800000);
insert into CTMua (MaNCC, MaSP, MaDonMuaHang, DonGia) values ('Lane', '69', 1, 28200000);
insert into CTMua (MaNCC, MaSP, MaDonMuaHang, DonGia) values ('Place', '51', 86, 82700000);
insert into CTMua (MaNCC, MaSP, MaDonMuaHang, DonGia) values ('Place', '65', 60, 9400000);
insert into CTMua (MaNCC, MaSP, MaDonMuaHang, DonGia) values ('Street', '46', 83, 69300000);
insert into CTMua (MaNCC, MaSP, MaDonMuaHang, DonGia) values ('Drive', '51', 95, 78200000);
insert into CTMua (MaNCC, MaSP, MaDonMuaHang, DonGia) values ('Road', '63', 42, 28000000);
insert into CTMua (MaNCC, MaSP, MaDonMuaHang, DonGia) values ('Hill', '76', 78, 92100000);
insert into CTMua (MaNCC, MaSP, MaDonMuaHang, DonGia) values ('Circle', '31', 85, 65000000);
insert into CTMua (MaNCC, MaSP, MaDonMuaHang, DonGia) values ('Drive', '75', 15, 28500000);
insert into CTMua (MaNCC, MaSP, MaDonMuaHang, DonGia) values ('Terrace', '55', 40, 61800000);
insert into CTMua (MaNCC, MaSP, MaDonMuaHang, DonGia) values ('Lane', '69', 77, 9500000);
insert into CTMua (MaNCC, MaSP, MaDonMuaHang, DonGia) values ('Drive', '31', 31, 8800000);
insert into CTMua (MaNCC, MaSP, MaDonMuaHang, DonGia) values ('Road', '54', 15, 3800000);
insert into CTMua (MaNCC, MaSP, MaDonMuaHang, DonGia) values ('Hill', '76', 66, 42000000);
insert into CTMua (MaNCC, MaSP, MaDonMuaHang, DonGia) values ('Center', '63', 72, 55500000);
insert into CTMua (MaNCC, MaSP, MaDonMuaHang, DonGia) values ('Hill', '70', 71, 10700000);
insert into CTMua (MaNCC, MaSP, MaDonMuaHang, DonGia) values ('Junction', '37', 55, 60800000);
insert into CTMua (MaNCC, MaSP, MaDonMuaHang, DonGia) values ('Avenue', '74', 28, 8000000);
insert into CTMua (MaNCC, MaSP, MaDonMuaHang, DonGia) values ('Hill', '70', 31, 78600000);
insert into CTMua (MaNCC, MaSP, MaDonMuaHang, DonGia) values ('Way', '46', 58, 17300000);
insert into CTMua (MaNCC, MaSP, MaDonMuaHang, DonGia) values ('Place', '51', 71, 25300000);
insert into CTMua (MaNCC, MaSP, MaDonMuaHang, DonGia) values ('Lane', '69', 77, 83300000);
insert into CTMua (MaNCC, MaSP, MaDonMuaHang, DonGia) values ('Way', '46', 69, 74200000);
insert into CTMua (MaNCC, MaSP, MaDonMuaHang, DonGia) values ('Park', '67', 53, 700000);
insert into CTMua (MaNCC, MaSP, MaDonMuaHang, DonGia) values ('Drive', '93', 48, 51100000);
insert into CTMua (MaNCC, MaSP, MaDonMuaHang, DonGia) values ('Center', '31', 43, 66600000);
insert into CTMua (MaNCC, MaSP, MaDonMuaHang, DonGia) values ('Avenue', '74', 36, 80200000);
insert into CTMua (MaNCC, MaSP, MaDonMuaHang, DonGia) values ('Drive', '31', 67, 46900000);
insert into CTMua (MaNCC, MaSP, MaDonMuaHang, DonGia) values ('Crossing', '28', 5, 6200000);
insert into CTMua (MaNCC, MaSP, MaDonMuaHang, DonGia) values ('Plaza', '72', 95, 97300000);
insert into CTMua (MaNCC, MaSP, MaDonMuaHang, DonGia) values ('Avenue', '59', 54, 84100000);
insert into CTMua (MaNCC, MaSP, MaDonMuaHang, DonGia) values ('Court', '41', 21, 81500000);
insert into CTMua (MaNCC, MaSP, MaDonMuaHang, DonGia) values ('Pass', '68', 32, 61100000);
insert into CTMua (MaNCC, MaSP, MaDonMuaHang, DonGia) values ('Terrace', '67', 12, 1000000);
insert into CTMua (MaNCC, MaSP, MaDonMuaHang, DonGia) values ('Avenue', '74', 87, 81400000);
insert into CTMua (MaNCC, MaSP, MaDonMuaHang, DonGia) values ('Drive', '93', 93, 19900000);
insert into CTMua (MaNCC, MaSP, MaDonMuaHang, DonGia) values ('Place', '69', 8, 90600000);
insert into CTMua (MaNCC, MaSP, MaDonMuaHang, DonGia) values ('Park', '67', 67, 7400000);
insert into CTMua (MaNCC, MaSP, MaDonMuaHang, DonGia) values ('Park', '96', 72, 60700000);
insert into CTMua (MaNCC, MaSP, MaDonMuaHang, DonGia) values ('Hill', '44', 57, 83900000);
insert into CTMua (MaNCC, MaSP, MaDonMuaHang, DonGia) values ('Way', '42', 37, 5300000);
insert into CTMua (MaNCC, MaSP, MaDonMuaHang, DonGia) values ('Lane', '43', 36, 63800000);
insert into CTMua (MaNCC, MaSP, MaDonMuaHang, DonGia) values ('Alley', '2', 87, 84300000);
insert into CTMua (MaNCC, MaSP, MaDonMuaHang, DonGia) values ('Lane', '43', 65, 7600000);
insert into CTMua (MaNCC, MaSP, MaDonMuaHang, DonGia) values ('Way', '92', 38, 42800000);
insert into CTMua (MaNCC, MaSP, MaDonMuaHang, DonGia) values ('Place', '85', 78, 69000000);
insert into CTMua (MaNCC, MaSP, MaDonMuaHang, DonGia) values ('Circle', '31', 79, 3700000);
insert into CTMua (MaNCC, MaSP, MaDonMuaHang, DonGia) values ('Way', '92', 18, 10000000);
go
insert into YeuCauBaoGia (MaYCBaoGia, NgayYCBaoGia, MaNV) values (1, '2019/01/23', 56);
insert into YeuCauBaoGia (MaYCBaoGia, NgayYCBaoGia, MaNV) values (2, '2018/12/06', 69);
insert into YeuCauBaoGia (MaYCBaoGia, NgayYCBaoGia, MaNV) values (3, '2019/08/06', 63);
insert into YeuCauBaoGia (MaYCBaoGia, NgayYCBaoGia, MaNV) values (4, '2019/03/02', 58);
insert into YeuCauBaoGia (MaYCBaoGia, NgayYCBaoGia, MaNV) values (5, '2019/01/28', 53);
insert into YeuCauBaoGia (MaYCBaoGia, NgayYCBaoGia, MaNV) values (6, '2019/10/31', 96);
insert into YeuCauBaoGia (MaYCBaoGia, NgayYCBaoGia, MaNV) values (7, '2019/04/10', 36);
insert into YeuCauBaoGia (MaYCBaoGia, NgayYCBaoGia, MaNV) values (8, '2019/09/26', 71);
insert into YeuCauBaoGia (MaYCBaoGia, NgayYCBaoGia, MaNV) values (9, '2019/08/27', 93);
insert into YeuCauBaoGia (MaYCBaoGia, NgayYCBaoGia, MaNV) values (10, '2019/02/07', 40);
insert into YeuCauBaoGia (MaYCBaoGia, NgayYCBaoGia, MaNV) values (11, '2019/01/25', 47);
insert into YeuCauBaoGia (MaYCBaoGia, NgayYCBaoGia, MaNV) values (12, '2018/12/24', 55);
insert into YeuCauBaoGia (MaYCBaoGia, NgayYCBaoGia, MaNV) values (13, '2018/12/11', 51);
insert into YeuCauBaoGia (MaYCBaoGia, NgayYCBaoGia, MaNV) values (14, '2019/04/10', 5);
insert into YeuCauBaoGia (MaYCBaoGia, NgayYCBaoGia, MaNV) values (15, '2019/04/12', 73);
insert into YeuCauBaoGia (MaYCBaoGia, NgayYCBaoGia, MaNV) values (16, '2018/12/10', 29);
insert into YeuCauBaoGia (MaYCBaoGia, NgayYCBaoGia, MaNV) values (17, '2019/03/17', 20);
insert into YeuCauBaoGia (MaYCBaoGia, NgayYCBaoGia, MaNV) values (18, '2019/03/19', 21);
insert into YeuCauBaoGia (MaYCBaoGia, NgayYCBaoGia, MaNV) values (19, '2019/05/23', 84);
insert into YeuCauBaoGia (MaYCBaoGia, NgayYCBaoGia, MaNV) values (20, '2018/12/25', 49);
insert into YeuCauBaoGia (MaYCBaoGia, NgayYCBaoGia, MaNV) values (21, '2018/12/13', 20);
insert into YeuCauBaoGia (MaYCBaoGia, NgayYCBaoGia, MaNV) values (22, '2019/05/14', 45);
insert into YeuCauBaoGia (MaYCBaoGia, NgayYCBaoGia, MaNV) values (23, '2019/11/21', 59);
insert into YeuCauBaoGia (MaYCBaoGia, NgayYCBaoGia, MaNV) values (24, '2018/12/12', 52);
insert into YeuCauBaoGia (MaYCBaoGia, NgayYCBaoGia, MaNV) values (25, '2019/05/31', 76);
insert into YeuCauBaoGia (MaYCBaoGia, NgayYCBaoGia, MaNV) values (26, '2019/10/07', 75);
insert into YeuCauBaoGia (MaYCBaoGia, NgayYCBaoGia, MaNV) values (27, '2019/05/03', 19);
insert into YeuCauBaoGia (MaYCBaoGia, NgayYCBaoGia, MaNV) values (28, '2019/07/07', 65);
insert into YeuCauBaoGia (MaYCBaoGia, NgayYCBaoGia, MaNV) values (29, '2019/06/17', 92);
insert into YeuCauBaoGia (MaYCBaoGia, NgayYCBaoGia, MaNV) values (30, '2019/03/23', 98);
insert into YeuCauBaoGia (MaYCBaoGia, NgayYCBaoGia, MaNV) values (31, '2019/08/29', 37);
insert into YeuCauBaoGia (MaYCBaoGia, NgayYCBaoGia, MaNV) values (32, '2019/09/13', 63);
insert into YeuCauBaoGia (MaYCBaoGia, NgayYCBaoGia, MaNV) values (33, '2019/01/15', 22);
insert into YeuCauBaoGia (MaYCBaoGia, NgayYCBaoGia, MaNV) values (34, '2019/04/08', 97);
insert into YeuCauBaoGia (MaYCBaoGia, NgayYCBaoGia, MaNV) values (35, '2018/12/16', 45);
insert into YeuCauBaoGia (MaYCBaoGia, NgayYCBaoGia, MaNV) values (36, '2019/01/23', 41);
insert into YeuCauBaoGia (MaYCBaoGia, NgayYCBaoGia, MaNV) values (37, '2019/01/24', 65);
insert into YeuCauBaoGia (MaYCBaoGia, NgayYCBaoGia, MaNV) values (38, '2019/01/21', 82);
insert into YeuCauBaoGia (MaYCBaoGia, NgayYCBaoGia, MaNV) values (39, '2019/05/20', 56);
insert into YeuCauBaoGia (MaYCBaoGia, NgayYCBaoGia, MaNV) values (40, '2019/07/13', 75);
insert into YeuCauBaoGia (MaYCBaoGia, NgayYCBaoGia, MaNV) values (41, '2019/10/19', 83);
insert into YeuCauBaoGia (MaYCBaoGia, NgayYCBaoGia, MaNV) values (42, '2019/11/05', 24);
insert into YeuCauBaoGia (MaYCBaoGia, NgayYCBaoGia, MaNV) values (43, '2019/05/29', 15);
insert into YeuCauBaoGia (MaYCBaoGia, NgayYCBaoGia, MaNV) values (44, '2019/11/04', 97);
insert into YeuCauBaoGia (MaYCBaoGia, NgayYCBaoGia, MaNV) values (45, '2019/06/30', 53);
insert into YeuCauBaoGia (MaYCBaoGia, NgayYCBaoGia, MaNV) values (46, '2019/05/31', 71);
insert into YeuCauBaoGia (MaYCBaoGia, NgayYCBaoGia, MaNV) values (47, '2019/03/05', 28);
insert into YeuCauBaoGia (MaYCBaoGia, NgayYCBaoGia, MaNV) values (48, '2019/08/11', 63);
insert into YeuCauBaoGia (MaYCBaoGia, NgayYCBaoGia, MaNV) values (49, '2018/11/25', 98);
insert into YeuCauBaoGia (MaYCBaoGia, NgayYCBaoGia, MaNV) values (50, '2019/07/24', 76);
insert into YeuCauBaoGia (MaYCBaoGia, NgayYCBaoGia, MaNV) values (51, '2019/04/08', 84);
insert into YeuCauBaoGia (MaYCBaoGia, NgayYCBaoGia, MaNV) values (52, '2019/07/31', 79);
insert into YeuCauBaoGia (MaYCBaoGia, NgayYCBaoGia, MaNV) values (53, '2019/02/08', 74);
insert into YeuCauBaoGia (MaYCBaoGia, NgayYCBaoGia, MaNV) values (54, '2019/10/29', 26);
insert into YeuCauBaoGia (MaYCBaoGia, NgayYCBaoGia, MaNV) values (55, '2019/07/17', 88);
insert into YeuCauBaoGia (MaYCBaoGia, NgayYCBaoGia, MaNV) values (56, '2019/10/21', 58);
insert into YeuCauBaoGia (MaYCBaoGia, NgayYCBaoGia, MaNV) values (57, '2018/11/24', 23);
insert into YeuCauBaoGia (MaYCBaoGia, NgayYCBaoGia, MaNV) values (58, '2019/11/05', 22);
insert into YeuCauBaoGia (MaYCBaoGia, NgayYCBaoGia, MaNV) values (59, '2019/06/23', 79);
insert into YeuCauBaoGia (MaYCBaoGia, NgayYCBaoGia, MaNV) values (60, '2019/09/30', 57);
insert into YeuCauBaoGia (MaYCBaoGia, NgayYCBaoGia, MaNV) values (61, '2019/07/04', 80);
insert into YeuCauBaoGia (MaYCBaoGia, NgayYCBaoGia, MaNV) values (62, '2018/12/11', 18);
insert into YeuCauBaoGia (MaYCBaoGia, NgayYCBaoGia, MaNV) values (63, '2019/05/21', 65);
insert into YeuCauBaoGia (MaYCBaoGia, NgayYCBaoGia, MaNV) values (64, '2019/09/18', 17);
insert into YeuCauBaoGia (MaYCBaoGia, NgayYCBaoGia, MaNV) values (65, '2019/02/13', 69);
insert into YeuCauBaoGia (MaYCBaoGia, NgayYCBaoGia, MaNV) values (66, '2019/10/18', 95);
insert into YeuCauBaoGia (MaYCBaoGia, NgayYCBaoGia, MaNV) values (67, '2019/08/01', 85);
insert into YeuCauBaoGia (MaYCBaoGia, NgayYCBaoGia, MaNV) values (68, '2019/05/23', 34);
insert into YeuCauBaoGia (MaYCBaoGia, NgayYCBaoGia, MaNV) values (69, '2019/10/14', 76);
insert into YeuCauBaoGia (MaYCBaoGia, NgayYCBaoGia, MaNV) values (70, '2019/04/20', 15);
insert into YeuCauBaoGia (MaYCBaoGia, NgayYCBaoGia, MaNV) values (71, '2019/05/28', 94);
insert into YeuCauBaoGia (MaYCBaoGia, NgayYCBaoGia, MaNV) values (72, '2018/12/11', 58);
insert into YeuCauBaoGia (MaYCBaoGia, NgayYCBaoGia, MaNV) values (73, '2019/08/12', 34);
insert into YeuCauBaoGia (MaYCBaoGia, NgayYCBaoGia, MaNV) values (74, '2019/04/14', 52);
insert into YeuCauBaoGia (MaYCBaoGia, NgayYCBaoGia, MaNV) values (75, '2019/10/10', 17);
insert into YeuCauBaoGia (MaYCBaoGia, NgayYCBaoGia, MaNV) values (76, '2019/06/20', 94);
insert into YeuCauBaoGia (MaYCBaoGia, NgayYCBaoGia, MaNV) values (77, '2019/04/28', 18);
insert into YeuCauBaoGia (MaYCBaoGia, NgayYCBaoGia, MaNV) values (78, '2018/12/12', 72);
insert into YeuCauBaoGia (MaYCBaoGia, NgayYCBaoGia, MaNV) values (79, '2019/07/20', 62);
insert into YeuCauBaoGia (MaYCBaoGia, NgayYCBaoGia, MaNV) values (80, '2019/03/07', 26);
insert into YeuCauBaoGia (MaYCBaoGia, NgayYCBaoGia, MaNV) values (81, '2019/06/06', 83);
insert into YeuCauBaoGia (MaYCBaoGia, NgayYCBaoGia, MaNV) values (82, '2019/08/07', 28);
insert into YeuCauBaoGia (MaYCBaoGia, NgayYCBaoGia, MaNV) values (83, '2018/12/14', 63);
insert into YeuCauBaoGia (MaYCBaoGia, NgayYCBaoGia, MaNV) values (84, '2019/04/18', 39);
insert into YeuCauBaoGia (MaYCBaoGia, NgayYCBaoGia, MaNV) values (85, '2019/11/10', 75);
insert into YeuCauBaoGia (MaYCBaoGia, NgayYCBaoGia, MaNV) values (86, '2019/02/04', 94);
insert into YeuCauBaoGia (MaYCBaoGia, NgayYCBaoGia, MaNV) values (87, '2019/11/10', 30);
insert into YeuCauBaoGia (MaYCBaoGia, NgayYCBaoGia, MaNV) values (88, '2019/09/16', 64);
insert into YeuCauBaoGia (MaYCBaoGia, NgayYCBaoGia, MaNV) values (89, '2019/10/25', 44);
insert into YeuCauBaoGia (MaYCBaoGia, NgayYCBaoGia, MaNV) values (90, '2019/09/01', 100);
insert into YeuCauBaoGia (MaYCBaoGia, NgayYCBaoGia, MaNV) values (91, '2018/12/04', 87);
insert into YeuCauBaoGia (MaYCBaoGia, NgayYCBaoGia, MaNV) values (92, '2019/09/11', 40);
insert into YeuCauBaoGia (MaYCBaoGia, NgayYCBaoGia, MaNV) values (93, '2019/07/27', 16);
insert into YeuCauBaoGia (MaYCBaoGia, NgayYCBaoGia, MaNV) values (94, '2018/12/03', 27);
insert into YeuCauBaoGia (MaYCBaoGia, NgayYCBaoGia, MaNV) values (95, '2018/12/16', 24);
insert into YeuCauBaoGia (MaYCBaoGia, NgayYCBaoGia, MaNV) values (96, '2019/05/14', 1);
insert into YeuCauBaoGia (MaYCBaoGia, NgayYCBaoGia, MaNV) values (97, '2019/07/20', 78);
insert into YeuCauBaoGia (MaYCBaoGia, NgayYCBaoGia, MaNV) values (98, '2019/08/07', 46);
insert into YeuCauBaoGia (MaYCBaoGia, NgayYCBaoGia, MaNV) values (99, '2019/10/21', 59);
insert into YeuCauBaoGia (MaYCBaoGia, NgayYCBaoGia, MaNV) values (100, '2019/09/25', 51);
go
insert into CTYCBaoGia (MaNCC, MaSP, SLSeMua, GiaDaBao, MaYCBaoGia) values ('Pass', '23', 59800, 0, 96);
insert into CTYCBaoGia (MaNCC, MaSP, SLSeMua, GiaDaBao, MaYCBaoGia) values ('Road', '32', 89500, 0, 89);
insert into CTYCBaoGia (MaNCC, MaSP, SLSeMua, GiaDaBao, MaYCBaoGia) values ('Plaza', '59', 12100, 0, 65);
insert into CTYCBaoGia (MaNCC, MaSP, SLSeMua, GiaDaBao, MaYCBaoGia) values ('Hill', '62', 80200, 0, 23);
insert into CTYCBaoGia (MaNCC, MaSP, SLSeMua, GiaDaBao, MaYCBaoGia) values ('Drive', '84', 35200, 0, 6);
insert into CTYCBaoGia (MaNCC, MaSP, SLSeMua, GiaDaBao, MaYCBaoGia) values ('Point', '7', 86900, 54100000, 67);
insert into CTYCBaoGia (MaNCC, MaSP, SLSeMua, GiaDaBao, MaYCBaoGia) values ('Plaza', '72', 59100, 0, 78);
insert into CTYCBaoGia (MaNCC, MaSP, SLSeMua, GiaDaBao, MaYCBaoGia) values ('Way', '46', 47100, 0, 67);
insert into CTYCBaoGia (MaNCC, MaSP, SLSeMua, GiaDaBao, MaYCBaoGia) values ('Pass', '41', 86400, 0, 60);
insert into CTYCBaoGia (MaNCC, MaSP, SLSeMua, GiaDaBao, MaYCBaoGia) values ('Avenue', '78', 57900, 85800000, 26);
insert into CTYCBaoGia (MaNCC, MaSP, SLSeMua, GiaDaBao, MaYCBaoGia) values ('Center', '55', 71700, 0, 39);
insert into CTYCBaoGia (MaNCC, MaSP, SLSeMua, GiaDaBao, MaYCBaoGia) values ('Road', '7', 82700, 0, 81);
insert into CTYCBaoGia (MaNCC, MaSP, SLSeMua, GiaDaBao, MaYCBaoGia) values ('Drive', '31', 39400, 0, 83);
insert into CTYCBaoGia (MaNCC, MaSP, SLSeMua, GiaDaBao, MaYCBaoGia) values ('Street', '38', 66700, 0, 69);
insert into CTYCBaoGia (MaNCC, MaSP, SLSeMua, GiaDaBao, MaYCBaoGia) values ('Park', '67', 99700, 0, 54);
insert into CTYCBaoGia (MaNCC, MaSP, SLSeMua, GiaDaBao, MaYCBaoGia) values ('Hill', '44', 94100, 0, 39);
insert into CTYCBaoGia (MaNCC, MaSP, SLSeMua, GiaDaBao, MaYCBaoGia) values ('Terrace', '93', 99600, 0, 44);
insert into CTYCBaoGia (MaNCC, MaSP, SLSeMua, GiaDaBao, MaYCBaoGia) values ('Circle', '46', 95100, 0, 42);
insert into CTYCBaoGia (MaNCC, MaSP, SLSeMua, GiaDaBao, MaYCBaoGia) values ('Drive', '4', 41400, 0, 81);
insert into CTYCBaoGia (MaNCC, MaSP, SLSeMua, GiaDaBao, MaYCBaoGia) values ('Plaza', '98', 96900, 0, 84);
insert into CTYCBaoGia (MaNCC, MaSP, SLSeMua, GiaDaBao, MaYCBaoGia) values ('Hill', '7', 63600, 93500000, 27);
insert into CTYCBaoGia (MaNCC, MaSP, SLSeMua, GiaDaBao, MaYCBaoGia) values ('Drive', '86', 16800, 70200000, 29);
insert into CTYCBaoGia (MaNCC, MaSP, SLSeMua, GiaDaBao, MaYCBaoGia) values ('Way', '97', 200, 0, 83);
insert into CTYCBaoGia (MaNCC, MaSP, SLSeMua, GiaDaBao, MaYCBaoGia) values ('Road', '32', 17400, 0, 20);
insert into CTYCBaoGia (MaNCC, MaSP, SLSeMua, GiaDaBao, MaYCBaoGia) values ('Way', '42', 76500, 60600000, 95);
insert into CTYCBaoGia (MaNCC, MaSP, SLSeMua, GiaDaBao, MaYCBaoGia) values ('Junction', '37', 43200, 0, 14);
insert into CTYCBaoGia (MaNCC, MaSP, SLSeMua, GiaDaBao, MaYCBaoGia) values ('Alley', '63', 77600, 0, 23);
insert into CTYCBaoGia (MaNCC, MaSP, SLSeMua, GiaDaBao, MaYCBaoGia) values ('Hill', '48', 18400, 0, 55);
insert into CTYCBaoGia (MaNCC, MaSP, SLSeMua, GiaDaBao, MaYCBaoGia) values ('Crossing', '67', 73400, 0, 83);
insert into CTYCBaoGia (MaNCC, MaSP, SLSeMua, GiaDaBao, MaYCBaoGia) values ('Center', '65', 80700, 83300000, 23);
insert into CTYCBaoGia (MaNCC, MaSP, SLSeMua, GiaDaBao, MaYCBaoGia) values ('Center', '83', 64600, 0, 72);
insert into CTYCBaoGia (MaNCC, MaSP, SLSeMua, GiaDaBao, MaYCBaoGia) values ('Circle', '46', 46100, 0, 35);
insert into CTYCBaoGia (MaNCC, MaSP, SLSeMua, GiaDaBao, MaYCBaoGia) values ('Place', '98', 12600, 0, 67);
insert into CTYCBaoGia (MaNCC, MaSP, SLSeMua, GiaDaBao, MaYCBaoGia) values ('Alley', '60', 31400, 0, 87);
insert into CTYCBaoGia (MaNCC, MaSP, SLSeMua, GiaDaBao, MaYCBaoGia) values ('Crossing', '56', 44400, 0, 27);
insert into CTYCBaoGia (MaNCC, MaSP, SLSeMua, GiaDaBao, MaYCBaoGia) values ('Road', '23', 55100, 88500000, 61);
insert into CTYCBaoGia (MaNCC, MaSP, SLSeMua, GiaDaBao, MaYCBaoGia) values ('Lane', '32', 30000, 49200000, 8);
insert into CTYCBaoGia (MaNCC, MaSP, SLSeMua, GiaDaBao, MaYCBaoGia) values ('Point', '82', 6600, 0, 75);
insert into CTYCBaoGia (MaNCC, MaSP, SLSeMua, GiaDaBao, MaYCBaoGia) values ('Circle', '46', 70300, 0, 70);
insert into CTYCBaoGia (MaNCC, MaSP, SLSeMua, GiaDaBao, MaYCBaoGia) values ('Way', '46', 32900, 0, 87);
insert into CTYCBaoGia (MaNCC, MaSP, SLSeMua, GiaDaBao, MaYCBaoGia) values ('Center', '7', 11200, 0, 45);
insert into CTYCBaoGia (MaNCC, MaSP, SLSeMua, GiaDaBao, MaYCBaoGia) values ('Way', '51', 22900, 0, 93);
insert into CTYCBaoGia (MaNCC, MaSP, SLSeMua, GiaDaBao, MaYCBaoGia) values ('Alley', '68', 24700, 0, 18);
insert into CTYCBaoGia (MaNCC, MaSP, SLSeMua, GiaDaBao, MaYCBaoGia) values ('Road', '37', 5200, 61300000, 92);
insert into CTYCBaoGia (MaNCC, MaSP, SLSeMua, GiaDaBao, MaYCBaoGia) values ('Way', '99', 94700, 0, 33);
insert into CTYCBaoGia (MaNCC, MaSP, SLSeMua, GiaDaBao, MaYCBaoGia) values ('Point', '40', 77500, 23200000, 43);
insert into CTYCBaoGia (MaNCC, MaSP, SLSeMua, GiaDaBao, MaYCBaoGia) values ('Drive', '92', 87700, 0, 33);
insert into CTYCBaoGia (MaNCC, MaSP, SLSeMua, GiaDaBao, MaYCBaoGia) values ('Trail', '73', 55000, 0, 51);
insert into CTYCBaoGia (MaNCC, MaSP, SLSeMua, GiaDaBao, MaYCBaoGia) values ('Plaza', '15', 84900, 0, 36);
insert into CTYCBaoGia (MaNCC, MaSP, SLSeMua, GiaDaBao, MaYCBaoGia) values ('Pass', '23', 2800, 0, 43);
insert into CTYCBaoGia (MaNCC, MaSP, SLSeMua, GiaDaBao, MaYCBaoGia) values ('Circle', '34', 22500, 71500000, 22);
insert into CTYCBaoGia (MaNCC, MaSP, SLSeMua, GiaDaBao, MaYCBaoGia) values ('Alley', '96', 23800, 0, 100);
insert into CTYCBaoGia (MaNCC, MaSP, SLSeMua, GiaDaBao, MaYCBaoGia) values ('Alley', '73', 92500, 0, 54);
insert into CTYCBaoGia (MaNCC, MaSP, SLSeMua, GiaDaBao, MaYCBaoGia) values ('Crossing', '44', 23000, 27400000, 96);
insert into CTYCBaoGia (MaNCC, MaSP, SLSeMua, GiaDaBao, MaYCBaoGia) values ('Way', '21', 6100, 80600000, 90);
insert into CTYCBaoGia (MaNCC, MaSP, SLSeMua, GiaDaBao, MaYCBaoGia) values ('Road', '63', 31300, 0, 28);
insert into CTYCBaoGia (MaNCC, MaSP, SLSeMua, GiaDaBao, MaYCBaoGia) values ('Road', '37', 23200, 0, 4);
insert into CTYCBaoGia (MaNCC, MaSP, SLSeMua, GiaDaBao, MaYCBaoGia) values ('Hill', '7', 28100, 0, 32);
insert into CTYCBaoGia (MaNCC, MaSP, SLSeMua, GiaDaBao, MaYCBaoGia) values ('Drive', '70', 94400, 0, 54);
insert into CTYCBaoGia (MaNCC, MaSP, SLSeMua, GiaDaBao, MaYCBaoGia) values ('Lane', '43', 67000, 0, 89);
insert into CTYCBaoGia (MaNCC, MaSP, SLSeMua, GiaDaBao, MaYCBaoGia) values ('Point', '71', 39800, 0, 69);
insert into CTYCBaoGia (MaNCC, MaSP, SLSeMua, GiaDaBao, MaYCBaoGia) values ('Street', '50', 43800, 0, 76);
insert into CTYCBaoGia (MaNCC, MaSP, SLSeMua, GiaDaBao, MaYCBaoGia) values ('Alley', '60', 95600, 0, 98);
insert into CTYCBaoGia (MaNCC, MaSP, SLSeMua, GiaDaBao, MaYCBaoGia) values ('Drive', '84', 78100, 0, 8);
insert into CTYCBaoGia (MaNCC, MaSP, SLSeMua, GiaDaBao, MaYCBaoGia) values ('Terrace', '67', 16600, 0, 32);
insert into CTYCBaoGia (MaNCC, MaSP, SLSeMua, GiaDaBao, MaYCBaoGia) values ('Drive', '51', 83900, 0, 56);
insert into CTYCBaoGia (MaNCC, MaSP, SLSeMua, GiaDaBao, MaYCBaoGia) values ('Drive', '51', 40800, 0, 36);
insert into CTYCBaoGia (MaNCC, MaSP, SLSeMua, GiaDaBao, MaYCBaoGia) values ('Hill', '77', 57500, 0, 9);
insert into CTYCBaoGia (MaNCC, MaSP, SLSeMua, GiaDaBao, MaYCBaoGia) values ('Drive', '65', 69600, 0, 97);
insert into CTYCBaoGia (MaNCC, MaSP, SLSeMua, GiaDaBao, MaYCBaoGia) values ('Way', '46', 100000, 0, 20);
insert into CTYCBaoGia (MaNCC, MaSP, SLSeMua, GiaDaBao, MaYCBaoGia) values ('Court', '41', 30200, 85700000, 84);
insert into CTYCBaoGia (MaNCC, MaSP, SLSeMua, GiaDaBao, MaYCBaoGia) values ('Avenue', '61', 77900, 25900000, 67);
insert into CTYCBaoGia (MaNCC, MaSP, SLSeMua, GiaDaBao, MaYCBaoGia) values ('Center', '55', 1300, 0, 47);
insert into CTYCBaoGia (MaNCC, MaSP, SLSeMua, GiaDaBao, MaYCBaoGia) values ('Road', '43', 82200, 0, 18);
insert into CTYCBaoGia (MaNCC, MaSP, SLSeMua, GiaDaBao, MaYCBaoGia) values ('Point', '7', 52500, 0, 92);
insert into CTYCBaoGia (MaNCC, MaSP, SLSeMua, GiaDaBao, MaYCBaoGia) values ('Drive', '100', 2000, 92300000, 48);
insert into CTYCBaoGia (MaNCC, MaSP, SLSeMua, GiaDaBao, MaYCBaoGia) values ('Center', '64', 74800, 0, 65);
insert into CTYCBaoGia (MaNCC, MaSP, SLSeMua, GiaDaBao, MaYCBaoGia) values ('Circle', '46', 16700, 0, 49);
insert into CTYCBaoGia (MaNCC, MaSP, SLSeMua, GiaDaBao, MaYCBaoGia) values ('Circle', '31', 66700, 0, 22);
insert into CTYCBaoGia (MaNCC, MaSP, SLSeMua, GiaDaBao, MaYCBaoGia) values ('Way', '46', 85600, 0, 59);
insert into CTYCBaoGia (MaNCC, MaSP, SLSeMua, GiaDaBao, MaYCBaoGia) values ('Avenue', '57', 1500, 0, 75);
insert into CTYCBaoGia (MaNCC, MaSP, SLSeMua, GiaDaBao, MaYCBaoGia) values ('Crossing', '28', 52500, 0, 21);
insert into CTYCBaoGia (MaNCC, MaSP, SLSeMua, GiaDaBao, MaYCBaoGia) values ('Center', '26', 42200, 0, 31);
insert into CTYCBaoGia (MaNCC, MaSP, SLSeMua, GiaDaBao, MaYCBaoGia) values ('Crossing', '72', 49200, 0, 7);
insert into CTYCBaoGia (MaNCC, MaSP, SLSeMua, GiaDaBao, MaYCBaoGia) values ('Place', '98', 11300, 0, 3);
insert into CTYCBaoGia (MaNCC, MaSP, SLSeMua, GiaDaBao, MaYCBaoGia) values ('Center', '3', 13500, 0, 96);
insert into CTYCBaoGia (MaNCC, MaSP, SLSeMua, GiaDaBao, MaYCBaoGia) values ('Way', '37', 59600, 0, 37);
insert into CTYCBaoGia (MaNCC, MaSP, SLSeMua, GiaDaBao, MaYCBaoGia) values ('Point', '66', 96000, 0, 11);
insert into CTYCBaoGia (MaNCC, MaSP, SLSeMua, GiaDaBao, MaYCBaoGia) values ('Road', '54', 43100, 27600000, 82);
insert into CTYCBaoGia (MaNCC, MaSP, SLSeMua, GiaDaBao, MaYCBaoGia) values ('Hill', '65', 18100, 53800000, 45);
insert into CTYCBaoGia (MaNCC, MaSP, SLSeMua, GiaDaBao, MaYCBaoGia) values ('Place', '49', 51900, 55500000, 56);
insert into CTYCBaoGia (MaNCC, MaSP, SLSeMua, GiaDaBao, MaYCBaoGia) values ('Plaza', '72', 88600, 0, 2);
insert into CTYCBaoGia (MaNCC, MaSP, SLSeMua, GiaDaBao, MaYCBaoGia) values ('Drive', '65', 93300, 0, 25);
insert into CTYCBaoGia (MaNCC, MaSP, SLSeMua, GiaDaBao, MaYCBaoGia) values ('Hill', '77', 9700, 0, 39);
insert into CTYCBaoGia (MaNCC, MaSP, SLSeMua, GiaDaBao, MaYCBaoGia) values ('Center', '49', 50800, 0, 24);
insert into CTYCBaoGia (MaNCC, MaSP, SLSeMua, GiaDaBao, MaYCBaoGia) values ('Court', '41', 28100, 0, 83);
insert into CTYCBaoGia (MaNCC, MaSP, SLSeMua, GiaDaBao, MaYCBaoGia) values ('Hill', '13', 34300, 0, 67);
insert into CTYCBaoGia (MaNCC, MaSP, SLSeMua, GiaDaBao, MaYCBaoGia) values ('Hill', '65', 11300, 0, 55);
insert into CTYCBaoGia (MaNCC, MaSP, SLSeMua, GiaDaBao, MaYCBaoGia) values ('Road', '43', 68200, 0, 37);
insert into CTYCBaoGia (MaNCC, MaSP, SLSeMua, GiaDaBao, MaYCBaoGia) values ('Place', '65', 57900, 0, 19);
insert into CTYCBaoGia (MaNCC, MaSP, SLSeMua, GiaDaBao, MaYCBaoGia) values ('Street', '24', 97800, 0, 47);
insert into CTYCBaoGia (MaNCC, MaSP, SLSeMua, GiaDaBao, MaYCBaoGia) values ('Avenue', '76', 62400, 0, 52);
insert into CTYCBaoGia (MaNCC, MaSP, SLSeMua, GiaDaBao, MaYCBaoGia) values ('Court', '40', 45700, 97300000, 80);
insert into CTYCBaoGia (MaNCC, MaSP, SLSeMua, GiaDaBao, MaYCBaoGia) values ('Junction', '69', 11500, 1000000, 43);
insert into CTYCBaoGia (MaNCC, MaSP, SLSeMua, GiaDaBao, MaYCBaoGia) values ('Alley', '60', 14000, 0, 61);
insert into CTYCBaoGia (MaNCC, MaSP, SLSeMua, GiaDaBao, MaYCBaoGia) values ('Lane', '48', 60700, 0, 88);
insert into CTYCBaoGia (MaNCC, MaSP, SLSeMua, GiaDaBao, MaYCBaoGia) values ('Place', '98', 93900, 0, 54);
insert into CTYCBaoGia (MaNCC, MaSP, SLSeMua, GiaDaBao, MaYCBaoGia) values ('Way', '99', 80100, 0, 56);
insert into CTYCBaoGia (MaNCC, MaSP, SLSeMua, GiaDaBao, MaYCBaoGia) values ('Park', '96', 5300, 0, 4);
insert into CTYCBaoGia (MaNCC, MaSP, SLSeMua, GiaDaBao, MaYCBaoGia) values ('Center', '7', 18300, 0, 37);
insert into CTYCBaoGia (MaNCC, MaSP, SLSeMua, GiaDaBao, MaYCBaoGia) values ('Park', '37', 9500, 0, 58);
insert into CTYCBaoGia (MaNCC, MaSP, SLSeMua, GiaDaBao, MaYCBaoGia) values ('Drive', '44', 26900, 0, 75);
insert into CTYCBaoGia (MaNCC, MaSP, SLSeMua, GiaDaBao, MaYCBaoGia) values ('Center', '95', 55300, 0, 46);
insert into CTYCBaoGia (MaNCC, MaSP, SLSeMua, GiaDaBao, MaYCBaoGia) values ('Lane', '46', 33100, 0, 22);
insert into CTYCBaoGia (MaNCC, MaSP, SLSeMua, GiaDaBao, MaYCBaoGia) values ('Point', '7', 99700, 0, 30);
insert into CTYCBaoGia (MaNCC, MaSP, SLSeMua, GiaDaBao, MaYCBaoGia) values ('Lane', '24', 20700, 0, 53);
insert into CTYCBaoGia (MaNCC, MaSP, SLSeMua, GiaDaBao, MaYCBaoGia) values ('Point', '40', 42300, 0, 50);
insert into CTYCBaoGia (MaNCC, MaSP, SLSeMua, GiaDaBao, MaYCBaoGia) values ('Place', '3', 20000, 8500000, 52);
insert into CTYCBaoGia (MaNCC, MaSP, SLSeMua, GiaDaBao, MaYCBaoGia) values ('Road', '32', 5900, 80000000, 61);
insert into CTYCBaoGia (MaNCC, MaSP, SLSeMua, GiaDaBao, MaYCBaoGia) values ('Avenue', '57', 97600, 0, 78);
insert into CTYCBaoGia (MaNCC, MaSP, SLSeMua, GiaDaBao, MaYCBaoGia) values ('Crossing', '67', 81700, 0, 74);
insert into CTYCBaoGia (MaNCC, MaSP, SLSeMua, GiaDaBao, MaYCBaoGia) values ('Drive', '74', 4200, 0, 5);
insert into CTYCBaoGia (MaNCC, MaSP, SLSeMua, GiaDaBao, MaYCBaoGia) values ('Avenue', '57', 52600, 0, 41);
insert into CTYCBaoGia (MaNCC, MaSP, SLSeMua, GiaDaBao, MaYCBaoGia) values ('Place', '14', 84300, 0, 53);
insert into CTYCBaoGia (MaNCC, MaSP, SLSeMua, GiaDaBao, MaYCBaoGia) values ('Center', '64', 68900, 0, 89);
insert into CTYCBaoGia (MaNCC, MaSP, SLSeMua, GiaDaBao, MaYCBaoGia) values ('Drive', '70', 49900, 0, 89);
insert into CTYCBaoGia (MaNCC, MaSP, SLSeMua, GiaDaBao, MaYCBaoGia) values ('Drive', '29', 68300, 0, 88);
insert into CTYCBaoGia (MaNCC, MaSP, SLSeMua, GiaDaBao, MaYCBaoGia) values ('Place', '55', 14400, 0, 73);
insert into CTYCBaoGia (MaNCC, MaSP, SLSeMua, GiaDaBao, MaYCBaoGia) values ('Place', '98', 81000, 0, 23);
insert into CTYCBaoGia (MaNCC, MaSP, SLSeMua, GiaDaBao, MaYCBaoGia) values ('Drive', '4', 57900, 0, 80);
insert into CTYCBaoGia (MaNCC, MaSP, SLSeMua, GiaDaBao, MaYCBaoGia) values ('Crossing', '93', 8600, 48900000, 66);
insert into CTYCBaoGia (MaNCC, MaSP, SLSeMua, GiaDaBao, MaYCBaoGia) values ('Park', '37', 98400, 0, 100);
insert into CTYCBaoGia (MaNCC, MaSP, SLSeMua, GiaDaBao, MaYCBaoGia) values ('Hill', '48', 64400, 0, 92);
insert into CTYCBaoGia (MaNCC, MaSP, SLSeMua, GiaDaBao, MaYCBaoGia) values ('Alley', '2', 55900, 0, 91);
insert into CTYCBaoGia (MaNCC, MaSP, SLSeMua, GiaDaBao, MaYCBaoGia) values ('Pass', '8', 9700, 0, 35);
insert into CTYCBaoGia (MaNCC, MaSP, SLSeMua, GiaDaBao, MaYCBaoGia) values ('Center', '7', 67300, 0, 25);
insert into CTYCBaoGia (MaNCC, MaSP, SLSeMua, GiaDaBao, MaYCBaoGia) values ('Lane', '46', 2600, 0, 76);
insert into CTYCBaoGia (MaNCC, MaSP, SLSeMua, GiaDaBao, MaYCBaoGia) values ('Trail', '14', 79600, 0, 34);
insert into CTYCBaoGia (MaNCC, MaSP, SLSeMua, GiaDaBao, MaYCBaoGia) values ('Pass', '8', 41500, 0, 13);
insert into CTYCBaoGia (MaNCC, MaSP, SLSeMua, GiaDaBao, MaYCBaoGia) values ('Pass', '6', 99900, 0, 88);
insert into CTYCBaoGia (MaNCC, MaSP, SLSeMua, GiaDaBao, MaYCBaoGia) values ('Alley', '11', 50000, 0, 74);
insert into CTYCBaoGia (MaNCC, MaSP, SLSeMua, GiaDaBao, MaYCBaoGia) values ('Drive', '1', 31900, 0, 98);
insert into CTYCBaoGia (MaNCC, MaSP, SLSeMua, GiaDaBao, MaYCBaoGia) values ('Center', '64', 11400, 97000000, 46);
insert into CTYCBaoGia (MaNCC, MaSP, SLSeMua, GiaDaBao, MaYCBaoGia) values ('Crossing', '24', 30500, 0, 28);
insert into CTYCBaoGia (MaNCC, MaSP, SLSeMua, GiaDaBao, MaYCBaoGia) values ('Circle', '46', 80400, 0, 69);
insert into CTYCBaoGia (MaNCC, MaSP, SLSeMua, GiaDaBao, MaYCBaoGia) values ('Lane', '69', 22800, 93900000, 47);
insert into CTYCBaoGia (MaNCC, MaSP, SLSeMua, GiaDaBao, MaYCBaoGia) values ('Way', '42', 62900, 0, 76);
insert into CTYCBaoGia (MaNCC, MaSP, SLSeMua, GiaDaBao, MaYCBaoGia) values ('Avenue', '57', 85700, 0, 1);
insert into CTYCBaoGia (MaNCC, MaSP, SLSeMua, GiaDaBao, MaYCBaoGia) values ('Avenue', '74', 98000, 0, 4);
insert into CTYCBaoGia (MaNCC, MaSP, SLSeMua, GiaDaBao, MaYCBaoGia) values ('Place', '85', 98400, 0, 73);
insert into CTYCBaoGia (MaNCC, MaSP, SLSeMua, GiaDaBao, MaYCBaoGia) values ('Pass', '87', 23900, 0, 20);
insert into CTYCBaoGia (MaNCC, MaSP, SLSeMua, GiaDaBao, MaYCBaoGia) values ('Street', '38', 98300, 0, 82);
insert into CTYCBaoGia (MaNCC, MaSP, SLSeMua, GiaDaBao, MaYCBaoGia) values ('Hill', '76', 95000, 0, 34);
insert into CTYCBaoGia (MaNCC, MaSP, SLSeMua, GiaDaBao, MaYCBaoGia) values ('Junction', '37', 73400, 0, 30);
insert into CTYCBaoGia (MaNCC, MaSP, SLSeMua, GiaDaBao, MaYCBaoGia) values ('Way', '48', 33500, 8800000, 35);
insert into CTYCBaoGia (MaNCC, MaSP, SLSeMua, GiaDaBao, MaYCBaoGia) values ('Place', '20', 66200, 0, 76);
insert into CTYCBaoGia (MaNCC, MaSP, SLSeMua, GiaDaBao, MaYCBaoGia) values ('Lane', '62', 46700, 0, 27);
insert into CTYCBaoGia (MaNCC, MaSP, SLSeMua, GiaDaBao, MaYCBaoGia) values ('Park', '67', 67200, 20200000, 93);
insert into CTYCBaoGia (MaNCC, MaSP, SLSeMua, GiaDaBao, MaYCBaoGia) values ('Avenue', '30', 2600, 86400000, 10);
insert into CTYCBaoGia (MaNCC, MaSP, SLSeMua, GiaDaBao, MaYCBaoGia) values ('Place', '46', 85600, 0, 91);
insert into CTYCBaoGia (MaNCC, MaSP, SLSeMua, GiaDaBao, MaYCBaoGia) values ('Alley', '2', 44100, 0, 100);
insert into CTYCBaoGia (MaNCC, MaSP, SLSeMua, GiaDaBao, MaYCBaoGia) values ('Drive', '87', 27400, 0, 74);
insert into CTYCBaoGia (MaNCC, MaSP, SLSeMua, GiaDaBao, MaYCBaoGia) values ('Center', '65', 51900, 0, 5);
insert into CTYCBaoGia (MaNCC, MaSP, SLSeMua, GiaDaBao, MaYCBaoGia) values ('Avenue', '57', 54200, 0, 96);
insert into CTYCBaoGia (MaNCC, MaSP, SLSeMua, GiaDaBao, MaYCBaoGia) values ('Center', '79', 40200, 0, 24);
insert into CTYCBaoGia (MaNCC, MaSP, SLSeMua, GiaDaBao, MaYCBaoGia) values ('Place', '3', 50300, 0, 90);
insert into CTYCBaoGia (MaNCC, MaSP, SLSeMua, GiaDaBao, MaYCBaoGia) values ('Court', '75', 75400, 0, 56);
insert into CTYCBaoGia (MaNCC, MaSP, SLSeMua, GiaDaBao, MaYCBaoGia) values ('Park', '96', 40600, 0, 77);
insert into CTYCBaoGia (MaNCC, MaSP, SLSeMua, GiaDaBao, MaYCBaoGia) values ('Crossing', '72', 77700, 0, 78);
insert into CTYCBaoGia (MaNCC, MaSP, SLSeMua, GiaDaBao, MaYCBaoGia) values ('Pass', '23', 37400, 0, 22);
insert into CTYCBaoGia (MaNCC, MaSP, SLSeMua, GiaDaBao, MaYCBaoGia) values ('Court', '41', 88500, 0, 57);
insert into CTYCBaoGia (MaNCC, MaSP, SLSeMua, GiaDaBao, MaYCBaoGia) values ('Center', '8', 48000, 0, 54);
insert into CTYCBaoGia (MaNCC, MaSP, SLSeMua, GiaDaBao, MaYCBaoGia) values ('Center', '79', 28400, 0, 6);
insert into CTYCBaoGia (MaNCC, MaSP, SLSeMua, GiaDaBao, MaYCBaoGia) values ('Plaza', '81', 45100, 0, 100);
insert into CTYCBaoGia (MaNCC, MaSP, SLSeMua, GiaDaBao, MaYCBaoGia) values ('Alley', '94', 83400, 0, 89);
insert into CTYCBaoGia (MaNCC, MaSP, SLSeMua, GiaDaBao, MaYCBaoGia) values ('Pass', '71', 10400, 0, 71);
insert into CTYCBaoGia (MaNCC, MaSP, SLSeMua, GiaDaBao, MaYCBaoGia) values ('Plaza', '59', 44100, 0, 74);
insert into CTYCBaoGia (MaNCC, MaSP, SLSeMua, GiaDaBao, MaYCBaoGia) values ('Junction', '64', 50100, 0, 53);
insert into CTYCBaoGia (MaNCC, MaSP, SLSeMua, GiaDaBao, MaYCBaoGia) values ('Lane', '46', 17000, 0, 77);
insert into CTYCBaoGia (MaNCC, MaSP, SLSeMua, GiaDaBao, MaYCBaoGia) values ('Road', '2', 32800, 46600000, 31);
insert into CTYCBaoGia (MaNCC, MaSP, SLSeMua, GiaDaBao, MaYCBaoGia) values ('Junction', '54', 55900, 0, 96);
insert into CTYCBaoGia (MaNCC, MaSP, SLSeMua, GiaDaBao, MaYCBaoGia) values ('Circle', '30', 9400, 0, 81);
insert into CTYCBaoGia (MaNCC, MaSP, SLSeMua, GiaDaBao, MaYCBaoGia) values ('Place', '14', 95900, 97400000, 64);
insert into CTYCBaoGia (MaNCC, MaSP, SLSeMua, GiaDaBao, MaYCBaoGia) values ('Hill', '90', 61900, 0, 95);
insert into CTYCBaoGia (MaNCC, MaSP, SLSeMua, GiaDaBao, MaYCBaoGia) values ('Center', '3', 11400, 0, 66);
insert into CTYCBaoGia (MaNCC, MaSP, SLSeMua, GiaDaBao, MaYCBaoGia) values ('Road', '35', 67000, 0, 92);
insert into CTYCBaoGia (MaNCC, MaSP, SLSeMua, GiaDaBao, MaYCBaoGia) values ('Road', '2', 83000, 0, 26);
insert into CTYCBaoGia (MaNCC, MaSP, SLSeMua, GiaDaBao, MaYCBaoGia) values ('Street', '23', 30700, 0, 78);
insert into CTYCBaoGia (MaNCC, MaSP, SLSeMua, GiaDaBao, MaYCBaoGia) values ('Park', '7', 44700, 0, 52);
insert into CTYCBaoGia (MaNCC, MaSP, SLSeMua, GiaDaBao, MaYCBaoGia) values ('Pass', '71', 95200, 0, 80);
insert into CTYCBaoGia (MaNCC, MaSP, SLSeMua, GiaDaBao, MaYCBaoGia) values ('Drive', '70', 8900, 0, 22);
insert into CTYCBaoGia (MaNCC, MaSP, SLSeMua, GiaDaBao, MaYCBaoGia) values ('Drive', '86', 17900, 0, 21);
insert into CTYCBaoGia (MaNCC, MaSP, SLSeMua, GiaDaBao, MaYCBaoGia) values ('Center', '64', 98100, 0, 36);
insert into CTYCBaoGia (MaNCC, MaSP, SLSeMua, GiaDaBao, MaYCBaoGia) values ('Center', '64', 73100, 0, 25);
insert into CTYCBaoGia (MaNCC, MaSP, SLSeMua, GiaDaBao, MaYCBaoGia) values ('Road', '35', 64400, 0, 53);
insert into CTYCBaoGia (MaNCC, MaSP, SLSeMua, GiaDaBao, MaYCBaoGia) values ('Drive', '75', 48100, 0, 56);
insert into CTYCBaoGia (MaNCC, MaSP, SLSeMua, GiaDaBao, MaYCBaoGia) values ('Park', '96', 58300, 0, 4);
insert into CTYCBaoGia (MaNCC, MaSP, SLSeMua, GiaDaBao, MaYCBaoGia) values ('Plaza', '81', 51500, 0, 45);
insert into CTYCBaoGia (MaNCC, MaSP, SLSeMua, GiaDaBao, MaYCBaoGia) values ('Lane', '24', 3100, 0, 48);
insert into CTYCBaoGia (MaNCC, MaSP, SLSeMua, GiaDaBao, MaYCBaoGia) values ('Lane', '77', 40600, 0, 91);
insert into CTYCBaoGia (MaNCC, MaSP, SLSeMua, GiaDaBao, MaYCBaoGia) values ('Plaza', '81', 58400, 0, 92);
insert into CTYCBaoGia (MaNCC, MaSP, SLSeMua, GiaDaBao, MaYCBaoGia) values ('Crossing', '44', 41600, 7400000, 20);
insert into CTYCBaoGia (MaNCC, MaSP, SLSeMua, GiaDaBao, MaYCBaoGia) values ('Lane', '46', 51900, 0, 42);
insert into CTYCBaoGia (MaNCC, MaSP, SLSeMua, GiaDaBao, MaYCBaoGia) values ('Court', '41', 40500, 0, 77);
insert into CTYCBaoGia (MaNCC, MaSP, SLSeMua, GiaDaBao, MaYCBaoGia) values ('Center', '31', 5900, 0, 46);
insert into CTYCBaoGia (MaNCC, MaSP, SLSeMua, GiaDaBao, MaYCBaoGia) values ('Drive', '29', 84800, 0, 83);
insert into CTYCBaoGia (MaNCC, MaSP, SLSeMua, GiaDaBao, MaYCBaoGia) values ('Road', '2', 63100, 0, 38);
insert into CTYCBaoGia (MaNCC, MaSP, SLSeMua, GiaDaBao, MaYCBaoGia) values ('Lane', '62', 52500, 0, 17);
insert into CTYCBaoGia (MaNCC, MaSP, SLSeMua, GiaDaBao, MaYCBaoGia) values ('Center', '14', 33600, 0, 94);
insert into CTYCBaoGia (MaNCC, MaSP, SLSeMua, GiaDaBao, MaYCBaoGia) values ('Drive', '1', 86900, 0, 54);
insert into CTYCBaoGia (MaNCC, MaSP, SLSeMua, GiaDaBao, MaYCBaoGia) values ('Pass', '8', 37200, 0, 83);
insert into CTYCBaoGia (MaNCC, MaSP, SLSeMua, GiaDaBao, MaYCBaoGia) values ('Drive', '75', 58900, 0, 71);
insert into CTYCBaoGia (MaNCC, MaSP, SLSeMua, GiaDaBao, MaYCBaoGia) values ('Drive', '4', 23800, 0, 28);
insert into CTYCBaoGia (MaNCC, MaSP, SLSeMua, GiaDaBao, MaYCBaoGia) values ('Lane', '32', 82400, 0, 18);
insert into CTYCBaoGia (MaNCC, MaSP, SLSeMua, GiaDaBao, MaYCBaoGia) values ('Place', '65', 12600, 0, 38);
insert into CTYCBaoGia (MaNCC, MaSP, SLSeMua, GiaDaBao, MaYCBaoGia) values ('Center', '83', 37800, 0, 88);
insert into CTYCBaoGia (MaNCC, MaSP, SLSeMua, GiaDaBao, MaYCBaoGia) values ('Terrace', '67', 1500, 0, 23);
insert into CTYCBaoGia (MaNCC, MaSP, SLSeMua, GiaDaBao, MaYCBaoGia) values ('Pass', '6', 85500, 0, 15);
insert into CTYCBaoGia (MaNCC, MaSP, SLSeMua, GiaDaBao, MaYCBaoGia) values ('Place', '98', 88400, 0, 98);
insert into CTYCBaoGia (MaNCC, MaSP, SLSeMua, GiaDaBao, MaYCBaoGia) values ('Point', '8', 75900, 0, 5);
insert into CTYCBaoGia (MaNCC, MaSP, SLSeMua, GiaDaBao, MaYCBaoGia) values ('Road', '29', 86400, 5400000, 38);
insert into CTYCBaoGia (MaNCC, MaSP, SLSeMua, GiaDaBao, MaYCBaoGia) values ('Avenue', '76', 7400, 0, 39);
insert into CTYCBaoGia (MaNCC, MaSP, SLSeMua, GiaDaBao, MaYCBaoGia) values ('Plaza', '96', 30400, 50000000, 5);
insert into CTYCBaoGia (MaNCC, MaSP, SLSeMua, GiaDaBao, MaYCBaoGia) values ('Road', '32', 43700, 97200000, 41);
insert into CTYCBaoGia (MaNCC, MaSP, SLSeMua, GiaDaBao, MaYCBaoGia) values ('Road', '7', 72600, 48200000, 50);
insert into CTYCBaoGia (MaNCC, MaSP, SLSeMua, GiaDaBao, MaYCBaoGia) values ('Avenue', '10', 35700, 0, 55);
insert into CTYCBaoGia (MaNCC, MaSP, SLSeMua, GiaDaBao, MaYCBaoGia) values ('Road', '46', 73900, 0, 53);
insert into CTYCBaoGia (MaNCC, MaSP, SLSeMua, GiaDaBao, MaYCBaoGia) values ('Lane', '43', 14100, 0, 23);
insert into CTYCBaoGia (MaNCC, MaSP, SLSeMua, GiaDaBao, MaYCBaoGia) values ('Junction', '69', 2500, 0, 99);
insert into CTYCBaoGia (MaNCC, MaSP, SLSeMua, GiaDaBao, MaYCBaoGia) values ('Junction', '64', 69100, 0, 55);
insert into CTYCBaoGia (MaNCC, MaSP, SLSeMua, GiaDaBao, MaYCBaoGia) values ('Drive', '4', 84000, 79000000, 13);
insert into CTYCBaoGia (MaNCC, MaSP, SLSeMua, GiaDaBao, MaYCBaoGia) values ('Lane', '46', 57600, 0, 37);
insert into CTYCBaoGia (MaNCC, MaSP, SLSeMua, GiaDaBao, MaYCBaoGia) values ('Drive', '51', 81600, 0, 3);
insert into CTYCBaoGia (MaNCC, MaSP, SLSeMua, GiaDaBao, MaYCBaoGia) values ('Park', '96', 62300, 0, 22);
insert into CTYCBaoGia (MaNCC, MaSP, SLSeMua, GiaDaBao, MaYCBaoGia) values ('Drive', '31', 91500, 0, 50);
insert into CTYCBaoGia (MaNCC, MaSP, SLSeMua, GiaDaBao, MaYCBaoGia) values ('Center', '79', 61300, 0, 52);
insert into CTYCBaoGia (MaNCC, MaSP, SLSeMua, GiaDaBao, MaYCBaoGia) values ('Road', '37', 92400, 0, 25);
insert into CTYCBaoGia (MaNCC, MaSP, SLSeMua, GiaDaBao, MaYCBaoGia) values ('Plaza', '72', 67500, 0, 44);
insert into CTYCBaoGia (MaNCC, MaSP, SLSeMua, GiaDaBao, MaYCBaoGia) values ('Point', '7', 92000, 0, 99);
insert into CTYCBaoGia (MaNCC, MaSP, SLSeMua, GiaDaBao, MaYCBaoGia) values ('Junction', '73', 35200, 0, 77);
insert into CTYCBaoGia (MaNCC, MaSP, SLSeMua, GiaDaBao, MaYCBaoGia) values ('Hill', '70', 41800, 0, 70);
insert into CTYCBaoGia (MaNCC, MaSP, SLSeMua, GiaDaBao, MaYCBaoGia) values ('Road', '63', 60000, 0, 48);
insert into CTYCBaoGia (MaNCC, MaSP, SLSeMua, GiaDaBao, MaYCBaoGia) values ('Hill', '10', 61500, 0, 48);
insert into CTYCBaoGia (MaNCC, MaSP, SLSeMua, GiaDaBao, MaYCBaoGia) values ('Center', '49', 82000, 90400000, 56);
insert into CTYCBaoGia (MaNCC, MaSP, SLSeMua, GiaDaBao, MaYCBaoGia) values ('Street', '38', 14800, 0, 100);
insert into CTYCBaoGia (MaNCC, MaSP, SLSeMua, GiaDaBao, MaYCBaoGia) values ('Pass', '71', 32800, 0, 72);
insert into CTYCBaoGia (MaNCC, MaSP, SLSeMua, GiaDaBao, MaYCBaoGia) values ('Plaza', '96', 48500, 0, 76);
insert into CTYCBaoGia (MaNCC, MaSP, SLSeMua, GiaDaBao, MaYCBaoGia) values ('Street', '28', 7800, 0, 9);
insert into CTYCBaoGia (MaNCC, MaSP, SLSeMua, GiaDaBao, MaYCBaoGia) values ('Way', '11', 86300, 9600000, 43);
insert into CTYCBaoGia (MaNCC, MaSP, SLSeMua, GiaDaBao, MaYCBaoGia) values ('Hill', '10', 69500, 0, 1);
insert into CTYCBaoGia (MaNCC, MaSP, SLSeMua, GiaDaBao, MaYCBaoGia) values ('Pass', '41', 22600, 0, 90);
insert into CTYCBaoGia (MaNCC, MaSP, SLSeMua, GiaDaBao, MaYCBaoGia) values ('Point', '71', 900, 83300000, 90);
insert into CTYCBaoGia (MaNCC, MaSP, SLSeMua, GiaDaBao, MaYCBaoGia) values ('Alley', '62', 51200, 0, 58);
insert into CTYCBaoGia (MaNCC, MaSP, SLSeMua, GiaDaBao, MaYCBaoGia) values ('Court', '40', 64600, 0, 29);
insert into CTYCBaoGia (MaNCC, MaSP, SLSeMua, GiaDaBao, MaYCBaoGia) values ('Alley', '94', 55400, 0, 76);
insert into CTYCBaoGia (MaNCC, MaSP, SLSeMua, GiaDaBao, MaYCBaoGia) values ('Point', '40', 36100, 19400000, 47);
insert into CTYCBaoGia (MaNCC, MaSP, SLSeMua, GiaDaBao, MaYCBaoGia) values ('Way', '46', 85400, 0, 13);
insert into CTYCBaoGia (MaNCC, MaSP, SLSeMua, GiaDaBao, MaYCBaoGia) values ('Avenue', '74', 1000, 0, 58);
insert into CTYCBaoGia (MaNCC, MaSP, SLSeMua, GiaDaBao, MaYCBaoGia) values ('Alley', '11', 2100, 63000000, 8);
insert into CTYCBaoGia (MaNCC, MaSP, SLSeMua, GiaDaBao, MaYCBaoGia) values ('Court', '75', 1800, 0, 31);
insert into CTYCBaoGia (MaNCC, MaSP, SLSeMua, GiaDaBao, MaYCBaoGia) values ('Court', '40', 56700, 0, 46);
insert into CTYCBaoGia (MaNCC, MaSP, SLSeMua, GiaDaBao, MaYCBaoGia) values ('Junction', '69', 5300, 62600000, 80);
insert into CTYCBaoGia (MaNCC, MaSP, SLSeMua, GiaDaBao, MaYCBaoGia) values ('Drive', '93', 14300, 0, 94);
insert into CTYCBaoGia (MaNCC, MaSP, SLSeMua, GiaDaBao, MaYCBaoGia) values ('Lane', '91', 58000, 18900000, 70);
insert into CTYCBaoGia (MaNCC, MaSP, SLSeMua, GiaDaBao, MaYCBaoGia) values ('Alley', '21', 10000, 0, 7);
insert into CTYCBaoGia (MaNCC, MaSP, SLSeMua, GiaDaBao, MaYCBaoGia) values ('Pass', '64', 23500, 3700000, 56);
insert into CTYCBaoGia (MaNCC, MaSP, SLSeMua, GiaDaBao, MaYCBaoGia) values ('Junction', '54', 23600, 0, 43);
insert into CTYCBaoGia (MaNCC, MaSP, SLSeMua, GiaDaBao, MaYCBaoGia) values ('Center', '22', 41300, 0, 52);
insert into CTYCBaoGia (MaNCC, MaSP, SLSeMua, GiaDaBao, MaYCBaoGia) values ('Drive', '4', 54000, 0, 82);
insert into CTYCBaoGia (MaNCC, MaSP, SLSeMua, GiaDaBao, MaYCBaoGia) values ('Street', '23', 21100, 0, 81);
insert into CTYCBaoGia (MaNCC, MaSP, SLSeMua, GiaDaBao, MaYCBaoGia) values ('Drive', '51', 89000, 0, 85);
insert into CTYCBaoGia (MaNCC, MaSP, SLSeMua, GiaDaBao, MaYCBaoGia) values ('Place', '46', 100000, 0, 9);
insert into CTYCBaoGia (MaNCC, MaSP, SLSeMua, GiaDaBao, MaYCBaoGia) values ('Drive', '93', 45200, 0, 58);
insert into CTYCBaoGia (MaNCC, MaSP, SLSeMua, GiaDaBao, MaYCBaoGia) values ('Pass', '26', 78600, 0, 19);
insert into CTYCBaoGia (MaNCC, MaSP, SLSeMua, GiaDaBao, MaYCBaoGia) values ('Junction', '76', 78500, 0, 81);
insert into CTYCBaoGia (MaNCC, MaSP, SLSeMua, GiaDaBao, MaYCBaoGia) values ('Pass', '23', 63200, 41800000, 83);
insert into CTYCBaoGia (MaNCC, MaSP, SLSeMua, GiaDaBao, MaYCBaoGia) values ('Avenue', '10', 71700, 0, 7);
insert into CTYCBaoGia (MaNCC, MaSP, SLSeMua, GiaDaBao, MaYCBaoGia) values ('Drive', '4', 58400, 0, 1);
insert into CTYCBaoGia (MaNCC, MaSP, SLSeMua, GiaDaBao, MaYCBaoGia) values ('Way', '99', 37200, 0, 78);
insert into CTYCBaoGia (MaNCC, MaSP, SLSeMua, GiaDaBao, MaYCBaoGia) values ('Point', '40', 33000, 0, 88);
insert into CTYCBaoGia (MaNCC, MaSP, SLSeMua, GiaDaBao, MaYCBaoGia) values ('Circle', '75', 51100, 0, 29);
insert into CTYCBaoGia (MaNCC, MaSP, SLSeMua, GiaDaBao, MaYCBaoGia) values ('Crossing', '83', 40700, 0, 4);
insert into CTYCBaoGia (MaNCC, MaSP, SLSeMua, GiaDaBao, MaYCBaoGia) values ('Lane', '89', 29600, 0, 67);
insert into CTYCBaoGia (MaNCC, MaSP, SLSeMua, GiaDaBao, MaYCBaoGia) values ('Lane', '43', 51300, 84000000, 69);
insert into CTYCBaoGia (MaNCC, MaSP, SLSeMua, GiaDaBao, MaYCBaoGia) values ('Place', '20', 51800, 0, 87);
insert into CTYCBaoGia (MaNCC, MaSP, SLSeMua, GiaDaBao, MaYCBaoGia) values ('Drive', '87', 34600, 0, 24);
insert into CTYCBaoGia (MaNCC, MaSP, SLSeMua, GiaDaBao, MaYCBaoGia) values ('Drive', '51', 400, 0, 47);
insert into CTYCBaoGia (MaNCC, MaSP, SLSeMua, GiaDaBao, MaYCBaoGia) values ('Avenue', '78', 70600, 0, 28);
insert into CTYCBaoGia (MaNCC, MaSP, SLSeMua, GiaDaBao, MaYCBaoGia) values ('Road', '32', 31700, 0, 90);
insert into CTYCBaoGia (MaNCC, MaSP, SLSeMua, GiaDaBao, MaYCBaoGia) values ('Drive', '87', 13800, 0, 37);
insert into CTYCBaoGia (MaNCC, MaSP, SLSeMua, GiaDaBao, MaYCBaoGia) values ('Road', '54', 64800, 75300000, 26);
insert into CTYCBaoGia (MaNCC, MaSP, SLSeMua, GiaDaBao, MaYCBaoGia) values ('Trail', '73', 41300, 0, 14);
insert into CTYCBaoGia (MaNCC, MaSP, SLSeMua, GiaDaBao, MaYCBaoGia) values ('Way', '42', 49900, 0, 4);
insert into CTYCBaoGia (MaNCC, MaSP, SLSeMua, GiaDaBao, MaYCBaoGia) values ('Drive', '100', 12200, 0, 78);
insert into CTYCBaoGia (MaNCC, MaSP, SLSeMua, GiaDaBao, MaYCBaoGia) values ('Junction', '96', 34800, 34800000, 38);
insert into CTYCBaoGia (MaNCC, MaSP, SLSeMua, GiaDaBao, MaYCBaoGia) values ('Road', '54', 34300, 0, 69);
insert into CTYCBaoGia (MaNCC, MaSP, SLSeMua, GiaDaBao, MaYCBaoGia) values ('Place', '65', 54100, 0, 52);
insert into CTYCBaoGia (MaNCC, MaSP, SLSeMua, GiaDaBao, MaYCBaoGia) values ('Plaza', '15', 37000, 0, 55);
insert into CTYCBaoGia (MaNCC, MaSP, SLSeMua, GiaDaBao, MaYCBaoGia) values ('Pass', '26', 91500, 0, 52);
insert into CTYCBaoGia (MaNCC, MaSP, SLSeMua, GiaDaBao, MaYCBaoGia) values ('Hill', '48', 63400, 0, 5);
insert into CTYCBaoGia (MaNCC, MaSP, SLSeMua, GiaDaBao, MaYCBaoGia) values ('Road', '43', 48200, 68600000, 68);
insert into CTYCBaoGia (MaNCC, MaSP, SLSeMua, GiaDaBao, MaYCBaoGia) values ('Place', '3', 95900, 0, 12);
insert into CTYCBaoGia (MaNCC, MaSP, SLSeMua, GiaDaBao, MaYCBaoGia) values ('Circle', '75', 76700, 0, 78);
insert into CTYCBaoGia (MaNCC, MaSP, SLSeMua, GiaDaBao, MaYCBaoGia) values ('Lane', '43', 59100, 0, 82);
insert into CTYCBaoGia (MaNCC, MaSP, SLSeMua, GiaDaBao, MaYCBaoGia) values ('Center', '55', 36500, 0, 11);
insert into CTYCBaoGia (MaNCC, MaSP, SLSeMua, GiaDaBao, MaYCBaoGia) values ('Lane', '32', 35400, 0, 65);
insert into CTYCBaoGia (MaNCC, MaSP, SLSeMua, GiaDaBao, MaYCBaoGia) values ('Hill', '70', 69200, 75900000, 21);
insert into CTYCBaoGia (MaNCC, MaSP, SLSeMua, GiaDaBao, MaYCBaoGia) values ('Place', '55', 33100, 0, 12);
insert into CTYCBaoGia (MaNCC, MaSP, SLSeMua, GiaDaBao, MaYCBaoGia) values ('Center', '31', 66400, 0, 87);
insert into CTYCBaoGia (MaNCC, MaSP, SLSeMua, GiaDaBao, MaYCBaoGia) values ('Court', '41', 98700, 0, 31);
insert into CTYCBaoGia (MaNCC, MaSP, SLSeMua, GiaDaBao, MaYCBaoGia) values ('Lane', '32', 52500, 0, 67);
insert into CTYCBaoGia (MaNCC, MaSP, SLSeMua, GiaDaBao, MaYCBaoGia) values ('Terrace', '55', 78400, 0, 65);
insert into CTYCBaoGia (MaNCC, MaSP, SLSeMua, GiaDaBao, MaYCBaoGia) values ('Hill', '7', 93100, 0, 77);
insert into CTYCBaoGia (MaNCC, MaSP, SLSeMua, GiaDaBao, MaYCBaoGia) values ('Alley', '60', 87300, 0, 39);
insert into CTYCBaoGia (MaNCC, MaSP, SLSeMua, GiaDaBao, MaYCBaoGia) values ('Drive', '66', 92100, 17500000, 23);
insert into CTYCBaoGia (MaNCC, MaSP, SLSeMua, GiaDaBao, MaYCBaoGia) values ('Way', '46', 17000, 0, 73);
insert into CTYCBaoGia (MaNCC, MaSP, SLSeMua, GiaDaBao, MaYCBaoGia) values ('Point', '7', 29400, 0, 48);
insert into CTYCBaoGia (MaNCC, MaSP, SLSeMua, GiaDaBao, MaYCBaoGia) values ('Place', '20', 85300, 0, 100);
insert into CTYCBaoGia (MaNCC, MaSP, SLSeMua, GiaDaBao, MaYCBaoGia) values ('Alley', '11', 95000, 0, 53);
insert into CTYCBaoGia (MaNCC, MaSP, SLSeMua, GiaDaBao, MaYCBaoGia) values ('Alley', '68', 72600, 0, 96);
insert into CTYCBaoGia (MaNCC, MaSP, SLSeMua, GiaDaBao, MaYCBaoGia) values ('Hill', '39', 94300, 0, 75);
insert into CTYCBaoGia (MaNCC, MaSP, SLSeMua, GiaDaBao, MaYCBaoGia) values ('Park', '67', 62300, 0, 47);
insert into CTYCBaoGia (MaNCC, MaSP, SLSeMua, GiaDaBao, MaYCBaoGia) values ('Lane', '46', 56200, 39000000, 24);
insert into CTYCBaoGia (MaNCC, MaSP, SLSeMua, GiaDaBao, MaYCBaoGia) values ('Court', '41', 7200, 36400000, 27);
insert into CTYCBaoGia (MaNCC, MaSP, SLSeMua, GiaDaBao, MaYCBaoGia) values ('Place', '69', 97700, 0, 54);
insert into CTYCBaoGia (MaNCC, MaSP, SLSeMua, GiaDaBao, MaYCBaoGia) values ('Terrace', '93', 28500, 0, 100);
insert into CTYCBaoGia (MaNCC, MaSP, SLSeMua, GiaDaBao, MaYCBaoGia) values ('Center', '14', 49600, 0, 61);
insert into CTYCBaoGia (MaNCC, MaSP, SLSeMua, GiaDaBao, MaYCBaoGia) values ('Street', '28', 12400, 0, 70);
insert into CTYCBaoGia (MaNCC, MaSP, SLSeMua, GiaDaBao, MaYCBaoGia) values ('Alley', '21', 1300, 0, 96);
insert into CTYCBaoGia (MaNCC, MaSP, SLSeMua, GiaDaBao, MaYCBaoGia) values ('Hill', '77', 900, 0, 76);
insert into CTYCBaoGia (MaNCC, MaSP, SLSeMua, GiaDaBao, MaYCBaoGia) values ('Crossing', '83', 6500, 0, 23);
insert into CTYCBaoGia (MaNCC, MaSP, SLSeMua, GiaDaBao, MaYCBaoGia) values ('Circle', '46', 11600, 0, 68);
insert into CTYCBaoGia (MaNCC, MaSP, SLSeMua, GiaDaBao, MaYCBaoGia) values ('Drive', '74', 46900, 0, 4);
insert into CTYCBaoGia (MaNCC, MaSP, SLSeMua, GiaDaBao, MaYCBaoGia) values ('Point', '82', 77900, 69600000, 54);
insert into CTYCBaoGia (MaNCC, MaSP, SLSeMua, GiaDaBao, MaYCBaoGia) values ('Road', '82', 98600, 76400000, 52);
insert into CTYCBaoGia (MaNCC, MaSP, SLSeMua, GiaDaBao, MaYCBaoGia) values ('Plaza', '96', 95000, 2300000, 82);
insert into CTYCBaoGia (MaNCC, MaSP, SLSeMua, GiaDaBao, MaYCBaoGia) values ('Road', '6', 30400, 0, 86);
insert into CTYCBaoGia (MaNCC, MaSP, SLSeMua, GiaDaBao, MaYCBaoGia) values ('Way', '92', 93000, 0, 50);
insert into CTYCBaoGia (MaNCC, MaSP, SLSeMua, GiaDaBao, MaYCBaoGia) values ('Crossing', '67', 3300, 0, 44);
insert into CTYCBaoGia (MaNCC, MaSP, SLSeMua, GiaDaBao, MaYCBaoGia) values ('Pass', '64', 49800, 56600000, 87);
insert into CTYCBaoGia (MaNCC, MaSP, SLSeMua, GiaDaBao, MaYCBaoGia) values ('Plaza', '15', 72500, 78800000, 89);
insert into CTYCBaoGia (MaNCC, MaSP, SLSeMua, GiaDaBao, MaYCBaoGia) values ('Place', '49', 14300, 29900000, 56);
insert into CTYCBaoGia (MaNCC, MaSP, SLSeMua, GiaDaBao, MaYCBaoGia) values ('Road', '54', 40000, 0, 49);
insert into CTYCBaoGia (MaNCC, MaSP, SLSeMua, GiaDaBao, MaYCBaoGia) values ('Road', '37', 63600, 40900000, 51);
insert into CTYCBaoGia (MaNCC, MaSP, SLSeMua, GiaDaBao, MaYCBaoGia) values ('Center', '49', 81800, 0, 58);
insert into CTYCBaoGia (MaNCC, MaSP, SLSeMua, GiaDaBao, MaYCBaoGia) values ('Center', '22', 88400, 0, 12);
insert into CTYCBaoGia (MaNCC, MaSP, SLSeMua, GiaDaBao, MaYCBaoGia) values ('Road', '32', 31600, 22500000, 95);
insert into CTYCBaoGia (MaNCC, MaSP, SLSeMua, GiaDaBao, MaYCBaoGia) values ('Drive', '29', 50300, 0, 85);
insert into CTYCBaoGia (MaNCC, MaSP, SLSeMua, GiaDaBao, MaYCBaoGia) values ('Pass', '68', 35800, 0, 69);
insert into CTYCBaoGia (MaNCC, MaSP, SLSeMua, GiaDaBao, MaYCBaoGia) values ('Place', '98', 96700, 0, 4);
insert into CTYCBaoGia (MaNCC, MaSP, SLSeMua, GiaDaBao, MaYCBaoGia) values ('Alley', '11', 47700, 0, 71);
insert into CTYCBaoGia (MaNCC, MaSP, SLSeMua, GiaDaBao, MaYCBaoGia) values ('Road', '2', 8400, 0, 45);
insert into CTYCBaoGia (MaNCC, MaSP, SLSeMua, GiaDaBao, MaYCBaoGia) values ('Hill', '44', 78800, 7600000, 55);
insert into CTYCBaoGia (MaNCC, MaSP, SLSeMua, GiaDaBao, MaYCBaoGia) values ('Lane', '89', 17400, 0, 6);
insert into CTYCBaoGia (MaNCC, MaSP, SLSeMua, GiaDaBao, MaYCBaoGia) values ('Place', '98', 91100, 0, 18);
insert into CTYCBaoGia (MaNCC, MaSP, SLSeMua, GiaDaBao, MaYCBaoGia) values ('Place', '20', 36900, 0, 66);
insert into CTYCBaoGia (MaNCC, MaSP, SLSeMua, GiaDaBao, MaYCBaoGia) values ('Way', '97', 13100, 15900000, 8);
insert into CTYCBaoGia (MaNCC, MaSP, SLSeMua, GiaDaBao, MaYCBaoGia) values ('Way', '46', 86800, 80000000, 3);
insert into CTYCBaoGia (MaNCC, MaSP, SLSeMua, GiaDaBao, MaYCBaoGia) values ('Place', '49', 80600, 0, 39);
insert into CTYCBaoGia (MaNCC, MaSP, SLSeMua, GiaDaBao, MaYCBaoGia) values ('Hill', '48', 62200, 32900000, 40);
insert into CTYCBaoGia (MaNCC, MaSP, SLSeMua, GiaDaBao, MaYCBaoGia) values ('Point', '66', 91500, 0, 69);
insert into CTYCBaoGia (MaNCC, MaSP, SLSeMua, GiaDaBao, MaYCBaoGia) values ('Lane', '77', 49400, 0, 32);
insert into CTYCBaoGia (MaNCC, MaSP, SLSeMua, GiaDaBao, MaYCBaoGia) values ('Junction', '37', 42800, 0, 91);
insert into CTYCBaoGia (MaNCC, MaSP, SLSeMua, GiaDaBao, MaYCBaoGia) values ('Crossing', '96', 90100, 0, 31);
insert into CTYCBaoGia (MaNCC, MaSP, SLSeMua, GiaDaBao, MaYCBaoGia) values ('Road', '82', 20900, 0, 55);
insert into CTYCBaoGia (MaNCC, MaSP, SLSeMua, GiaDaBao, MaYCBaoGia) values ('Lane', '32', 35400, 0, 67);
insert into CTYCBaoGia (MaNCC, MaSP, SLSeMua, GiaDaBao, MaYCBaoGia) values ('Plaza', '72', 88100, 17900000, 59);
insert into CTYCBaoGia (MaNCC, MaSP, SLSeMua, GiaDaBao, MaYCBaoGia) values ('Pass', '87', 56900, 0, 34);
insert into CTYCBaoGia (MaNCC, MaSP, SLSeMua, GiaDaBao, MaYCBaoGia) values ('Alley', '2', 77300, 0, 14);
insert into CTYCBaoGia (MaNCC, MaSP, SLSeMua, GiaDaBao, MaYCBaoGia) values ('Alley', '96', 31900, 0, 94);
insert into CTYCBaoGia (MaNCC, MaSP, SLSeMua, GiaDaBao, MaYCBaoGia) values ('Lane', '48', 67500, 0, 45);
insert into CTYCBaoGia (MaNCC, MaSP, SLSeMua, GiaDaBao, MaYCBaoGia) values ('Drive', '93', 98500, 0, 62);
insert into CTYCBaoGia (MaNCC, MaSP, SLSeMua, GiaDaBao, MaYCBaoGia) values ('Drive', '86', 47100, 0, 95);
insert into CTYCBaoGia (MaNCC, MaSP, SLSeMua, GiaDaBao, MaYCBaoGia) values ('Alley', '60', 98100, 0, 56);
insert into CTYCBaoGia (MaNCC, MaSP, SLSeMua, GiaDaBao, MaYCBaoGia) values ('Point', '7', 87000, 0, 91);
insert into CTYCBaoGia (MaNCC, MaSP, SLSeMua, GiaDaBao, MaYCBaoGia) values ('Pass', '41', 21100, 0, 4);
insert into CTYCBaoGia (MaNCC, MaSP, SLSeMua, GiaDaBao, MaYCBaoGia) values ('Drive', '51', 41500, 0, 98);
insert into CTYCBaoGia (MaNCC, MaSP, SLSeMua, GiaDaBao, MaYCBaoGia) values ('Drive', '100', 91100, 0, 69);
insert into CTYCBaoGia (MaNCC, MaSP, SLSeMua, GiaDaBao, MaYCBaoGia) values ('Center', '49', 57700, 80400000, 86);
insert into CTYCBaoGia (MaNCC, MaSP, SLSeMua, GiaDaBao, MaYCBaoGia) values ('Circle', '30', 74700, 0, 32);
insert into CTYCBaoGia (MaNCC, MaSP, SLSeMua, GiaDaBao, MaYCBaoGia) values ('Hill', '34', 32300, 0, 89);
insert into CTYCBaoGia (MaNCC, MaSP, SLSeMua, GiaDaBao, MaYCBaoGia) values ('Avenue', '78', 90000, 0, 89);
insert into CTYCBaoGia (MaNCC, MaSP, SLSeMua, GiaDaBao, MaYCBaoGia) values ('Circle', '34', 90800, 0, 83);
insert into CTYCBaoGia (MaNCC, MaSP, SLSeMua, GiaDaBao, MaYCBaoGia) values ('Way', '97', 49400, 0, 69);
insert into CTYCBaoGia (MaNCC, MaSP, SLSeMua, GiaDaBao, MaYCBaoGia) values ('Point', '8', 23600, 0, 90);
insert into CTYCBaoGia (MaNCC, MaSP, SLSeMua, GiaDaBao, MaYCBaoGia) values ('Road', '6', 14400, 0, 30);
insert into CTYCBaoGia (MaNCC, MaSP, SLSeMua, GiaDaBao, MaYCBaoGia) values ('Center', '8', 34300, 56300000, 30);
insert into CTYCBaoGia (MaNCC, MaSP, SLSeMua, GiaDaBao, MaYCBaoGia) values ('Pass', '73', 57300, 0, 70);
insert into CTYCBaoGia (MaNCC, MaSP, SLSeMua, GiaDaBao, MaYCBaoGia) values ('Avenue', '57', 40700, 54800000, 76);
insert into CTYCBaoGia (MaNCC, MaSP, SLSeMua, GiaDaBao, MaYCBaoGia) values ('Alley', '63', 43100, 0, 32);
insert into CTYCBaoGia (MaNCC, MaSP, SLSeMua, GiaDaBao, MaYCBaoGia) values ('Avenue', '76', 67300, 0, 68);
insert into CTYCBaoGia (MaNCC, MaSP, SLSeMua, GiaDaBao, MaYCBaoGia) values ('Pass', '75', 13800, 0, 63);
insert into CTYCBaoGia (MaNCC, MaSP, SLSeMua, GiaDaBao, MaYCBaoGia) values ('Junction', '54', 42900, 0, 47);
insert into CTYCBaoGia (MaNCC, MaSP, SLSeMua, GiaDaBao, MaYCBaoGia) values ('Drive', '93', 15200, 0, 56);
insert into CTYCBaoGia (MaNCC, MaSP, SLSeMua, GiaDaBao, MaYCBaoGia) values ('Alley', '60', 29900, 74700000, 48);
insert into CTYCBaoGia (MaNCC, MaSP, SLSeMua, GiaDaBao, MaYCBaoGia) values ('Junction', '54', 3200, 0, 96);
insert into CTYCBaoGia (MaNCC, MaSP, SLSeMua, GiaDaBao, MaYCBaoGia) values ('Park', '96', 81600, 41100000, 96);
insert into CTYCBaoGia (MaNCC, MaSP, SLSeMua, GiaDaBao, MaYCBaoGia) values ('Alley', '63', 2000, 0, 16);
insert into CTYCBaoGia (MaNCC, MaSP, SLSeMua, GiaDaBao, MaYCBaoGia) values ('Park', '7', 37000, 0, 86);
insert into CTYCBaoGia (MaNCC, MaSP, SLSeMua, GiaDaBao, MaYCBaoGia) values ('Plaza', '96', 11900, 57000000, 89);
insert into CTYCBaoGia (MaNCC, MaSP, SLSeMua, GiaDaBao, MaYCBaoGia) values ('Avenue', '30', 43900, 0, 83);
insert into CTYCBaoGia (MaNCC, MaSP, SLSeMua, GiaDaBao, MaYCBaoGia) values ('Center', '63', 18100, 0, 98);
insert into CTYCBaoGia (MaNCC, MaSP, SLSeMua, GiaDaBao, MaYCBaoGia) values ('Point', '79', 13900, 36400000, 42);
insert into CTYCBaoGia (MaNCC, MaSP, SLSeMua, GiaDaBao, MaYCBaoGia) values ('Alley', '62', 22800, 0, 4);
insert into CTYCBaoGia (MaNCC, MaSP, SLSeMua, GiaDaBao, MaYCBaoGia) values ('Plaza', '81', 10900, 26800000, 88);
insert into CTYCBaoGia (MaNCC, MaSP, SLSeMua, GiaDaBao, MaYCBaoGia) values ('Drive', '4', 57100, 0, 52);
insert into CTYCBaoGia (MaNCC, MaSP, SLSeMua, GiaDaBao, MaYCBaoGia) values ('Alley', '2', 47200, 0, 27);
insert into CTYCBaoGia (MaNCC, MaSP, SLSeMua, GiaDaBao, MaYCBaoGia) values ('Road', '7', 49800, 0, 54);
insert into CTYCBaoGia (MaNCC, MaSP, SLSeMua, GiaDaBao, MaYCBaoGia) values ('Center', '7', 88500, 0, 59);
insert into CTYCBaoGia (MaNCC, MaSP, SLSeMua, GiaDaBao, MaYCBaoGia) values ('Junction', '96', 52700, 0, 33);
insert into CTYCBaoGia (MaNCC, MaSP, SLSeMua, GiaDaBao, MaYCBaoGia) values ('Road', '2', 18300, 0, 14);
insert into CTYCBaoGia (MaNCC, MaSP, SLSeMua, GiaDaBao, MaYCBaoGia) values ('Point', '66', 38700, 0, 28);
insert into CTYCBaoGia (MaNCC, MaSP, SLSeMua, GiaDaBao, MaYCBaoGia) values ('Center', '8', 58400, 0, 56);
insert into CTYCBaoGia (MaNCC, MaSP, SLSeMua, GiaDaBao, MaYCBaoGia) values ('Center', '22', 34200, 0, 37);
insert into CTYCBaoGia (MaNCC, MaSP, SLSeMua, GiaDaBao, MaYCBaoGia) values ('Point', '82', 84100, 0, 22);
insert into CTYCBaoGia (MaNCC, MaSP, SLSeMua, GiaDaBao, MaYCBaoGia) values ('Street', '23', 62400, 0, 63);
insert into CTYCBaoGia (MaNCC, MaSP, SLSeMua, GiaDaBao, MaYCBaoGia) values ('Pass', '41', 98100, 0, 37);
insert into CTYCBaoGia (MaNCC, MaSP, SLSeMua, GiaDaBao, MaYCBaoGia) values ('Drive', '74', 90100, 0, 99);
insert into CTYCBaoGia (MaNCC, MaSP, SLSeMua, GiaDaBao, MaYCBaoGia) values ('Terrace', '93', 85800, 45600000, 56);
insert into CTYCBaoGia (MaNCC, MaSP, SLSeMua, GiaDaBao, MaYCBaoGia) values ('Crossing', '24', 27700, 12200000, 47);
insert into CTYCBaoGia (MaNCC, MaSP, SLSeMua, GiaDaBao, MaYCBaoGia) values ('Alley', '11', 53100, 42700000, 19);
insert into CTYCBaoGia (MaNCC, MaSP, SLSeMua, GiaDaBao, MaYCBaoGia) values ('Avenue', '74', 34400, 0, 45);
insert into CTYCBaoGia (MaNCC, MaSP, SLSeMua, GiaDaBao, MaYCBaoGia) values ('Court', '75', 22600, 0, 69);
insert into CTYCBaoGia (MaNCC, MaSP, SLSeMua, GiaDaBao, MaYCBaoGia) values ('Road', '32', 64400, 57100000, 78);
insert into CTYCBaoGia (MaNCC, MaSP, SLSeMua, GiaDaBao, MaYCBaoGia) values ('Circle', '75', 83100, 0, 91);
insert into CTYCBaoGia (MaNCC, MaSP, SLSeMua, GiaDaBao, MaYCBaoGia) values ('Lane', '77', 6400, 0, 1);
insert into CTYCBaoGia (MaNCC, MaSP, SLSeMua, GiaDaBao, MaYCBaoGia) values ('Center', '97', 29000, 0, 79);
insert into CTYCBaoGia (MaNCC, MaSP, SLSeMua, GiaDaBao, MaYCBaoGia) values ('Pass', '8', 90400, 0, 67);
insert into CTYCBaoGia (MaNCC, MaSP, SLSeMua, GiaDaBao, MaYCBaoGia) values ('Road', '63', 92100, 0, 1);
insert into CTYCBaoGia (MaNCC, MaSP, SLSeMua, GiaDaBao, MaYCBaoGia) values ('Center', '63', 61900, 0, 97);
insert into CTYCBaoGia (MaNCC, MaSP, SLSeMua, GiaDaBao, MaYCBaoGia) values ('Plaza', '72', 80700, 0, 14);
insert into CTYCBaoGia (MaNCC, MaSP, SLSeMua, GiaDaBao, MaYCBaoGia) values ('Way', '92', 97100, 0, 92);
insert into CTYCBaoGia (MaNCC, MaSP, SLSeMua, GiaDaBao, MaYCBaoGia) values ('Crossing', '7', 30900, 0, 78);
insert into CTYCBaoGia (MaNCC, MaSP, SLSeMua, GiaDaBao, MaYCBaoGia) values ('Pass', '8', 40000, 0, 18);
insert into CTYCBaoGia (MaNCC, MaSP, SLSeMua, GiaDaBao, MaYCBaoGia) values ('Drive', '75', 53000, 0, 100);
insert into CTYCBaoGia (MaNCC, MaSP, SLSeMua, GiaDaBao, MaYCBaoGia) values ('Place', '92', 93600, 0, 88);
insert into CTYCBaoGia (MaNCC, MaSP, SLSeMua, GiaDaBao, MaYCBaoGia) values ('Lane', '24', 8700, 0, 43);
insert into CTYCBaoGia (MaNCC, MaSP, SLSeMua, GiaDaBao, MaYCBaoGia) values ('Hill', '62', 92300, 0, 2);
insert into CTYCBaoGia (MaNCC, MaSP, SLSeMua, GiaDaBao, MaYCBaoGia) values ('Park', '37', 72300, 0, 51);
insert into CTYCBaoGia (MaNCC, MaSP, SLSeMua, GiaDaBao, MaYCBaoGia) values ('Center', '64', 23200, 58700000, 34);
insert into CTYCBaoGia (MaNCC, MaSP, SLSeMua, GiaDaBao, MaYCBaoGia) values ('Road', '2', 14600, 0, 95);
insert into CTYCBaoGia (MaNCC, MaSP, SLSeMua, GiaDaBao, MaYCBaoGia) values ('Alley', '73', 69100, 73600000, 16);
insert into CTYCBaoGia (MaNCC, MaSP, SLSeMua, GiaDaBao, MaYCBaoGia) values ('Point', '27', 58500, 0, 28);
insert into CTYCBaoGia (MaNCC, MaSP, SLSeMua, GiaDaBao, MaYCBaoGia) values ('Alley', '11', 56800, 0, 54);
insert into CTYCBaoGia (MaNCC, MaSP, SLSeMua, GiaDaBao, MaYCBaoGia) values ('Court', '41', 52600, 0, 8);
insert into CTYCBaoGia (MaNCC, MaSP, SLSeMua, GiaDaBao, MaYCBaoGia) values ('Street', '50', 59500, 0, 58);
insert into CTYCBaoGia (MaNCC, MaSP, SLSeMua, GiaDaBao, MaYCBaoGia) values ('Center', '97', 40000, 0, 20);
insert into CTYCBaoGia (MaNCC, MaSP, SLSeMua, GiaDaBao, MaYCBaoGia) values ('Alley', '21', 16000, 0, 84);
insert into CTYCBaoGia (MaNCC, MaSP, SLSeMua, GiaDaBao, MaYCBaoGia) values ('Court', '40', 64900, 6300000, 74);
insert into CTYCBaoGia (MaNCC, MaSP, SLSeMua, GiaDaBao, MaYCBaoGia) values ('Pass', '6', 87600, 0, 30);
insert into CTYCBaoGia (MaNCC, MaSP, SLSeMua, GiaDaBao, MaYCBaoGia) values ('Alley', '21', 43900, 75000000, 99);
insert into CTYCBaoGia (MaNCC, MaSP, SLSeMua, GiaDaBao, MaYCBaoGia) values ('Trail', '14', 26700, 0, 99);
insert into CTYCBaoGia (MaNCC, MaSP, SLSeMua, GiaDaBao, MaYCBaoGia) values ('Center', '63', 23800, 0, 39);
insert into CTYCBaoGia (MaNCC, MaSP, SLSeMua, GiaDaBao, MaYCBaoGia) values ('Street', '35', 6900, 0, 33);
insert into CTYCBaoGia (MaNCC, MaSP, SLSeMua, GiaDaBao, MaYCBaoGia) values ('Center', '79', 7300, 0, 3);
insert into CTYCBaoGia (MaNCC, MaSP, SLSeMua, GiaDaBao, MaYCBaoGia) values ('Drive', '93', 2000, 0, 100);
insert into CTYCBaoGia (MaNCC, MaSP, SLSeMua, GiaDaBao, MaYCBaoGia) values ('Point', '71', 18900, 0, 9);
insert into CTYCBaoGia (MaNCC, MaSP, SLSeMua, GiaDaBao, MaYCBaoGia) values ('Park', '67', 14500, 0, 79);
insert into CTYCBaoGia (MaNCC, MaSP, SLSeMua, GiaDaBao, MaYCBaoGia) values ('Crossing', '67', 17200, 86500000, 37);
insert into CTYCBaoGia (MaNCC, MaSP, SLSeMua, GiaDaBao, MaYCBaoGia) values ('Hill', '39', 72300, 0, 54);
insert into CTYCBaoGia (MaNCC, MaSP, SLSeMua, GiaDaBao, MaYCBaoGia) values ('Place', '91', 82700, 0, 27);
insert into CTYCBaoGia (MaNCC, MaSP, SLSeMua, GiaDaBao, MaYCBaoGia) values ('Center', '63', 84300, 0, 63);
insert into CTYCBaoGia (MaNCC, MaSP, SLSeMua, GiaDaBao, MaYCBaoGia) values ('Drive', '65', 84600, 0, 67);
insert into CTYCBaoGia (MaNCC, MaSP, SLSeMua, GiaDaBao, MaYCBaoGia) values ('Center', '7', 62500, 0, 74);
insert into CTYCBaoGia (MaNCC, MaSP, SLSeMua, GiaDaBao, MaYCBaoGia) values ('Junction', '64', 7700, 79900000, 23);
insert into CTYCBaoGia (MaNCC, MaSP, SLSeMua, GiaDaBao, MaYCBaoGia) values ('Trail', '9', 10400, 0, 6);
insert into CTYCBaoGia (MaNCC, MaSP, SLSeMua, GiaDaBao, MaYCBaoGia) values ('Circle', '31', 60500, 0, 30);
insert into CTYCBaoGia (MaNCC, MaSP, SLSeMua, GiaDaBao, MaYCBaoGia) values ('Drive', '74', 56300, 0, 43);
insert into CTYCBaoGia (MaNCC, MaSP, SLSeMua, GiaDaBao, MaYCBaoGia) values ('Drive', '74', 23800, 0, 10);
insert into CTYCBaoGia (MaNCC, MaSP, SLSeMua, GiaDaBao, MaYCBaoGia) values ('Circle', '30', 19400, 0, 50);
insert into CTYCBaoGia (MaNCC, MaSP, SLSeMua, GiaDaBao, MaYCBaoGia) values ('Terrace', '93', 96600, 43500000, 84);
insert into CTYCBaoGia (MaNCC, MaSP, SLSeMua, GiaDaBao, MaYCBaoGia) values ('Lane', '62', 21200, 0, 46);
insert into CTYCBaoGia (MaNCC, MaSP, SLSeMua, GiaDaBao, MaYCBaoGia) values ('Alley', '11', 47600, 0, 58);
insert into CTYCBaoGia (MaNCC, MaSP, SLSeMua, GiaDaBao, MaYCBaoGia) values ('Center', '3', 65200, 0, 60);
insert into CTYCBaoGia (MaNCC, MaSP, SLSeMua, GiaDaBao, MaYCBaoGia) values ('Place', '98', 42000, 0, 33);
insert into CTYCBaoGia (MaNCC, MaSP, SLSeMua, GiaDaBao, MaYCBaoGia) values ('Pass', '75', 14300, 0, 54);
insert into CTYCBaoGia (MaNCC, MaSP, SLSeMua, GiaDaBao, MaYCBaoGia) values ('Junction', '76', 51300, 0, 57);
insert into CTYCBaoGia (MaNCC, MaSP, SLSeMua, GiaDaBao, MaYCBaoGia) values ('Center', '26', 9600, 0, 79);
insert into CTYCBaoGia (MaNCC, MaSP, SLSeMua, GiaDaBao, MaYCBaoGia) values ('Park', '96', 55700, 0, 58);
insert into CTYCBaoGia (MaNCC, MaSP, SLSeMua, GiaDaBao, MaYCBaoGia) values ('Way', '46', 92500, 0, 94);
insert into CTYCBaoGia (MaNCC, MaSP, SLSeMua, GiaDaBao, MaYCBaoGia) values ('Alley', '11', 42800, 0, 26);
insert into CTYCBaoGia (MaNCC, MaSP, SLSeMua, GiaDaBao, MaYCBaoGia) values ('Plaza', '72', 50700, 0, 53);
insert into CTYCBaoGia (MaNCC, MaSP, SLSeMua, GiaDaBao, MaYCBaoGia) values ('Point', '8', 31300, 45500000, 61);
insert into CTYCBaoGia (MaNCC, MaSP, SLSeMua, GiaDaBao, MaYCBaoGia) values ('Road', '63', 9200, 0, 48);
insert into CTYCBaoGia (MaNCC, MaSP, SLSeMua, GiaDaBao, MaYCBaoGia) values ('Park', '37', 13700, 0, 83);
insert into CTYCBaoGia (MaNCC, MaSP, SLSeMua, GiaDaBao, MaYCBaoGia) values ('Place', '85', 99200, 0, 54);
insert into CTYCBaoGia (MaNCC, MaSP, SLSeMua, GiaDaBao, MaYCBaoGia) values ('Place', '14', 14100, 0, 80);
insert into CTYCBaoGia (MaNCC, MaSP, SLSeMua, GiaDaBao, MaYCBaoGia) values ('Pass', '26', 43600, 0, 31);
insert into CTYCBaoGia (MaNCC, MaSP, SLSeMua, GiaDaBao, MaYCBaoGia) values ('Avenue', '30', 54700, 0, 66);
insert into CTYCBaoGia (MaNCC, MaSP, SLSeMua, GiaDaBao, MaYCBaoGia) values ('Terrace', '67', 75800, 0, 75);
insert into CTYCBaoGia (MaNCC, MaSP, SLSeMua, GiaDaBao, MaYCBaoGia) values ('Drive', '51', 4000, 0, 91);
insert into CTYCBaoGia (MaNCC, MaSP, SLSeMua, GiaDaBao, MaYCBaoGia) values ('Trail', '73', 5000, 86100000, 83);
insert into CTYCBaoGia (MaNCC, MaSP, SLSeMua, GiaDaBao, MaYCBaoGia) values ('Park', '67', 98500, 0, 62);
insert into CTYCBaoGia (MaNCC, MaSP, SLSeMua, GiaDaBao, MaYCBaoGia) values ('Drive', '87', 10100, 0, 74);
insert into CTYCBaoGia (MaNCC, MaSP, SLSeMua, GiaDaBao, MaYCBaoGia) values ('Hill', '65', 86900, 0, 43);
insert into CTYCBaoGia (MaNCC, MaSP, SLSeMua, GiaDaBao, MaYCBaoGia) values ('Alley', '68', 96200, 0, 32);
insert into CTYCBaoGia (MaNCC, MaSP, SLSeMua, GiaDaBao, MaYCBaoGia) values ('Drive', '66', 76200, 0, 29);
insert into CTYCBaoGia (MaNCC, MaSP, SLSeMua, GiaDaBao, MaYCBaoGia) values ('Center', '55', 11700, 0, 66);
insert into CTYCBaoGia (MaNCC, MaSP, SLSeMua, GiaDaBao, MaYCBaoGia) values ('Road', '32', 18500, 0, 27);
insert into CTYCBaoGia (MaNCC, MaSP, SLSeMua, GiaDaBao, MaYCBaoGia) values ('Way', '51', 30900, 0, 68);
