use qlmuahang
go
set ANSI_WARNINGS off
go
drop login qlmuahang_duy
drop login qlmuahang_nghi
drop login qlmuahang_thukho
drop login qlmuahang_nhanvien
go
create login qlmuahang_duy with password='123'
create login qlmuahang_nghi with password='123'
create login qlmuahang_thukho with password='123'
create login qlmuahang_nhanvien with password='123'
go
create user admin_db for login qlmuahang_duy
create user quanly1 for login qlmuahang_nghi
create user nv1 for login qlmuahang_nhanvien 
create user thukho1 for login qlmuahang_thukho 
go
sp_addrolemember @rolename='thukho', @membername='thukho1'
go
sp_addrolemember @rolename='db_owner', @membername='admin_db'
go
sp_addrolemember @rolename='QuanLy', @membername='quanly1'
go
insert into NCC (MaNCC, Email) values ('Plaza', 'jdiggelly@pbs.org');
insert into NCC (MaNCC, Email) values ('Pass', 'cferri1i@admin.ch');
insert into NCC (MaNCC, Email) values ('Avenue', 'bsmorfit1j@wikipedia.org');
insert into NCC (MaNCC, Email) values ('Circle', 'lcolmer1m@devhub.com');
insert into NCC (MaNCC, Email) values ('Court', 'lmedhurst1w@jalbum.net');
insert into NCC (MaNCC, Email) values ('Trail', 'rmacdonell24@ucsd.edu');
insert into NCC (MaNCC, Email) values ('Alley', 'tportlock6@blogger.com');
insert into NCC (MaNCC, Email) values ('Lane', 'ubengtsen2r@bbb.org');
insert into NCC (MaNCC, Email) values ('Street', 'lmalkin1@chicagotribune.com');
insert into NCC (MaNCC, Email) values ('Place', 'tfallj@canalblog.com');
insert into NCC (MaNCC, Email) values ('Park', 'ggrund1g@gizmodo.com');
insert into NCC (MaNCC, Email) values ('Road', 'acatterall3@usa.gov');
insert into NCC (MaNCC, Email) values ('Drive', 'jgowthrop1s@sphinn.com');
insert into NCC (MaNCC, Email) values ('Point', 'dlydiardd@photobucket.com');
insert into NCC (MaNCC, Email) values ('Junction', 'ahollylandh@sciencedirect.com');
insert into NCC (MaNCC, Email) values ('Crossing', 'psebastiano@smugmug.com');
insert into NCC (MaNCC, Email) values ('Hill', 'bchampleyb@usgs.gov');
insert into NCC (MaNCC, Email) values ('Way', 'vbrierley11@elegantthemes.com');
insert into NCC (MaNCC, Email) values ('Terrace', 'bleask17@tripod.com');
insert into NCC (MaNCC, Email) values ('Center', 'cbrusle5@nifty.com');
go
insert into SanPham (MaSP, TenSanPham, SoLuongTon, Thue) values (1, 'Tres-Zap', 78, 55);
insert into SanPham (MaSP, TenSanPham, SoLuongTon, Thue) values (2, 'Y-Solowarm', 22, 29);
insert into SanPham (MaSP, TenSanPham, SoLuongTon, Thue) values (3, 'Gembucket', 155, 58);
insert into SanPham (MaSP, TenSanPham, SoLuongTon, Thue) values (4, 'Domainer', 80, 14);
insert into SanPham (MaSP, TenSanPham, SoLuongTon, Thue) values (5, 'Zathin', 75, 63);
insert into SanPham (MaSP, TenSanPham, SoLuongTon, Thue) values (6, 'Stringtough', 171, 34);
insert into SanPham (MaSP, TenSanPham, SoLuongTon, Thue) values (7, 'Flexidy', 190, 63);
insert into SanPham (MaSP, TenSanPham, SoLuongTon, Thue) values (8, 'Fintone', 68, 75);
insert into SanPham (MaSP, TenSanPham, SoLuongTon, Thue) values (9, 'Konklab', 46, 29);
insert into SanPham (MaSP, TenSanPham, SoLuongTon, Thue) values (10, 'Cookley', 5, 58);
insert into SanPham (MaSP, TenSanPham, SoLuongTon, Thue) values (11, 'Prodder', 113, 85);
insert into SanPham (MaSP, TenSanPham, SoLuongTon, Thue) values (12, 'Fintone', 0, 61);
insert into SanPham (MaSP, TenSanPham, SoLuongTon, Thue) values (13, 'Alpha', 197, 72);
insert into SanPham (MaSP, TenSanPham, SoLuongTon, Thue) values (14, 'Vagram', 59, 16);
insert into SanPham (MaSP, TenSanPham, SoLuongTon, Thue) values (15, 'Regrant', 9, 33);
insert into SanPham (MaSP, TenSanPham, SoLuongTon, Thue) values (16, 'Voyatouch', 7, 56);
insert into SanPham (MaSP, TenSanPham, SoLuongTon, Thue) values (17, 'Trippledex', 170, 64);
insert into SanPham (MaSP, TenSanPham, SoLuongTon, Thue) values (18, 'Tampflex', 200, 74);
insert into SanPham (MaSP, TenSanPham, SoLuongTon, Thue) values (19, 'Veribet', 49, 94);
insert into SanPham (MaSP, TenSanPham, SoLuongTon, Thue) values (20, 'Domainer', 102, 96);
insert into SanPham (MaSP, TenSanPham, SoLuongTon, Thue) values (21, 'Latlux', 36, 44);
insert into SanPham (MaSP, TenSanPham, SoLuongTon, Thue) values (22, 'Span', 176, 97);
insert into SanPham (MaSP, TenSanPham, SoLuongTon, Thue) values (23, 'Regrant', 85, 11);
insert into SanPham (MaSP, TenSanPham, SoLuongTon, Thue) values (24, 'Alphazap', 124, 86);
insert into SanPham (MaSP, TenSanPham, SoLuongTon, Thue) values (25, 'Tres-Zap', 180, 71);
insert into SanPham (MaSP, TenSanPham, SoLuongTon, Thue) values (26, 'Mat Lam Tam', 32, 75);
insert into SanPham (MaSP, TenSanPham, SoLuongTon, Thue) values (27, 'Tin', 148, 26);
insert into SanPham (MaSP, TenSanPham, SoLuongTon, Thue) values (28, 'Tampflex', 22, 12);
insert into SanPham (MaSP, TenSanPham, SoLuongTon, Thue) values (29, 'Prodder', 134, 25);
insert into SanPham (MaSP, TenSanPham, SoLuongTon, Thue) values (30, 'Bamity', 78, 25);
insert into SanPham (MaSP, TenSanPham, SoLuongTon, Thue) values (31, 'Greenlam', 136, 18);
insert into SanPham (MaSP, TenSanPham, SoLuongTon, Thue) values (32, 'Lotstring', 138, 74);
insert into SanPham (MaSP, TenSanPham, SoLuongTon, Thue) values (33, 'Namfix', 156, 56);
insert into SanPham (MaSP, TenSanPham, SoLuongTon, Thue) values (34, 'Matsoft', 179, 51);
insert into SanPham (MaSP, TenSanPham, SoLuongTon, Thue) values (35, 'Tin', 10, 43);
insert into SanPham (MaSP, TenSanPham, SoLuongTon, Thue) values (36, 'Sonsing', 194, 84);
insert into SanPham (MaSP, TenSanPham, SoLuongTon, Thue) values (37, 'Tresom', 17, 54);
insert into SanPham (MaSP, TenSanPham, SoLuongTon, Thue) values (38, 'Prodder', 80, 46);
insert into SanPham (MaSP, TenSanPham, SoLuongTon, Thue) values (39, 'Wrapsafe', 32, 97);
insert into SanPham (MaSP, TenSanPham, SoLuongTon, Thue) values (40, 'Holdlamis', 90, 93);
insert into SanPham (MaSP, TenSanPham, SoLuongTon, Thue) values (41, 'Voyatouch', 151, 73);
insert into SanPham (MaSP, TenSanPham, SoLuongTon, Thue) values (42, 'Tin', 83, 43);
insert into SanPham (MaSP, TenSanPham, SoLuongTon, Thue) values (43, 'Toughjoyfax', 0, 18);
insert into SanPham (MaSP, TenSanPham, SoLuongTon, Thue) values (44, 'Tampflex', 162, 33);
insert into SanPham (MaSP, TenSanPham, SoLuongTon, Thue) values (45, 'Stim', 178, 98);
insert into SanPham (MaSP, TenSanPham, SoLuongTon, Thue) values (46, 'Flexidy', 194, 28);
insert into SanPham (MaSP, TenSanPham, SoLuongTon, Thue) values (47, 'Mat Lam Tam', 17, 57);
insert into SanPham (MaSP, TenSanPham, SoLuongTon, Thue) values (48, 'Daltfresh', 180, 29);
insert into SanPham (MaSP, TenSanPham, SoLuongTon, Thue) values (49, 'Stim', 196, 23);
insert into SanPham (MaSP, TenSanPham, SoLuongTon, Thue) values (50, 'Quo Lux', 30, 91);
insert into SanPham (MaSP, TenSanPham, SoLuongTon, Thue) values (51, 'Redhold', 124, 12);
insert into SanPham (MaSP, TenSanPham, SoLuongTon, Thue) values (52, 'Tresom', 22, 88);
insert into SanPham (MaSP, TenSanPham, SoLuongTon, Thue) values (53, 'Vagram', 195, 76);
insert into SanPham (MaSP, TenSanPham, SoLuongTon, Thue) values (54, 'Flowdesk', 91, 45);
insert into SanPham (MaSP, TenSanPham, SoLuongTon, Thue) values (55, 'Overhold', 156, 97);
insert into SanPham (MaSP, TenSanPham, SoLuongTon, Thue) values (56, 'Cardify', 80, 83);
insert into SanPham (MaSP, TenSanPham, SoLuongTon, Thue) values (57, 'Sub-Ex', 145, 41);
insert into SanPham (MaSP, TenSanPham, SoLuongTon, Thue) values (58, 'Rank', 50, 18);
insert into SanPham (MaSP, TenSanPham, SoLuongTon, Thue) values (59, 'Sonsing', 90, 81);
insert into SanPham (MaSP, TenSanPham, SoLuongTon, Thue) values (60, 'Zathin', 154, 49);
insert into SanPham (MaSP, TenSanPham, SoLuongTon, Thue) values (61, 'Alphazap', 43, 48);
insert into SanPham (MaSP, TenSanPham, SoLuongTon, Thue) values (62, 'Domainer', 51, 27);
insert into SanPham (MaSP, TenSanPham, SoLuongTon, Thue) values (63, 'Aerified', 169, 46);
insert into SanPham (MaSP, TenSanPham, SoLuongTon, Thue) values (64, 'Zathin', 13, 98);
insert into SanPham (MaSP, TenSanPham, SoLuongTon, Thue) values (65, 'Tempsoft', 109, 74);
insert into SanPham (MaSP, TenSanPham, SoLuongTon, Thue) values (66, 'Bytecard', 149, 63);
insert into SanPham (MaSP, TenSanPham, SoLuongTon, Thue) values (67, 'Tresom', 95, 84);
insert into SanPham (MaSP, TenSanPham, SoLuongTon, Thue) values (68, 'Namfix', 47, 56);
insert into SanPham (MaSP, TenSanPham, SoLuongTon, Thue) values (69, 'Domainer', 175, 29);
insert into SanPham (MaSP, TenSanPham, SoLuongTon, Thue) values (70, 'Zontrax', 105, 55);
insert into SanPham (MaSP, TenSanPham, SoLuongTon, Thue) values (71, 'Otcom', 166, 65);
insert into SanPham (MaSP, TenSanPham, SoLuongTon, Thue) values (72, 'Kanlam', 178, 83);
insert into SanPham (MaSP, TenSanPham, SoLuongTon, Thue) values (73, 'Flexidy', 80, 46);
insert into SanPham (MaSP, TenSanPham, SoLuongTon, Thue) values (74, 'Aerified', 52, 35);
insert into SanPham (MaSP, TenSanPham, SoLuongTon, Thue) values (75, 'Fix San', 86, 11);
insert into SanPham (MaSP, TenSanPham, SoLuongTon, Thue) values (76, 'Asoka', 179, 82);
insert into SanPham (MaSP, TenSanPham, SoLuongTon, Thue) values (77, 'Zamit', 168, 56);
insert into SanPham (MaSP, TenSanPham, SoLuongTon, Thue) values (78, 'Zamit', 168, 36);
insert into SanPham (MaSP, TenSanPham, SoLuongTon, Thue) values (79, 'Latlux', 23, 48);
insert into SanPham (MaSP, TenSanPham, SoLuongTon, Thue) values (80, 'Aerified', 59, 21);
insert into SanPham (MaSP, TenSanPham, SoLuongTon, Thue) values (81, 'Lotlux', 84, 99);
insert into SanPham (MaSP, TenSanPham, SoLuongTon, Thue) values (82, 'Otcom', 193, 12);
insert into SanPham (MaSP, TenSanPham, SoLuongTon, Thue) values (83, 'Voyatouch', 22, 89);
insert into SanPham (MaSP, TenSanPham, SoLuongTon, Thue) values (84, 'Sonsing', 126, 21);
insert into SanPham (MaSP, TenSanPham, SoLuongTon, Thue) values (85, 'Biodex', 116, 15);
insert into SanPham (MaSP, TenSanPham, SoLuongTon, Thue) values (86, 'Stim', 61, 27);
insert into SanPham (MaSP, TenSanPham, SoLuongTon, Thue) values (87, 'Stringtough', 45, 53);
insert into SanPham (MaSP, TenSanPham, SoLuongTon, Thue) values (88, 'Kanlam', 87, 32);
insert into SanPham (MaSP, TenSanPham, SoLuongTon, Thue) values (89, 'Flexidy', 95, 46);
insert into SanPham (MaSP, TenSanPham, SoLuongTon, Thue) values (90, 'Biodex', 110, 45);
insert into SanPham (MaSP, TenSanPham, SoLuongTon, Thue) values (91, 'Holdlamis', 148, 94);
insert into SanPham (MaSP, TenSanPham, SoLuongTon, Thue) values (92, 'Fixflex', 200, 36);
insert into SanPham (MaSP, TenSanPham, SoLuongTon, Thue) values (93, 'Fintone', 182, 18);
insert into SanPham (MaSP, TenSanPham, SoLuongTon, Thue) values (94, 'Lotlux', 67, 56);
insert into SanPham (MaSP, TenSanPham, SoLuongTon, Thue) values (95, 'Sonair', 187, 95);
insert into SanPham (MaSP, TenSanPham, SoLuongTon, Thue) values (96, 'Bamity', 116, 68);
insert into SanPham (MaSP, TenSanPham, SoLuongTon, Thue) values (97, 'Tresom', 31, 72);
insert into SanPham (MaSP, TenSanPham, SoLuongTon, Thue) values (98, 'It', 78, 52);
insert into SanPham (MaSP, TenSanPham, SoLuongTon, Thue) values (99, 'Ventosanzap', 197, 91);
insert into SanPham (MaSP, TenSanPham, SoLuongTon, Thue) values (100, 'It', 86, 72);
go
insert into CTSP (MaNCC, MaSP, GiaMua, NgayCapNhat) values ('Avenue', 57, 8200000, 88);
insert into CTSP (MaNCC, MaSP, GiaMua, NgayCapNhat) values ('Center', 83, 8400000, 37);
insert into CTSP (MaNCC, MaSP, GiaMua, NgayCapNhat) values ('Place', 3, 3800000, 82);
insert into CTSP (MaNCC, MaSP, GiaMua, NgayCapNhat) values ('Lane', 24, 2000000, 34);
insert into CTSP (MaNCC, MaSP, GiaMua, NgayCapNhat) values ('Drive', 65, 8100000, 91);
insert into CTSP (MaNCC, MaSP, GiaMua, NgayCapNhat) values ('Way', 11, 800000, 53);
insert into CTSP (MaNCC, MaSP, GiaMua, NgayCapNhat) values ('Crossing', 93, 800000, 56);
insert into CTSP (MaNCC, MaSP, GiaMua, NgayCapNhat) values ('Center', 95, 8700000, 67);
insert into CTSP (MaNCC, MaSP, GiaMua, NgayCapNhat) values ('Lane', 32, 4300000, 73);
insert into CTSP (MaNCC, MaSP, GiaMua, NgayCapNhat) values ('Road', 6, 5600000, 86);
insert into CTSP (MaNCC, MaSP, GiaMua, NgayCapNhat) values ('Road', 23, 200000, 68);
insert into CTSP (MaNCC, MaSP, GiaMua, NgayCapNhat) values ('Crossing', 83, 1800000, 76);
insert into CTSP (MaNCC, MaSP, GiaMua, NgayCapNhat) values ('Plaza', 15, 8500000, 45);
insert into CTSP (MaNCC, MaSP, GiaMua, NgayCapNhat) values ('Place', 69, 7600000, 53);
insert into CTSP (MaNCC, MaSP, GiaMua, NgayCapNhat) values ('Park', 67, 7100000, 85);
insert into CTSP (MaNCC, MaSP, GiaMua, NgayCapNhat) values ('Center', 26, 2100000, 29);
insert into CTSP (MaNCC, MaSP, GiaMua, NgayCapNhat) values ('Drive', 4, 1200000, 99);
insert into CTSP (MaNCC, MaSP, GiaMua, NgayCapNhat) values ('Circle', 34, 1400000, 14);
insert into CTSP (MaNCC, MaSP, GiaMua, NgayCapNhat) values ('Point', 40, 3700000, 52);
insert into CTSP (MaNCC, MaSP, GiaMua, NgayCapNhat) values ('Drive', 93, 700000, 39);
insert into CTSP (MaNCC, MaSP, GiaMua, NgayCapNhat) values ('Drive', 75, 2700000, 51);
insert into CTSP (MaNCC, MaSP, GiaMua, NgayCapNhat) values ('Trail', 9, 7200000, 11);
insert into CTSP (MaNCC, MaSP, GiaMua, NgayCapNhat) values ('Crossing', 96, 8600000, 99);
insert into CTSP (MaNCC, MaSP, GiaMua, NgayCapNhat) values ('Junction', 96, 6000000, 29);
insert into CTSP (MaNCC, MaSP, GiaMua, NgayCapNhat) values ('Terrace', 93, 7100000, 23);
insert into CTSP (MaNCC, MaSP, GiaMua, NgayCapNhat) values ('Center', 79, 5600000, 45);
insert into CTSP (MaNCC, MaSP, GiaMua, NgayCapNhat) values ('Way', 92, 8500000, 17);
insert into CTSP (MaNCC, MaSP, GiaMua, NgayCapNhat) values ('Alley', 11, 9200000, 18);
insert into CTSP (MaNCC, MaSP, GiaMua, NgayCapNhat) values ('Point', 27, 8000000, 25);
insert into CTSP (MaNCC, MaSP, GiaMua, NgayCapNhat) values ('Center', 64, 3100000, 85);
insert into CTSP (MaNCC, MaSP, GiaMua, NgayCapNhat) values ('Road', 63, 3500000, 76);
insert into CTSP (MaNCC, MaSP, GiaMua, NgayCapNhat) values ('Alley', 96, 8000000, 37);
insert into CTSP (MaNCC, MaSP, GiaMua, NgayCapNhat) values ('Road', 46, 8600000, 93);
insert into CTSP (MaNCC, MaSP, GiaMua, NgayCapNhat) values ('Pass', 41, 5000000, 19);
insert into CTSP (MaNCC, MaSP, GiaMua, NgayCapNhat) values ('Road', 32, 3300000, 26);
insert into CTSP (MaNCC, MaSP, GiaMua, NgayCapNhat) values ('Drive', 92, 7900000, 21);
insert into CTSP (MaNCC, MaSP, GiaMua, NgayCapNhat) values ('Place', 46, 700000, 66);
insert into CTSP (MaNCC, MaSP, GiaMua, NgayCapNhat) values ('Hill', 70, 8200000, 16);
insert into CTSP (MaNCC, MaSP, GiaMua, NgayCapNhat) values ('Alley', 63, 300000, 12);
insert into CTSP (MaNCC, MaSP, GiaMua, NgayCapNhat) values ('Road', 2, 7800000, 37);
insert into CTSP (MaNCC, MaSP, GiaMua, NgayCapNhat) values ('Place', 14, 2200000, 97);
insert into CTSP (MaNCC, MaSP, GiaMua, NgayCapNhat) values ('Road', 2, 2000000, 82);
insert into CTSP (MaNCC, MaSP, GiaMua, NgayCapNhat) values ('Way', 37, 100000, 17);
insert into CTSP (MaNCC, MaSP, GiaMua, NgayCapNhat) values ('Avenue', 61, 7400000, 37);
insert into CTSP (MaNCC, MaSP, GiaMua, NgayCapNhat) values ('Trail', 19, 5000000, 31);
insert into CTSP (MaNCC, MaSP, GiaMua, NgayCapNhat) values ('Circle', 31, 8900000, 52);
insert into CTSP (MaNCC, MaSP, GiaMua, NgayCapNhat) values ('Point', 66, 1400000, 97);
insert into CTSP (MaNCC, MaSP, GiaMua, NgayCapNhat) values ('Road', 29, 700000, 48);
insert into CTSP (MaNCC, MaSP, GiaMua, NgayCapNhat) values ('Hill', 76, 5100000, 92);
insert into CTSP (MaNCC, MaSP, GiaMua, NgayCapNhat) values ('Way', 92, 8300000, 33);
insert into CTSP (MaNCC, MaSP, GiaMua, NgayCapNhat) values ('Avenue', 74, 5500000, 31);
insert into CTSP (MaNCC, MaSP, GiaMua, NgayCapNhat) values ('Crossing', 28, 3400000, 27);
insert into CTSP (MaNCC, MaSP, GiaMua, NgayCapNhat) values ('Alley', 60, 9500000, 15);
insert into CTSP (MaNCC, MaSP, GiaMua, NgayCapNhat) values ('Hill', 65, 7300000, 41);
insert into CTSP (MaNCC, MaSP, GiaMua, NgayCapNhat) values ('Drive', 86, 7200000, 22);
insert into CTSP (MaNCC, MaSP, GiaMua, NgayCapNhat) values ('Hill', 62, 4200000, 93);
insert into CTSP (MaNCC, MaSP, GiaMua, NgayCapNhat) values ('Crossing', 24, 1000000, 63);
insert into CTSP (MaNCC, MaSP, GiaMua, NgayCapNhat) values ('Avenue', 36, 8200000, 44);
insert into CTSP (MaNCC, MaSP, GiaMua, NgayCapNhat) values ('Pass', 23, 5900000, 73);
insert into CTSP (MaNCC, MaSP, GiaMua, NgayCapNhat) values ('Plaza', 96, 8700000, 46);
insert into CTSP (MaNCC, MaSP, GiaMua, NgayCapNhat) values ('Road', 37, 8900000, 12);
insert into CTSP (MaNCC, MaSP, GiaMua, NgayCapNhat) values ('Way', 21, 9600000, 75);
insert into CTSP (MaNCC, MaSP, GiaMua, NgayCapNhat) values ('Hill', 13, 500000, 53);
insert into CTSP (MaNCC, MaSP, GiaMua, NgayCapNhat) values ('Lane', 46, 3700000, 57);
insert into CTSP (MaNCC, MaSP, GiaMua, NgayCapNhat) values ('Court', 82, 6600000, 91);
insert into CTSP (MaNCC, MaSP, GiaMua, NgayCapNhat) values ('Pass', 48, 500000, 18);
insert into CTSP (MaNCC, MaSP, GiaMua, NgayCapNhat) values ('Lane', 69, 2300000, 58);
insert into CTSP (MaNCC, MaSP, GiaMua, NgayCapNhat) values ('Avenue', 10, 1200000, 27);
insert into CTSP (MaNCC, MaSP, GiaMua, NgayCapNhat) values ('Center', 7, 9700000, 65);
insert into CTSP (MaNCC, MaSP, GiaMua, NgayCapNhat) values ('Place', 85, 8900000, 42);
insert into CTSP (MaNCC, MaSP, GiaMua, NgayCapNhat) values ('Pass', 68, 5100000, 79);
insert into CTSP (MaNCC, MaSP, GiaMua, NgayCapNhat) values ('Center', 8, 5500000, 27);
insert into CTSP (MaNCC, MaSP, GiaMua, NgayCapNhat) values ('Plaza', 72, 9500000, 81);
insert into CTSP (MaNCC, MaSP, GiaMua, NgayCapNhat) values ('Way', 42, 3200000, 49);
insert into CTSP (MaNCC, MaSP, GiaMua, NgayCapNhat) values ('Junction', 69, 4200000, 35);
insert into CTSP (MaNCC, MaSP, GiaMua, NgayCapNhat) values ('Center', 31, 7300000, 68);
insert into CTSP (MaNCC, MaSP, GiaMua, NgayCapNhat) values ('Terrace', 55, 6500000, 93);
insert into CTSP (MaNCC, MaSP, GiaMua, NgayCapNhat) values ('Hill', 44, 3500000, 78);
insert into CTSP (MaNCC, MaSP, GiaMua, NgayCapNhat) values ('Road', 35, 6600000, 97);
insert into CTSP (MaNCC, MaSP, GiaMua, NgayCapNhat) values ('Lane', 26, 5700000, 33);
insert into CTSP (MaNCC, MaSP, GiaMua, NgayCapNhat) values ('Avenue', 76, 7300000, 35);
insert into CTSP (MaNCC, MaSP, GiaMua, NgayCapNhat) values ('Park', 96, 9900000, 22);
insert into CTSP (MaNCC, MaSP, GiaMua, NgayCapNhat) values ('Hill', 34, 3300000, 89);
insert into CTSP (MaNCC, MaSP, GiaMua, NgayCapNhat) values ('Plaza', 98, 4500000, 25);
insert into CTSP (MaNCC, MaSP, GiaMua, NgayCapNhat) values ('Lane', 48, 6700000, 35);
insert into CTSP (MaNCC, MaSP, GiaMua, NgayCapNhat) values ('Place', 65, 7500000, 18);
insert into CTSP (MaNCC, MaSP, GiaMua, NgayCapNhat) values ('Street', 46, 800000, 95);
insert into CTSP (MaNCC, MaSP, GiaMua, NgayCapNhat) values ('Alley', 94, 8500000, 57);
insert into CTSP (MaNCC, MaSP, GiaMua, NgayCapNhat) values ('Center', 65, 4900000, 25);
insert into CTSP (MaNCC, MaSP, GiaMua, NgayCapNhat) values ('Place', 51, 2700000, 27);
insert into CTSP (MaNCC, MaSP, GiaMua, NgayCapNhat) values ('Drive', 44, 6600000, 64);
insert into CTSP (MaNCC, MaSP, GiaMua, NgayCapNhat) values ('Drive', 84, 4000000, 42);
insert into CTSP (MaNCC, MaSP, GiaMua, NgayCapNhat) values ('Hill', 90, 3700000, 63);
insert into CTSP (MaNCC, MaSP, GiaMua, NgayCapNhat) values ('Point', 71, 4000000, 22);
insert into CTSP (MaNCC, MaSP, GiaMua, NgayCapNhat) values ('Drive', 29, 9800000, 17);
insert into CTSP (MaNCC, MaSP, GiaMua, NgayCapNhat) values ('Alley', 68, 4200000, 94);
insert into CTSP (MaNCC, MaSP, GiaMua, NgayCapNhat) values ('Center', 63, 200000, 21);
insert into CTSP (MaNCC, MaSP, GiaMua, NgayCapNhat) values ('Drive', 87, 6700000, 58);
insert into CTSP (MaNCC, MaSP, GiaMua, NgayCapNhat) values ('Trail', 73, 6600000, 89);
insert into CTSP (MaNCC, MaSP, GiaMua, NgayCapNhat) values ('Plaza', 81, 2100000, 75);
insert into CTSP (MaNCC, MaSP, GiaMua, NgayCapNhat) values ('Park', 37, 4400000, 34);
insert into CTSP (MaNCC, MaSP, GiaMua, NgayCapNhat) values ('Center', 22, 2600000, 99);
insert into CTSP (MaNCC, MaSP, GiaMua, NgayCapNhat) values ('Circle', 46, 5800000, 23);
insert into CTSP (MaNCC, MaSP, GiaMua, NgayCapNhat) values ('Way', 99, 6300000, 97);
insert into CTSP (MaNCC, MaSP, GiaMua, NgayCapNhat) values ('Alley', 21, 200000, 55);
insert into CTSP (MaNCC, MaSP, GiaMua, NgayCapNhat) values ('Hill', 77, 7800000, 45);
insert into CTSP (MaNCC, MaSP, GiaMua, NgayCapNhat) values ('Pass', 26, 8000000, 29);
insert into CTSP (MaNCC, MaSP, GiaMua, NgayCapNhat) values ('Circle', 30, 2200000, 32);
insert into CTSP (MaNCC, MaSP, GiaMua, NgayCapNhat) values ('Center', 14, 1800000, 95);
insert into CTSP (MaNCC, MaSP, GiaMua, NgayCapNhat) values ('Drive', 66, 7900000, 81);
insert into CTSP (MaNCC, MaSP, GiaMua, NgayCapNhat) values ('Alley', 62, 7400000, 48);
insert into CTSP (MaNCC, MaSP, GiaMua, NgayCapNhat) values ('Trail', 4, 6200000, 71);
insert into CTSP (MaNCC, MaSP, GiaMua, NgayCapNhat) values ('Road', 54, 9200000, 51);
insert into CTSP (MaNCC, MaSP, GiaMua, NgayCapNhat) values ('Center', 3, 2400000, 74);
insert into CTSP (MaNCC, MaSP, GiaMua, NgayCapNhat) values ('Pass', 71, 8000000, 63);
insert into CTSP (MaNCC, MaSP, GiaMua, NgayCapNhat) values ('Place', 49, 800000, 98);
insert into CTSP (MaNCC, MaSP, GiaMua, NgayCapNhat) values ('Junction', 73, 7200000, 19);
insert into CTSP (MaNCC, MaSP, GiaMua, NgayCapNhat) values ('Plaza', 59, 5000000, 55);
insert into CTSP (MaNCC, MaSP, GiaMua, NgayCapNhat) values ('Junction', 37, 5500000, 21);
insert into CTSP (MaNCC, MaSP, GiaMua, NgayCapNhat) values ('Drive', 1, 4100000, 13);
insert into CTSP (MaNCC, MaSP, GiaMua, NgayCapNhat) values ('Center', 97, 5100000, 24);
insert into CTSP (MaNCC, MaSP, GiaMua, NgayCapNhat) values ('Place', 20, 700000, 72);
insert into CTSP (MaNCC, MaSP, GiaMua, NgayCapNhat) values ('Crossing', 56, 8900000, 38);
insert into CTSP (MaNCC, MaSP, GiaMua, NgayCapNhat) values ('Crossing', 67, 6300000, 45);
insert into CTSP (MaNCC, MaSP, GiaMua, NgayCapNhat) values ('Place', 12, 6300000, 86);
insert into CTSP (MaNCC, MaSP, GiaMua, NgayCapNhat) values ('Point', 8, 3800000, 88);
insert into CTSP (MaNCC, MaSP, GiaMua, NgayCapNhat) values ('Alley', 2, 4700000, 63);
insert into CTSP (MaNCC, MaSP, GiaMua, NgayCapNhat) values ('Road', 7, 1700000, 78);
insert into CTSP (MaNCC, MaSP, GiaMua, NgayCapNhat) values ('Pass', 75, 4900000, 59);
insert into CTSP (MaNCC, MaSP, GiaMua, NgayCapNhat) values ('Drive', 5, 3600000, 73);
insert into CTSP (MaNCC, MaSP, GiaMua, NgayCapNhat) values ('Hill', 48, 6000000, 51);
insert into CTSP (MaNCC, MaSP, GiaMua, NgayCapNhat) values ('Lane', 46, 1000000, 55);
insert into CTSP (MaNCC, MaSP, GiaMua, NgayCapNhat) values ('Street', 24, 9800000, 79);
insert into CTSP (MaNCC, MaSP, GiaMua, NgayCapNhat) values ('Center', 55, 4700000, 79);
insert into CTSP (MaNCC, MaSP, GiaMua, NgayCapNhat) values ('Place', 92, 3800000, 41);
insert into CTSP (MaNCC, MaSP, GiaMua, NgayCapNhat) values ('Lane', 77, 4700000, 71);
insert into CTSP (MaNCC, MaSP, GiaMua, NgayCapNhat) values ('Court', 75, 3500000, 45);
insert into CTSP (MaNCC, MaSP, GiaMua, NgayCapNhat) values ('Drive', 70, 4000000, 36);
insert into CTSP (MaNCC, MaSP, GiaMua, NgayCapNhat) values ('Junction', 64, 3000000, 91);
insert into CTSP (MaNCC, MaSP, GiaMua, NgayCapNhat) values ('Circle', 75, 9800000, 17);
insert into CTSP (MaNCC, MaSP, GiaMua, NgayCapNhat) values ('Street', 38, 1200000, 95);
insert into CTSP (MaNCC, MaSP, GiaMua, NgayCapNhat) values ('Trail', 14, 1500000, 61);
insert into CTSP (MaNCC, MaSP, GiaMua, NgayCapNhat) values ('Street', 35, 7300000, 84);
insert into CTSP (MaNCC, MaSP, GiaMua, NgayCapNhat) values ('Plaza', 55, 6100000, 53);
insert into CTSP (MaNCC, MaSP, GiaMua, NgayCapNhat) values ('Lane', 89, 6500000, 75);
insert into CTSP (MaNCC, MaSP, GiaMua, NgayCapNhat) values ('Terrace', 67, 8300000, 55);
insert into CTSP (MaNCC, MaSP, GiaMua, NgayCapNhat) values ('Lane', 91, 6400000, 88);
insert into CTSP (MaNCC, MaSP, GiaMua, NgayCapNhat) values ('Crossing', 7, 4900000, 56);
insert into CTSP (MaNCC, MaSP, GiaMua, NgayCapNhat) values ('Point', 79, 200000, 79);
insert into CTSP (MaNCC, MaSP, GiaMua, NgayCapNhat) values ('Point', 82, 5000000, 84);
insert into CTSP (MaNCC, MaSP, GiaMua, NgayCapNhat) values ('Terrace', 49, 5600000, 65);
insert into CTSP (MaNCC, MaSP, GiaMua, NgayCapNhat) values ('Lane', 62, 9300000, 29);
insert into CTSP (MaNCC, MaSP, GiaMua, NgayCapNhat) values ('Center', 47, 5800000, 89);
insert into CTSP (MaNCC, MaSP, GiaMua, NgayCapNhat) values ('Park', 7, 4100000, 42);
insert into CTSP (MaNCC, MaSP, GiaMua, NgayCapNhat) values ('Avenue', 59, 100000, 78);
insert into CTSP (MaNCC, MaSP, GiaMua, NgayCapNhat) values ('Pass', 64, 1500000, 91);
insert into CTSP (MaNCC, MaSP, GiaMua, NgayCapNhat) values ('Avenue', 30, 1500000, 36);
insert into CTSP (MaNCC, MaSP, GiaMua, NgayCapNhat) values ('Pass', 6, 3100000, 23);
insert into CTSP (MaNCC, MaSP, GiaMua, NgayCapNhat) values ('Street', 50, 1600000, 81);
insert into CTSP (MaNCC, MaSP, GiaMua, NgayCapNhat) values ('Pass', 87, 2500000, 18);
insert into CTSP (MaNCC, MaSP, GiaMua, NgayCapNhat) values ('Center', 93, 3600000, 26);
insert into CTSP (MaNCC, MaSP, GiaMua, NgayCapNhat) values ('Way', 48, 5700000, 23);
insert into CTSP (MaNCC, MaSP, GiaMua, NgayCapNhat) values ('Court', 41, 9500000, 26);
insert into CTSP (MaNCC, MaSP, GiaMua, NgayCapNhat) values ('Drive', 74, 9600000, 88);
insert into CTSP (MaNCC, MaSP, GiaMua, NgayCapNhat) values ('Alley', 73, 6600000, 36);
insert into CTSP (MaNCC, MaSP, GiaMua, NgayCapNhat) values ('Point', 7, 3600000, 19);
insert into CTSP (MaNCC, MaSP, GiaMua, NgayCapNhat) values ('Street', 23, 2800000, 64);
insert into CTSP (MaNCC, MaSP, GiaMua, NgayCapNhat) values ('Junction', 54, 1100000, 71);
insert into CTSP (MaNCC, MaSP, GiaMua, NgayCapNhat) values ('Alley', 23, 8500000, 69);
insert into CTSP (MaNCC, MaSP, GiaMua, NgayCapNhat) values ('Crossing', 72, 7500000, 37);
insert into CTSP (MaNCC, MaSP, GiaMua, NgayCapNhat) values ('Avenue', 78, 1400000, 39);
insert into CTSP (MaNCC, MaSP, GiaMua, NgayCapNhat) values ('Place', 98, 9000000, 81);
insert into CTSP (MaNCC, MaSP, GiaMua, NgayCapNhat) values ('Place', 98, 6400000, 48);
insert into CTSP (MaNCC, MaSP, GiaMua, NgayCapNhat) values ('Terrace', 53, 1000000, 79);
insert into CTSP (MaNCC, MaSP, GiaMua, NgayCapNhat) values ('Street', 28, 7400000, 57);
insert into CTSP (MaNCC, MaSP, GiaMua, NgayCapNhat) values ('Junction', 76, 7200000, 31);
insert into CTSP (MaNCC, MaSP, GiaMua, NgayCapNhat) values ('Pass', 73, 9000000, 82);
insert into CTSP (MaNCC, MaSP, GiaMua, NgayCapNhat) values ('Crossing', 44, 2100000, 97);
insert into CTSP (MaNCC, MaSP, GiaMua, NgayCapNhat) values ('Drive', 31, 9600000, 23);
insert into CTSP (MaNCC, MaSP, GiaMua, NgayCapNhat) values ('Way', 46, 5400000, 51);
insert into CTSP (MaNCC, MaSP, GiaMua, NgayCapNhat) values ('Court', 40, 3500000, 27);
insert into CTSP (MaNCC, MaSP, GiaMua, NgayCapNhat) values ('Way', 46, 2400000, 12);
insert into CTSP (MaNCC, MaSP, GiaMua, NgayCapNhat) values ('Way', 51, 7800000, 89);
insert into CTSP (MaNCC, MaSP, GiaMua, NgayCapNhat) values ('Place', 91, 2500000, 34);
insert into CTSP (MaNCC, MaSP, GiaMua, NgayCapNhat) values ('Place', 18, 200000, 91);
insert into CTSP (MaNCC, MaSP, GiaMua, NgayCapNhat) values ('Center', 49, 6200000, 63);
insert into CTSP (MaNCC, MaSP, GiaMua, NgayCapNhat) values ('Road', 82, 9200000, 78);
insert into CTSP (MaNCC, MaSP, GiaMua, NgayCapNhat) values ('Place', 55, 5100000, 25);
insert into CTSP (MaNCC, MaSP, GiaMua, NgayCapNhat) values ('Drive', 51, 2900000, 53);
insert into CTSP (MaNCC, MaSP, GiaMua, NgayCapNhat) values ('Street', 17, 6900000, 77);
insert into CTSP (MaNCC, MaSP, GiaMua, NgayCapNhat) values ('Pass', 8, 8000000, 71);
insert into CTSP (MaNCC, MaSP, GiaMua, NgayCapNhat) values ('Way', 97, 9400000, 31);
insert into CTSP (MaNCC, MaSP, GiaMua, NgayCapNhat) values ('Road', 43, 2200000, 58);
insert into CTSP (MaNCC, MaSP, GiaMua, NgayCapNhat) values ('Drive', 100, 700000, 84);
insert into CTSP (MaNCC, MaSP, GiaMua, NgayCapNhat) values ('Hill', 10, 8100000, 67);
go
insert into CTYCBaoGia (MaNCC, MaSP, SLSeMua, GiaDaBao, MaYCBaoGia) values ('Pass', 23, 5980, 0, 96);
insert into CTYCBaoGia (MaNCC, MaSP, SLSeMua, GiaDaBao, MaYCBaoGia) values ('Road', 32, 8950, 0, 89);
insert into CTYCBaoGia (MaNCC, MaSP, SLSeMua, GiaDaBao, MaYCBaoGia) values ('Plaza', 59, 1210, 0, 65);
insert into CTYCBaoGia (MaNCC, MaSP, SLSeMua, GiaDaBao, MaYCBaoGia) values ('Hill', 62, 8020, 0, 23);
insert into CTYCBaoGia (MaNCC, MaSP, SLSeMua, GiaDaBao, MaYCBaoGia) values ('Drive', 84, 3520, 0, 6);
insert into CTYCBaoGia (MaNCC, MaSP, SLSeMua, GiaDaBao, MaYCBaoGia) values ('Point', 7, 8690, 54100000, 67);
insert into CTYCBaoGia (MaNCC, MaSP, SLSeMua, GiaDaBao, MaYCBaoGia) values ('Plaza', 72, 5910, 0, 78);
insert into CTYCBaoGia (MaNCC, MaSP, SLSeMua, GiaDaBao, MaYCBaoGia) values ('Way', 46, 4710, 0, 67);
insert into CTYCBaoGia (MaNCC, MaSP, SLSeMua, GiaDaBao, MaYCBaoGia) values ('Pass', 41, 8640, 0, 60);
insert into CTYCBaoGia (MaNCC, MaSP, SLSeMua, GiaDaBao, MaYCBaoGia) values ('Avenue', 78, 5790, 85800000, 26);
insert into CTYCBaoGia (MaNCC, MaSP, SLSeMua, GiaDaBao, MaYCBaoGia) values ('Center', 55, 7170, 0, 39);
insert into CTYCBaoGia (MaNCC, MaSP, SLSeMua, GiaDaBao, MaYCBaoGia) values ('Road', 7, 8270, 0, 81);
insert into CTYCBaoGia (MaNCC, MaSP, SLSeMua, GiaDaBao, MaYCBaoGia) values ('Drive', 31, 3940, 0, 83);
insert into CTYCBaoGia (MaNCC, MaSP, SLSeMua, GiaDaBao, MaYCBaoGia) values ('Street', 38, 6670, 0, 69);
insert into CTYCBaoGia (MaNCC, MaSP, SLSeMua, GiaDaBao, MaYCBaoGia) values ('Park', 67, 9970, 0, 54);
insert into CTYCBaoGia (MaNCC, MaSP, SLSeMua, GiaDaBao, MaYCBaoGia) values ('Hill', 44, 9410, 0, 39);
insert into CTYCBaoGia (MaNCC, MaSP, SLSeMua, GiaDaBao, MaYCBaoGia) values ('Terrace', 93, 9960, 0, 44);
insert into CTYCBaoGia (MaNCC, MaSP, SLSeMua, GiaDaBao, MaYCBaoGia) values ('Circle', 46, 9510, 0, 42);
insert into CTYCBaoGia (MaNCC, MaSP, SLSeMua, GiaDaBao, MaYCBaoGia) values ('Drive', 4, 4140, 0, 81);
insert into CTYCBaoGia (MaNCC, MaSP, SLSeMua, GiaDaBao, MaYCBaoGia) values ('Plaza', 98, 9690, 0, 84);
insert into CTYCBaoGia (MaNCC, MaSP, SLSeMua, GiaDaBao, MaYCBaoGia) values ('Hill', 7, 6360, 93500000, 27);
insert into CTYCBaoGia (MaNCC, MaSP, SLSeMua, GiaDaBao, MaYCBaoGia) values ('Drive', 86, 1680, 70200000, 29);
insert into CTYCBaoGia (MaNCC, MaSP, SLSeMua, GiaDaBao, MaYCBaoGia) values ('Way', 97, 20, 0, 83);
insert into CTYCBaoGia (MaNCC, MaSP, SLSeMua, GiaDaBao, MaYCBaoGia) values ('Road', 32, 1740, 0, 20);
insert into CTYCBaoGia (MaNCC, MaSP, SLSeMua, GiaDaBao, MaYCBaoGia) values ('Way', 42, 7650, 60600000, 95);
insert into CTYCBaoGia (MaNCC, MaSP, SLSeMua, GiaDaBao, MaYCBaoGia) values ('Junction', 37, 4320, 0, 14);
insert into CTYCBaoGia (MaNCC, MaSP, SLSeMua, GiaDaBao, MaYCBaoGia) values ('Alley', 63, 7760, 0, 23);
insert into CTYCBaoGia (MaNCC, MaSP, SLSeMua, GiaDaBao, MaYCBaoGia) values ('Hill', 48, 1840, 0, 55);
insert into CTYCBaoGia (MaNCC, MaSP, SLSeMua, GiaDaBao, MaYCBaoGia) values ('Crossing', 67, 7340, 0, 83);
insert into CTYCBaoGia (MaNCC, MaSP, SLSeMua, GiaDaBao, MaYCBaoGia) values ('Center', 65, 8070, 83300000, 23);
insert into CTYCBaoGia (MaNCC, MaSP, SLSeMua, GiaDaBao, MaYCBaoGia) values ('Center', 83, 6460, 0, 72);
insert into CTYCBaoGia (MaNCC, MaSP, SLSeMua, GiaDaBao, MaYCBaoGia) values ('Circle', 46, 4610, 0, 35);
insert into CTYCBaoGia (MaNCC, MaSP, SLSeMua, GiaDaBao, MaYCBaoGia) values ('Place', 98, 1260, 0, 67);
insert into CTYCBaoGia (MaNCC, MaSP, SLSeMua, GiaDaBao, MaYCBaoGia) values ('Alley', 60, 3140, 0, 87);
insert into CTYCBaoGia (MaNCC, MaSP, SLSeMua, GiaDaBao, MaYCBaoGia) values ('Crossing', 56, 4440, 0, 27);
insert into CTYCBaoGia (MaNCC, MaSP, SLSeMua, GiaDaBao, MaYCBaoGia) values ('Road', 23, 5510, 88500000, 61);
insert into CTYCBaoGia (MaNCC, MaSP, SLSeMua, GiaDaBao, MaYCBaoGia) values ('Lane', 32, 3000, 49200000, 8);
insert into CTYCBaoGia (MaNCC, MaSP, SLSeMua, GiaDaBao, MaYCBaoGia) values ('Point', 82, 660, 0, 75);
insert into CTYCBaoGia (MaNCC, MaSP, SLSeMua, GiaDaBao, MaYCBaoGia) values ('Circle', 46, 7030, 0, 70);
insert into CTYCBaoGia (MaNCC, MaSP, SLSeMua, GiaDaBao, MaYCBaoGia) values ('Way', 46, 3290, 0, 87);
insert into CTYCBaoGia (MaNCC, MaSP, SLSeMua, GiaDaBao, MaYCBaoGia) values ('Center', 7, 1120, 0, 45);
insert into CTYCBaoGia (MaNCC, MaSP, SLSeMua, GiaDaBao, MaYCBaoGia) values ('Way', 51, 2290, 0, 93);
insert into CTYCBaoGia (MaNCC, MaSP, SLSeMua, GiaDaBao, MaYCBaoGia) values ('Alley', 68, 2470, 0, 18);
insert into CTYCBaoGia (MaNCC, MaSP, SLSeMua, GiaDaBao, MaYCBaoGia) values ('Road', 37, 520, 61300000, 92);
insert into CTYCBaoGia (MaNCC, MaSP, SLSeMua, GiaDaBao, MaYCBaoGia) values ('Way', 99, 9470, 0, 33);
insert into CTYCBaoGia (MaNCC, MaSP, SLSeMua, GiaDaBao, MaYCBaoGia) values ('Point', 40, 7750, 23200000, 43);
insert into CTYCBaoGia (MaNCC, MaSP, SLSeMua, GiaDaBao, MaYCBaoGia) values ('Drive', 92, 8770, 0, 33);
insert into CTYCBaoGia (MaNCC, MaSP, SLSeMua, GiaDaBao, MaYCBaoGia) values ('Trail', 73, 5500, 0, 51);
insert into CTYCBaoGia (MaNCC, MaSP, SLSeMua, GiaDaBao, MaYCBaoGia) values ('Plaza', 15, 8490, 0, 36);
insert into CTYCBaoGia (MaNCC, MaSP, SLSeMua, GiaDaBao, MaYCBaoGia) values ('Pass', 23, 280, 0, 43);
insert into CTYCBaoGia (MaNCC, MaSP, SLSeMua, GiaDaBao, MaYCBaoGia) values ('Circle', 34, 2250, 71500000, 22);
insert into CTYCBaoGia (MaNCC, MaSP, SLSeMua, GiaDaBao, MaYCBaoGia) values ('Alley', 96, 2380, 0, 100);
insert into CTYCBaoGia (MaNCC, MaSP, SLSeMua, GiaDaBao, MaYCBaoGia) values ('Alley', 73, 9250, 0, 54);
insert into CTYCBaoGia (MaNCC, MaSP, SLSeMua, GiaDaBao, MaYCBaoGia) values ('Crossing', 44, 2300, 27400000, 96);
insert into CTYCBaoGia (MaNCC, MaSP, SLSeMua, GiaDaBao, MaYCBaoGia) values ('Way', 21, 610, 80600000, 90);
insert into CTYCBaoGia (MaNCC, MaSP, SLSeMua, GiaDaBao, MaYCBaoGia) values ('Road', 63, 3130, 0, 28);
insert into CTYCBaoGia (MaNCC, MaSP, SLSeMua, GiaDaBao, MaYCBaoGia) values ('Road', 37, 2320, 0, 4);
insert into CTYCBaoGia (MaNCC, MaSP, SLSeMua, GiaDaBao, MaYCBaoGia) values ('Hill', 7, 2810, 0, 32);
insert into CTYCBaoGia (MaNCC, MaSP, SLSeMua, GiaDaBao, MaYCBaoGia) values ('Drive', 70, 9440, 0, 54);
insert into CTYCBaoGia (MaNCC, MaSP, SLSeMua, GiaDaBao, MaYCBaoGia) values ('Lane', 43, 6700, 0, 89);
insert into CTYCBaoGia (MaNCC, MaSP, SLSeMua, GiaDaBao, MaYCBaoGia) values ('Point', 71, 3980, 0, 69);
insert into CTYCBaoGia (MaNCC, MaSP, SLSeMua, GiaDaBao, MaYCBaoGia) values ('Street', 50, 4380, 0, 76);
insert into CTYCBaoGia (MaNCC, MaSP, SLSeMua, GiaDaBao, MaYCBaoGia) values ('Alley', 60, 9560, 0, 98);
insert into CTYCBaoGia (MaNCC, MaSP, SLSeMua, GiaDaBao, MaYCBaoGia) values ('Drive', 84, 7810, 0, 8);
insert into CTYCBaoGia (MaNCC, MaSP, SLSeMua, GiaDaBao, MaYCBaoGia) values ('Terrace', 67, 1660, 0, 32);
insert into CTYCBaoGia (MaNCC, MaSP, SLSeMua, GiaDaBao, MaYCBaoGia) values ('Drive', 51, 8390, 0, 56);
insert into CTYCBaoGia (MaNCC, MaSP, SLSeMua, GiaDaBao, MaYCBaoGia) values ('Drive', 51, 4080, 0, 36);
insert into CTYCBaoGia (MaNCC, MaSP, SLSeMua, GiaDaBao, MaYCBaoGia) values ('Hill', 77, 5750, 0, 9);
insert into CTYCBaoGia (MaNCC, MaSP, SLSeMua, GiaDaBao, MaYCBaoGia) values ('Drive', 65, 6960, 0, 97);
insert into CTYCBaoGia (MaNCC, MaSP, SLSeMua, GiaDaBao, MaYCBaoGia) values ('Way', 46, 10000, 0, 20);
insert into CTYCBaoGia (MaNCC, MaSP, SLSeMua, GiaDaBao, MaYCBaoGia) values ('Court', 41, 3020, 85700000, 84);
insert into CTYCBaoGia (MaNCC, MaSP, SLSeMua, GiaDaBao, MaYCBaoGia) values ('Avenue', 61, 7790, 25900000, 67);
insert into CTYCBaoGia (MaNCC, MaSP, SLSeMua, GiaDaBao, MaYCBaoGia) values ('Center', 55, 130, 0, 47);
insert into CTYCBaoGia (MaNCC, MaSP, SLSeMua, GiaDaBao, MaYCBaoGia) values ('Road', 43, 8220, 0, 18);
insert into CTYCBaoGia (MaNCC, MaSP, SLSeMua, GiaDaBao, MaYCBaoGia) values ('Point', 7, 5250, 0, 92);
insert into CTYCBaoGia (MaNCC, MaSP, SLSeMua, GiaDaBao, MaYCBaoGia) values ('Drive', 100, 200, 92300000, 48);
insert into CTYCBaoGia (MaNCC, MaSP, SLSeMua, GiaDaBao, MaYCBaoGia) values ('Center', 64, 7480, 0, 65);
insert into CTYCBaoGia (MaNCC, MaSP, SLSeMua, GiaDaBao, MaYCBaoGia) values ('Circle', 46, 1670, 0, 49);
insert into CTYCBaoGia (MaNCC, MaSP, SLSeMua, GiaDaBao, MaYCBaoGia) values ('Circle', 31, 6670, 0, 22);
insert into CTYCBaoGia (MaNCC, MaSP, SLSeMua, GiaDaBao, MaYCBaoGia) values ('Way', 46, 8560, 0, 59);
insert into CTYCBaoGia (MaNCC, MaSP, SLSeMua, GiaDaBao, MaYCBaoGia) values ('Avenue', 57, 150, 0, 75);
insert into CTYCBaoGia (MaNCC, MaSP, SLSeMua, GiaDaBao, MaYCBaoGia) values ('Crossing', 28, 5250, 0, 21);
insert into CTYCBaoGia (MaNCC, MaSP, SLSeMua, GiaDaBao, MaYCBaoGia) values ('Place', 98, 1130, 0, 3);
insert into CTYCBaoGia (MaNCC, MaSP, SLSeMua, GiaDaBao, MaYCBaoGia) values ('Center', 3, 1350, 0, 96);
insert into CTYCBaoGia (MaNCC, MaSP, SLSeMua, GiaDaBao, MaYCBaoGia) values ('Point', 66, 9600, 0, 11);
insert into CTYCBaoGia (MaNCC, MaSP, SLSeMua, GiaDaBao, MaYCBaoGia) values ('Hill', 65, 1810, 53800000, 45);
insert into CTYCBaoGia (MaNCC, MaSP, SLSeMua, GiaDaBao, MaYCBaoGia) values ('Plaza', 72, 8860, 0, 2);
insert into CTYCBaoGia (MaNCC, MaSP, SLSeMua, GiaDaBao, MaYCBaoGia) values ('Hill', 77, 970, 0, 39);
insert into CTYCBaoGia (MaNCC, MaSP, SLSeMua, GiaDaBao, MaYCBaoGia) values ('Court', 41, 2810, 0, 83);
insert into CTYCBaoGia (MaNCC, MaSP, SLSeMua, GiaDaBao, MaYCBaoGia) values ('Hill', 65, 1130, 0, 55);
insert into CTYCBaoGia (MaNCC, MaSP, SLSeMua, GiaDaBao, MaYCBaoGia) values ('Road', 43, 6820, 0, 37);
insert into CTYCBaoGia (MaNCC, MaSP, SLSeMua, GiaDaBao, MaYCBaoGia) values ('Place', 65, 5790, 0, 19);
insert into CTYCBaoGia (MaNCC, MaSP, SLSeMua, GiaDaBao, MaYCBaoGia) values ('Street', 24, 9780, 0, 47);
insert into CTYCBaoGia (MaNCC, MaSP, SLSeMua, GiaDaBao, MaYCBaoGia) values ('Court', 40, 4570, 97300000, 80);
insert into CTYCBaoGia (MaNCC, MaSP, SLSeMua, GiaDaBao, MaYCBaoGia) values ('Alley', 60, 1400, 0, 61);
insert into CTYCBaoGia (MaNCC, MaSP, SLSeMua, GiaDaBao, MaYCBaoGia) values ('Lane', 48, 6070, 0, 88);
insert into CTYCBaoGia (MaNCC, MaSP, SLSeMua, GiaDaBao, MaYCBaoGia) values ('Place', 98, 9390, 0, 54);
insert into CTYCBaoGia (MaNCC, MaSP, SLSeMua, GiaDaBao, MaYCBaoGia) values ('Way', 99, 8010, 0, 56);
insert into CTYCBaoGia (MaNCC, MaSP, SLSeMua, GiaDaBao, MaYCBaoGia) values ('Park', 96, 530, 0, 4);
insert into CTYCBaoGia (MaNCC, MaSP, SLSeMua, GiaDaBao, MaYCBaoGia) values ('Center', 7, 1830, 0, 37);
insert into CTYCBaoGia (MaNCC, MaSP, SLSeMua, GiaDaBao, MaYCBaoGia) values ('Park', 37, 950, 0, 58);
insert into CTYCBaoGia (MaNCC, MaSP, SLSeMua, GiaDaBao, MaYCBaoGia) values ('Drive', 44, 2690, 0, 75);
insert into CTYCBaoGia (MaNCC, MaSP, SLSeMua, GiaDaBao, MaYCBaoGia) values ('Center', 95, 5530, 0, 46);
insert into CTYCBaoGia (MaNCC, MaSP, SLSeMua, GiaDaBao, MaYCBaoGia) values ('Lane', 46, 3310, 0, 22);
insert into CTYCBaoGia (MaNCC, MaSP, SLSeMua, GiaDaBao, MaYCBaoGia) values ('Point', 7, 9970, 0, 30);
insert into CTYCBaoGia (MaNCC, MaSP, SLSeMua, GiaDaBao, MaYCBaoGia) values ('Lane', 24, 2070, 0, 53);
insert into CTYCBaoGia (MaNCC, MaSP, SLSeMua, GiaDaBao, MaYCBaoGia) values ('Point', 40, 4230, 0, 50);
insert into CTYCBaoGia (MaNCC, MaSP, SLSeMua, GiaDaBao, MaYCBaoGia) values ('Place', 3, 2000, 8500000, 52);
insert into CTYCBaoGia (MaNCC, MaSP, SLSeMua, GiaDaBao, MaYCBaoGia) values ('Road', 32, 590, 80000000, 61);
insert into CTYCBaoGia (MaNCC, MaSP, SLSeMua, GiaDaBao, MaYCBaoGia) values ('Avenue', 57, 9760, 0, 78);
insert into CTYCBaoGia (MaNCC, MaSP, SLSeMua, GiaDaBao, MaYCBaoGia) values ('Crossing', 67, 8170, 0, 74);
insert into CTYCBaoGia (MaNCC, MaSP, SLSeMua, GiaDaBao, MaYCBaoGia) values ('Drive', 74, 420, 0, 5);
insert into CTYCBaoGia (MaNCC, MaSP, SLSeMua, GiaDaBao, MaYCBaoGia) values ('Avenue', 57, 5260, 0, 41);
insert into CTYCBaoGia (MaNCC, MaSP, SLSeMua, GiaDaBao, MaYCBaoGia) values ('Place', 14, 8430, 0, 53);
insert into CTYCBaoGia (MaNCC, MaSP, SLSeMua, GiaDaBao, MaYCBaoGia) values ('Center', 64, 6890, 0, 89);
insert into CTYCBaoGia (MaNCC, MaSP, SLSeMua, GiaDaBao, MaYCBaoGia) values ('Drive', 70, 4990, 0, 89);
insert into CTYCBaoGia (MaNCC, MaSP, SLSeMua, GiaDaBao, MaYCBaoGia) values ('Drive', 29, 6830, 0, 88);
insert into CTYCBaoGia (MaNCC, MaSP, SLSeMua, GiaDaBao, MaYCBaoGia) values ('Place', 55, 1440, 0, 73);
insert into CTYCBaoGia (MaNCC, MaSP, SLSeMua, GiaDaBao, MaYCBaoGia) values ('Place', 98, 8100, 0, 23);
insert into CTYCBaoGia (MaNCC, MaSP, SLSeMua, GiaDaBao, MaYCBaoGia) values ('Drive', 4, 5790, 0, 80);
insert into CTYCBaoGia (MaNCC, MaSP, SLSeMua, GiaDaBao, MaYCBaoGia) values ('Crossing', 93, 860, 48900000, 66);
insert into CTYCBaoGia (MaNCC, MaSP, SLSeMua, GiaDaBao, MaYCBaoGia) values ('Park', 37, 9840, 0, 100);
insert into CTYCBaoGia (MaNCC, MaSP, SLSeMua, GiaDaBao, MaYCBaoGia) values ('Hill', 48, 6440, 0, 92);
insert into CTYCBaoGia (MaNCC, MaSP, SLSeMua, GiaDaBao, MaYCBaoGia) values ('Alley', 2, 5590, 0, 91);
insert into CTYCBaoGia (MaNCC, MaSP, SLSeMua, GiaDaBao, MaYCBaoGia) values ('Pass', 8, 970, 0, 35);
insert into CTYCBaoGia (MaNCC, MaSP, SLSeMua, GiaDaBao, MaYCBaoGia) values ('Center', 7, 6730, 0, 25);
insert into CTYCBaoGia (MaNCC, MaSP, SLSeMua, GiaDaBao, MaYCBaoGia) values ('Lane', 46, 260, 0, 76);
insert into CTYCBaoGia (MaNCC, MaSP, SLSeMua, GiaDaBao, MaYCBaoGia) values ('Trail', 14, 7960, 0, 34);
insert into CTYCBaoGia (MaNCC, MaSP, SLSeMua, GiaDaBao, MaYCBaoGia) values ('Pass', 8, 4150, 0, 13);
insert into CTYCBaoGia (MaNCC, MaSP, SLSeMua, GiaDaBao, MaYCBaoGia) values ('Pass', 6, 9990, 0, 88);
insert into CTYCBaoGia (MaNCC, MaSP, SLSeMua, GiaDaBao, MaYCBaoGia) values ('Alley', 11, 5000, 0, 74);
insert into CTYCBaoGia (MaNCC, MaSP, SLSeMua, GiaDaBao, MaYCBaoGia) values ('Drive', 1, 3190, 0, 98);
insert into CTYCBaoGia (MaNCC, MaSP, SLSeMua, GiaDaBao, MaYCBaoGia) values ('Center', 64, 1140, 97000000, 46);
insert into CTYCBaoGia (MaNCC, MaSP, SLSeMua, GiaDaBao, MaYCBaoGia) values ('Crossing', 24, 3050, 0, 28);
insert into CTYCBaoGia (MaNCC, MaSP, SLSeMua, GiaDaBao, MaYCBaoGia) values ('Way', 42, 6290, 0, 76);
insert into CTYCBaoGia (MaNCC, MaSP, SLSeMua, GiaDaBao, MaYCBaoGia) values ('Avenue', 57, 8570, 0, 1);
insert into CTYCBaoGia (MaNCC, MaSP, SLSeMua, GiaDaBao, MaYCBaoGia) values ('Avenue', 74, 9800, 0, 4);
insert into CTYCBaoGia (MaNCC, MaSP, SLSeMua, GiaDaBao, MaYCBaoGia) values ('Street', 38, 9830, 0, 82);
insert into CTYCBaoGia (MaNCC, MaSP, SLSeMua, GiaDaBao, MaYCBaoGia) values ('Hill', 76, 9500, 0, 34);
insert into CTYCBaoGia (MaNCC, MaSP, SLSeMua, GiaDaBao, MaYCBaoGia) values ('Way', 48, 3350, 8800000, 35);
insert into CTYCBaoGia (MaNCC, MaSP, SLSeMua, GiaDaBao, MaYCBaoGia) values ('Lane', 62, 4670, 0, 27);
insert into CTYCBaoGia (MaNCC, MaSP, SLSeMua, GiaDaBao, MaYCBaoGia) values ('Avenue', 30, 260, 86400000, 10);
insert into CTYCBaoGia (MaNCC, MaSP, SLSeMua, GiaDaBao, MaYCBaoGia) values ('Place', 46, 8560, 0, 91);
insert into CTYCBaoGia (MaNCC, MaSP, SLSeMua, GiaDaBao, MaYCBaoGia) values ('Alley', 2, 4410, 0, 100);
insert into CTYCBaoGia (MaNCC, MaSP, SLSeMua, GiaDaBao, MaYCBaoGia) values ('Drive', 87, 2740, 0, 74);
insert into CTYCBaoGia (MaNCC, MaSP, SLSeMua, GiaDaBao, MaYCBaoGia) values ('Center', 65, 5190, 0, 5);
insert into CTYCBaoGia (MaNCC, MaSP, SLSeMua, GiaDaBao, MaYCBaoGia) values ('Avenue', 57, 5420, 0, 96);
insert into CTYCBaoGia (MaNCC, MaSP, SLSeMua, GiaDaBao, MaYCBaoGia) values ('Center', 79, 4020, 0, 24);
insert into CTYCBaoGia (MaNCC, MaSP, SLSeMua, GiaDaBao, MaYCBaoGia) values ('Place', 3, 5030, 0, 90);
insert into CTYCBaoGia (MaNCC, MaSP, SLSeMua, GiaDaBao, MaYCBaoGia) values ('Court', 75, 7540, 0, 56);
insert into CTYCBaoGia (MaNCC, MaSP, SLSeMua, GiaDaBao, MaYCBaoGia) values ('Park', 96, 4060, 0, 77);
insert into CTYCBaoGia (MaNCC, MaSP, SLSeMua, GiaDaBao, MaYCBaoGia) values ('Crossing', 72, 7770, 0, 78);
insert into CTYCBaoGia (MaNCC, MaSP, SLSeMua, GiaDaBao, MaYCBaoGia) values ('Pass', 23, 3740, 0, 22);
insert into CTYCBaoGia (MaNCC, MaSP, SLSeMua, GiaDaBao, MaYCBaoGia) values ('Court', 41, 8850, 0, 57);
insert into CTYCBaoGia (MaNCC, MaSP, SLSeMua, GiaDaBao, MaYCBaoGia) values ('Center', 8, 4800, 0, 54);
insert into CTYCBaoGia (MaNCC, MaSP, SLSeMua, GiaDaBao, MaYCBaoGia) values ('Center', 79, 2840, 0, 6);
insert into CTYCBaoGia (MaNCC, MaSP, SLSeMua, GiaDaBao, MaYCBaoGia) values ('Plaza', 81, 4510, 0, 100);
insert into CTYCBaoGia (MaNCC, MaSP, SLSeMua, GiaDaBao, MaYCBaoGia) values ('Alley', 94, 8340, 0, 89);
insert into CTYCBaoGia (MaNCC, MaSP, SLSeMua, GiaDaBao, MaYCBaoGia) values ('Pass', 71, 1040, 0, 71);
insert into CTYCBaoGia (MaNCC, MaSP, SLSeMua, GiaDaBao, MaYCBaoGia) values ('Plaza', 59, 4410, 0, 74);
insert into CTYCBaoGia (MaNCC, MaSP, SLSeMua, GiaDaBao, MaYCBaoGia) values ('Junction', 64, 5010, 0, 53);
insert into CTYCBaoGia (MaNCC, MaSP, SLSeMua, GiaDaBao, MaYCBaoGia) values ('Lane', 46, 1700, 0, 77);
insert into CTYCBaoGia (MaNCC, MaSP, SLSeMua, GiaDaBao, MaYCBaoGia) values ('Road', 2, 3280, 46600000, 31);
insert into CTYCBaoGia (MaNCC, MaSP, SLSeMua, GiaDaBao, MaYCBaoGia) values ('Junction', 54, 5590, 0, 96);
insert into CTYCBaoGia (MaNCC, MaSP, SLSeMua, GiaDaBao, MaYCBaoGia) values ('Place', 14, 9590, 97400000, 64);
insert into CTYCBaoGia (MaNCC, MaSP, SLSeMua, GiaDaBao, MaYCBaoGia) values ('Center', 3, 1140, 0, 66);
insert into CTYCBaoGia (MaNCC, MaSP, SLSeMua, GiaDaBao, MaYCBaoGia) values ('Road', 35, 6700, 0, 92);
insert into CTYCBaoGia (MaNCC, MaSP, SLSeMua, GiaDaBao, MaYCBaoGia) values ('Road', 2, 8300, 0, 26);
insert into CTYCBaoGia (MaNCC, MaSP, SLSeMua, GiaDaBao, MaYCBaoGia) values ('Street', 23, 3070, 0, 78);
insert into CTYCBaoGia (MaNCC, MaSP, SLSeMua, GiaDaBao, MaYCBaoGia) values ('Park', 7, 4470, 0, 52);
insert into CTYCBaoGia (MaNCC, MaSP, SLSeMua, GiaDaBao, MaYCBaoGia) values ('Pass', 71, 9520, 0, 80);
insert into CTYCBaoGia (MaNCC, MaSP, SLSeMua, GiaDaBao, MaYCBaoGia) values ('Drive', 70, 890, 0, 22);
insert into CTYCBaoGia (MaNCC, MaSP, SLSeMua, GiaDaBao, MaYCBaoGia) values ('Drive', 86, 1790, 0, 21);
insert into CTYCBaoGia (MaNCC, MaSP, SLSeMua, GiaDaBao, MaYCBaoGia) values ('Center', 64, 9810, 0, 36);
insert into CTYCBaoGia (MaNCC, MaSP, SLSeMua, GiaDaBao, MaYCBaoGia) values ('Center', 64, 7310, 0, 25);
insert into CTYCBaoGia (MaNCC, MaSP, SLSeMua, GiaDaBao, MaYCBaoGia) values ('Road', 35, 6440, 0, 53);
insert into CTYCBaoGia (MaNCC, MaSP, SLSeMua, GiaDaBao, MaYCBaoGia) values ('Park', 96, 5830, 0, 4);
insert into CTYCBaoGia (MaNCC, MaSP, SLSeMua, GiaDaBao, MaYCBaoGia) values ('Plaza', 81, 5150, 0, 45);
insert into CTYCBaoGia (MaNCC, MaSP, SLSeMua, GiaDaBao, MaYCBaoGia) values ('Lane', 24, 310, 0, 48);
insert into CTYCBaoGia (MaNCC, MaSP, SLSeMua, GiaDaBao, MaYCBaoGia) values ('Lane', 77, 4060, 0, 91);
insert into CTYCBaoGia (MaNCC, MaSP, SLSeMua, GiaDaBao, MaYCBaoGia) values ('Plaza', 81, 5840, 0, 92);
insert into CTYCBaoGia (MaNCC, MaSP, SLSeMua, GiaDaBao, MaYCBaoGia) values ('Crossing', 44, 4160, 7400000, 20);
insert into CTYCBaoGia (MaNCC, MaSP, SLSeMua, GiaDaBao, MaYCBaoGia) values ('Lane', 46, 5190, 0, 42);
insert into CTYCBaoGia (MaNCC, MaSP, SLSeMua, GiaDaBao, MaYCBaoGia) values ('Court', 41, 4050, 0, 77);
insert into CTYCBaoGia (MaNCC, MaSP, SLSeMua, GiaDaBao, MaYCBaoGia) values ('Center', 31, 590, 0, 46);
insert into CTYCBaoGia (MaNCC, MaSP, SLSeMua, GiaDaBao, MaYCBaoGia) values ('Drive', 29, 8480, 0, 83);
insert into CTYCBaoGia (MaNCC, MaSP, SLSeMua, GiaDaBao, MaYCBaoGia) values ('Road', 2, 6310, 0, 38);
insert into CTYCBaoGia (MaNCC, MaSP, SLSeMua, GiaDaBao, MaYCBaoGia) values ('Center', 14, 3360, 0, 94);
insert into CTYCBaoGia (MaNCC, MaSP, SLSeMua, GiaDaBao, MaYCBaoGia) values ('Drive', 1, 8690, 0, 54);
insert into CTYCBaoGia (MaNCC, MaSP, SLSeMua, GiaDaBao, MaYCBaoGia) values ('Pass', 8, 3720, 0, 83);
insert into CTYCBaoGia (MaNCC, MaSP, SLSeMua, GiaDaBao, MaYCBaoGia) values ('Drive', 75, 5890, 0, 71);
insert into CTYCBaoGia (MaNCC, MaSP, SLSeMua, GiaDaBao, MaYCBaoGia) values ('Drive', 4, 2380, 0, 28);
insert into CTYCBaoGia (MaNCC, MaSP, SLSeMua, GiaDaBao, MaYCBaoGia) values ('Lane', 32, 8240, 0, 18);
insert into CTYCBaoGia (MaNCC, MaSP, SLSeMua, GiaDaBao, MaYCBaoGia) values ('Place', 65, 1260, 0, 38);
insert into CTYCBaoGia (MaNCC, MaSP, SLSeMua, GiaDaBao, MaYCBaoGia) values ('Center', 83, 3780, 0, 88);
insert into CTYCBaoGia (MaNCC, MaSP, SLSeMua, GiaDaBao, MaYCBaoGia) values ('Terrace', 67, 150, 0, 23);
insert into CTYCBaoGia (MaNCC, MaSP, SLSeMua, GiaDaBao, MaYCBaoGia) values ('Pass', 6, 8550, 0, 15);
insert into CTYCBaoGia (MaNCC, MaSP, SLSeMua, GiaDaBao, MaYCBaoGia) values ('Place', 98, 8840, 0, 98);
insert into CTYCBaoGia (MaNCC, MaSP, SLSeMua, GiaDaBao, MaYCBaoGia) values ('Road', 29, 8640, 5400000, 38);
insert into CTYCBaoGia (MaNCC, MaSP, SLSeMua, GiaDaBao, MaYCBaoGia) values ('Avenue', 76, 740, 0, 39);
insert into CTYCBaoGia (MaNCC, MaSP, SLSeMua, GiaDaBao, MaYCBaoGia) values ('Plaza', 96, 3040, 50000000, 5);
insert into CTYCBaoGia (MaNCC, MaSP, SLSeMua, GiaDaBao, MaYCBaoGia) values ('Road', 32, 4370, 97200000, 41);
insert into CTYCBaoGia (MaNCC, MaSP, SLSeMua, GiaDaBao, MaYCBaoGia) values ('Road', 7, 7260, 48200000, 50);
insert into CTYCBaoGia (MaNCC, MaSP, SLSeMua, GiaDaBao, MaYCBaoGia) values ('Avenue', 10, 3570, 0, 55);
insert into CTYCBaoGia (MaNCC, MaSP, SLSeMua, GiaDaBao, MaYCBaoGia) values ('Road', 46, 7390, 0, 53);
insert into CTYCBaoGia (MaNCC, MaSP, SLSeMua, GiaDaBao, MaYCBaoGia) values ('Lane', 43, 1410, 0, 23);
insert into CTYCBaoGia (MaNCC, MaSP, SLSeMua, GiaDaBao, MaYCBaoGia) values ('Junction', 69, 250, 0, 99);
insert into CTYCBaoGia (MaNCC, MaSP, SLSeMua, GiaDaBao, MaYCBaoGia) values ('Junction', 64, 6910, 0, 55);
insert into CTYCBaoGia (MaNCC, MaSP, SLSeMua, GiaDaBao, MaYCBaoGia) values ('Drive', 4, 8400, 79000000, 13);
insert into CTYCBaoGia (MaNCC, MaSP, SLSeMua, GiaDaBao, MaYCBaoGia) values ('Drive', 51, 8160, 0, 3);
insert into CTYCBaoGia (MaNCC, MaSP, SLSeMua, GiaDaBao, MaYCBaoGia) values ('Park', 96, 6230, 0, 22);
insert into CTYCBaoGia (MaNCC, MaSP, SLSeMua, GiaDaBao, MaYCBaoGia) values ('Drive', 31, 9150, 0, 50);
insert into CTYCBaoGia (MaNCC, MaSP, SLSeMua, GiaDaBao, MaYCBaoGia) values ('Center', 79, 6130, 0, 52);
insert into CTYCBaoGia (MaNCC, MaSP, SLSeMua, GiaDaBao, MaYCBaoGia) values ('Road', 37, 9240, 0, 25);
insert into CTYCBaoGia (MaNCC, MaSP, SLSeMua, GiaDaBao, MaYCBaoGia) values ('Plaza', 72, 6750, 0, 44);
insert into CTYCBaoGia (MaNCC, MaSP, SLSeMua, GiaDaBao, MaYCBaoGia) values ('Point', 7, 9200, 0, 99);
insert into CTYCBaoGia (MaNCC, MaSP, SLSeMua, GiaDaBao, MaYCBaoGia) values ('Road', 63, 6000, 0, 48);
insert into CTYCBaoGia (MaNCC, MaSP, SLSeMua, GiaDaBao, MaYCBaoGia) values ('Hill', 10, 6150, 0, 48);
insert into CTYCBaoGia (MaNCC, MaSP, SLSeMua, GiaDaBao, MaYCBaoGia) values ('Center', 49, 8200, 90400000, 56);
insert into CTYCBaoGia (MaNCC, MaSP, SLSeMua, GiaDaBao, MaYCBaoGia) values ('Pass', 71, 3280, 0, 72);
insert into CTYCBaoGia (MaNCC, MaSP, SLSeMua, GiaDaBao, MaYCBaoGia) values ('Plaza', 96, 4850, 0, 76);
insert into CTYCBaoGia (MaNCC, MaSP, SLSeMua, GiaDaBao, MaYCBaoGia) values ('Street', 28, 780, 0, 9);
insert into CTYCBaoGia (MaNCC, MaSP, SLSeMua, GiaDaBao, MaYCBaoGia) values ('Way', 11, 8630, 9600000, 43);
insert into CTYCBaoGia (MaNCC, MaSP, SLSeMua, GiaDaBao, MaYCBaoGia) values ('Hill', 10, 6950, 0, 1);
insert into CTYCBaoGia (MaNCC, MaSP, SLSeMua, GiaDaBao, MaYCBaoGia) values ('Point', 71, 90, 83300000, 90);
insert into CTYCBaoGia (MaNCC, MaSP, SLSeMua, GiaDaBao, MaYCBaoGia) values ('Alley', 62, 5120, 0, 58);
insert into CTYCBaoGia (MaNCC, MaSP, SLSeMua, GiaDaBao, MaYCBaoGia) values ('Court', 40, 6460, 0, 29);
insert into CTYCBaoGia (MaNCC, MaSP, SLSeMua, GiaDaBao, MaYCBaoGia) values ('Point', 40, 3610, 19400000, 47);
insert into CTYCBaoGia (MaNCC, MaSP, SLSeMua, GiaDaBao, MaYCBaoGia) values ('Way', 46, 8540, 0, 13);
insert into CTYCBaoGia (MaNCC, MaSP, SLSeMua, GiaDaBao, MaYCBaoGia) values ('Avenue', 74, 100, 0, 58);
insert into CTYCBaoGia (MaNCC, MaSP, SLSeMua, GiaDaBao, MaYCBaoGia) values ('Alley', 11, 210, 63000000, 8);
insert into CTYCBaoGia (MaNCC, MaSP, SLSeMua, GiaDaBao, MaYCBaoGia) values ('Court', 40, 5670, 0, 46);
insert into CTYCBaoGia (MaNCC, MaSP, SLSeMua, GiaDaBao, MaYCBaoGia) values ('Junction', 69, 530, 62600000, 80);
insert into CTYCBaoGia (MaNCC, MaSP, SLSeMua, GiaDaBao, MaYCBaoGia) values ('Drive', 93, 1430, 0, 94);
insert into CTYCBaoGia (MaNCC, MaSP, SLSeMua, GiaDaBao, MaYCBaoGia) values ('Lane', 91, 5800, 18900000, 70);
insert into CTYCBaoGia (MaNCC, MaSP, SLSeMua, GiaDaBao, MaYCBaoGia) values ('Alley', 21, 1000, 0, 7);
insert into CTYCBaoGia (MaNCC, MaSP, SLSeMua, GiaDaBao, MaYCBaoGia) values ('Pass', 64, 2350, 3700000, 56);
insert into CTYCBaoGia (MaNCC, MaSP, SLSeMua, GiaDaBao, MaYCBaoGia) values ('Junction', 54, 2360, 0, 43);
insert into CTYCBaoGia (MaNCC, MaSP, SLSeMua, GiaDaBao, MaYCBaoGia) values ('Center', 22, 4130, 0, 52);
insert into CTYCBaoGia (MaNCC, MaSP, SLSeMua, GiaDaBao, MaYCBaoGia) values ('Drive', 4, 5400, 0, 82);
insert into CTYCBaoGia (MaNCC, MaSP, SLSeMua, GiaDaBao, MaYCBaoGia) values ('Street', 23, 2110, 0, 81);
insert into CTYCBaoGia (MaNCC, MaSP, SLSeMua, GiaDaBao, MaYCBaoGia) values ('Drive', 51, 8900, 0, 85);
insert into CTYCBaoGia (MaNCC, MaSP, SLSeMua, GiaDaBao, MaYCBaoGia) values ('Place', 46, 10000, 0, 9);
insert into CTYCBaoGia (MaNCC, MaSP, SLSeMua, GiaDaBao, MaYCBaoGia) values ('Drive', 93, 4520, 0, 58);
insert into CTYCBaoGia (MaNCC, MaSP, SLSeMua, GiaDaBao, MaYCBaoGia) values ('Pass', 26, 7860, 0, 19);
insert into CTYCBaoGia (MaNCC, MaSP, SLSeMua, GiaDaBao, MaYCBaoGia) values ('Junction', 76, 7850, 0, 81);
insert into CTYCBaoGia (MaNCC, MaSP, SLSeMua, GiaDaBao, MaYCBaoGia) values ('Pass', 23, 6320, 41800000, 83);
insert into CTYCBaoGia (MaNCC, MaSP, SLSeMua, GiaDaBao, MaYCBaoGia) values ('Avenue', 10, 7170, 0, 7);
insert into CTYCBaoGia (MaNCC, MaSP, SLSeMua, GiaDaBao, MaYCBaoGia) values ('Drive', 4, 5840, 0, 1);
insert into CTYCBaoGia (MaNCC, MaSP, SLSeMua, GiaDaBao, MaYCBaoGia) values ('Way', 99, 3720, 0, 78);
insert into CTYCBaoGia (MaNCC, MaSP, SLSeMua, GiaDaBao, MaYCBaoGia) values ('Point', 40, 3300, 0, 88);
insert into CTYCBaoGia (MaNCC, MaSP, SLSeMua, GiaDaBao, MaYCBaoGia) values ('Circle', 75, 5110, 0, 29);
insert into CTYCBaoGia (MaNCC, MaSP, SLSeMua, GiaDaBao, MaYCBaoGia) values ('Crossing', 83, 4070, 0, 4);
insert into CTYCBaoGia (MaNCC, MaSP, SLSeMua, GiaDaBao, MaYCBaoGia) values ('Lane', 89, 2960, 0, 67);
insert into CTYCBaoGia (MaNCC, MaSP, SLSeMua, GiaDaBao, MaYCBaoGia) values ('Lane', 43, 5130, 84000000, 69);
insert into CTYCBaoGia (MaNCC, MaSP, SLSeMua, GiaDaBao, MaYCBaoGia) values ('Place', 20, 5180, 0, 87);
insert into CTYCBaoGia (MaNCC, MaSP, SLSeMua, GiaDaBao, MaYCBaoGia) values ('Drive', 87, 3460, 0, 24);
insert into CTYCBaoGia (MaNCC, MaSP, SLSeMua, GiaDaBao, MaYCBaoGia) values ('Drive', 51, 40, 0, 47);
insert into CTYCBaoGia (MaNCC, MaSP, SLSeMua, GiaDaBao, MaYCBaoGia) values ('Avenue', 78, 7060, 0, 28);
insert into CTYCBaoGia (MaNCC, MaSP, SLSeMua, GiaDaBao, MaYCBaoGia) values ('Road', 32, 3170, 0, 90);
insert into CTYCBaoGia (MaNCC, MaSP, SLSeMua, GiaDaBao, MaYCBaoGia) values ('Drive', 87, 1380, 0, 37);
insert into CTYCBaoGia (MaNCC, MaSP, SLSeMua, GiaDaBao, MaYCBaoGia) values ('Road', 54, 6480, 75300000, 26);
insert into CTYCBaoGia (MaNCC, MaSP, SLSeMua, GiaDaBao, MaYCBaoGia) values ('Trail', 73, 4130, 0, 14);
insert into CTYCBaoGia (MaNCC, MaSP, SLSeMua, GiaDaBao, MaYCBaoGia) values ('Way', 42, 4990, 0, 4);
insert into CTYCBaoGia (MaNCC, MaSP, SLSeMua, GiaDaBao, MaYCBaoGia) values ('Drive', 100, 1220, 0, 78);
insert into CTYCBaoGia (MaNCC, MaSP, SLSeMua, GiaDaBao, MaYCBaoGia) values ('Junction', 96, 3480, 34800000, 38);
insert into CTYCBaoGia (MaNCC, MaSP, SLSeMua, GiaDaBao, MaYCBaoGia) values ('Road', 54, 3430, 0, 69);
insert into CTYCBaoGia (MaNCC, MaSP, SLSeMua, GiaDaBao, MaYCBaoGia) values ('Place', 65, 5410, 0, 52);
insert into CTYCBaoGia (MaNCC, MaSP, SLSeMua, GiaDaBao, MaYCBaoGia) values ('Plaza', 15, 3700, 0, 55);
insert into CTYCBaoGia (MaNCC, MaSP, SLSeMua, GiaDaBao, MaYCBaoGia) values ('Pass', 26, 9150, 0, 52);
insert into CTYCBaoGia (MaNCC, MaSP, SLSeMua, GiaDaBao, MaYCBaoGia) values ('Hill', 48, 6340, 0, 5);
insert into CTYCBaoGia (MaNCC, MaSP, SLSeMua, GiaDaBao, MaYCBaoGia) values ('Road', 43, 4820, 68600000, 68);
insert into CTYCBaoGia (MaNCC, MaSP, SLSeMua, GiaDaBao, MaYCBaoGia) values ('Place', 3, 9590, 0, 12);
insert into CTYCBaoGia (MaNCC, MaSP, SLSeMua, GiaDaBao, MaYCBaoGia) values ('Circle', 75, 7670, 0, 78);
insert into CTYCBaoGia (MaNCC, MaSP, SLSeMua, GiaDaBao, MaYCBaoGia) values ('Lane', 43, 5910, 0, 82);
insert into CTYCBaoGia (MaNCC, MaSP, SLSeMua, GiaDaBao, MaYCBaoGia) values ('Center', 55, 3650, 0, 11);
insert into CTYCBaoGia (MaNCC, MaSP, SLSeMua, GiaDaBao, MaYCBaoGia) values ('Lane', 32, 3540, 0, 65);
insert into CTYCBaoGia (MaNCC, MaSP, SLSeMua, GiaDaBao, MaYCBaoGia) values ('Hill', 70, 6920, 75900000, 21);
insert into CTYCBaoGia (MaNCC, MaSP, SLSeMua, GiaDaBao, MaYCBaoGia) values ('Place', 55, 3310, 0, 12);
insert into CTYCBaoGia (MaNCC, MaSP, SLSeMua, GiaDaBao, MaYCBaoGia) values ('Center', 31, 6640, 0, 87);
insert into CTYCBaoGia (MaNCC, MaSP, SLSeMua, GiaDaBao, MaYCBaoGia) values ('Court', 41, 9870, 0, 31);
insert into CTYCBaoGia (MaNCC, MaSP, SLSeMua, GiaDaBao, MaYCBaoGia) values ('Lane', 32, 5250, 0, 67);
insert into CTYCBaoGia (MaNCC, MaSP, SLSeMua, GiaDaBao, MaYCBaoGia) values ('Terrace', 55, 7840, 0, 65);
insert into CTYCBaoGia (MaNCC, MaSP, SLSeMua, GiaDaBao, MaYCBaoGia) values ('Hill', 7, 9310, 0, 77);
insert into CTYCBaoGia (MaNCC, MaSP, SLSeMua, GiaDaBao, MaYCBaoGia) values ('Alley', 60, 8730, 0, 39);
insert into CTYCBaoGia (MaNCC, MaSP, SLSeMua, GiaDaBao, MaYCBaoGia) values ('Drive', 66, 9210, 17500000, 23);
insert into CTYCBaoGia (MaNCC, MaSP, SLSeMua, GiaDaBao, MaYCBaoGia) values ('Way', 46, 1700, 0, 73);
insert into CTYCBaoGia (MaNCC, MaSP, SLSeMua, GiaDaBao, MaYCBaoGia) values ('Point', 7, 2940, 0, 48);
insert into CTYCBaoGia (MaNCC, MaSP, SLSeMua, GiaDaBao, MaYCBaoGia) values ('Place', 20, 8530, 0, 100);
insert into CTYCBaoGia (MaNCC, MaSP, SLSeMua, GiaDaBao, MaYCBaoGia) values ('Alley', 11, 9500, 0, 53);
insert into CTYCBaoGia (MaNCC, MaSP, SLSeMua, GiaDaBao, MaYCBaoGia) values ('Alley', 68, 7260, 0, 96);
insert into CTYCBaoGia (MaNCC, MaSP, SLSeMua, GiaDaBao, MaYCBaoGia) values ('Hill', 39, 9430, 0, 75);
insert into CTYCBaoGia (MaNCC, MaSP, SLSeMua, GiaDaBao, MaYCBaoGia) values ('Park', 67, 6230, 0, 47);
insert into CTYCBaoGia (MaNCC, MaSP, SLSeMua, GiaDaBao, MaYCBaoGia) values ('Lane', 46, 5620, 39000000, 24);
insert into CTYCBaoGia (MaNCC, MaSP, SLSeMua, GiaDaBao, MaYCBaoGia) values ('Court', 41, 720, 36400000, 27);
insert into CTYCBaoGia (MaNCC, MaSP, SLSeMua, GiaDaBao, MaYCBaoGia) values ('Place', 69, 9770, 0, 54);
insert into CTYCBaoGia (MaNCC, MaSP, SLSeMua, GiaDaBao, MaYCBaoGia) values ('Terrace', 93, 2850, 0, 100);
insert into CTYCBaoGia (MaNCC, MaSP, SLSeMua, GiaDaBao, MaYCBaoGia) values ('Center', 14, 4960, 0, 61);
insert into CTYCBaoGia (MaNCC, MaSP, SLSeMua, GiaDaBao, MaYCBaoGia) values ('Street', 28, 1240, 0, 70);
insert into CTYCBaoGia (MaNCC, MaSP, SLSeMua, GiaDaBao, MaYCBaoGia) values ('Alley', 21, 130, 0, 96);
insert into CTYCBaoGia (MaNCC, MaSP, SLSeMua, GiaDaBao, MaYCBaoGia) values ('Hill', 77, 90, 0, 76);
insert into CTYCBaoGia (MaNCC, MaSP, SLSeMua, GiaDaBao, MaYCBaoGia) values ('Crossing', 83, 650, 0, 23);
insert into CTYCBaoGia (MaNCC, MaSP, SLSeMua, GiaDaBao, MaYCBaoGia) values ('Circle', 46, 1160, 0, 68);
insert into CTYCBaoGia (MaNCC, MaSP, SLSeMua, GiaDaBao, MaYCBaoGia) values ('Drive', 74, 4690, 0, 4);
insert into CTYCBaoGia (MaNCC, MaSP, SLSeMua, GiaDaBao, MaYCBaoGia) values ('Point', 82, 7790, 69600000, 54);
insert into CTYCBaoGia (MaNCC, MaSP, SLSeMua, GiaDaBao, MaYCBaoGia) values ('Road', 82, 9860, 76400000, 52);
insert into CTYCBaoGia (MaNCC, MaSP, SLSeMua, GiaDaBao, MaYCBaoGia) values ('Plaza', 96, 9500, 2300000, 82);
insert into CTYCBaoGia (MaNCC, MaSP, SLSeMua, GiaDaBao, MaYCBaoGia) values ('Road', 6, 3040, 0, 86);
insert into CTYCBaoGia (MaNCC, MaSP, SLSeMua, GiaDaBao, MaYCBaoGia) values ('Way', 92, 9300, 0, 50);
insert into CTYCBaoGia (MaNCC, MaSP, SLSeMua, GiaDaBao, MaYCBaoGia) values ('Crossing', 67, 330, 0, 44);
insert into CTYCBaoGia (MaNCC, MaSP, SLSeMua, GiaDaBao, MaYCBaoGia) values ('Pass', 64, 4980, 56600000, 87);
insert into CTYCBaoGia (MaNCC, MaSP, SLSeMua, GiaDaBao, MaYCBaoGia) values ('Plaza', 15, 7250, 78800000, 89);
insert into CTYCBaoGia (MaNCC, MaSP, SLSeMua, GiaDaBao, MaYCBaoGia) values ('Place', 49, 1430, 29900000, 56);
insert into CTYCBaoGia (MaNCC, MaSP, SLSeMua, GiaDaBao, MaYCBaoGia) values ('Road', 54, 4000, 0, 49);
insert into CTYCBaoGia (MaNCC, MaSP, SLSeMua, GiaDaBao, MaYCBaoGia) values ('Road', 37, 6360, 40900000, 51);
insert into CTYCBaoGia (MaNCC, MaSP, SLSeMua, GiaDaBao, MaYCBaoGia) values ('Center', 49, 8180, 0, 58);
insert into CTYCBaoGia (MaNCC, MaSP, SLSeMua, GiaDaBao, MaYCBaoGia) values ('Center', 22, 8840, 0, 12);
insert into CTYCBaoGia (MaNCC, MaSP, SLSeMua, GiaDaBao, MaYCBaoGia) values ('Road', 32, 3160, 22500000, 95);
insert into CTYCBaoGia (MaNCC, MaSP, SLSeMua, GiaDaBao, MaYCBaoGia) values ('Drive', 29, 5030, 0, 85);
insert into CTYCBaoGia (MaNCC, MaSP, SLSeMua, GiaDaBao, MaYCBaoGia) values ('Pass', 68, 3580, 0, 69);
insert into CTYCBaoGia (MaNCC, MaSP, SLSeMua, GiaDaBao, MaYCBaoGia) values ('Place', 98, 9670, 0, 4);
insert into CTYCBaoGia (MaNCC, MaSP, SLSeMua, GiaDaBao, MaYCBaoGia) values ('Alley', 11, 4770, 0, 71);
insert into CTYCBaoGia (MaNCC, MaSP, SLSeMua, GiaDaBao, MaYCBaoGia) values ('Road', 2, 840, 0, 45);
insert into CTYCBaoGia (MaNCC, MaSP, SLSeMua, GiaDaBao, MaYCBaoGia) values ('Hill', 44, 7880, 7600000, 55);
insert into CTYCBaoGia (MaNCC, MaSP, SLSeMua, GiaDaBao, MaYCBaoGia) values ('Lane', 89, 1740, 0, 6);
insert into CTYCBaoGia (MaNCC, MaSP, SLSeMua, GiaDaBao, MaYCBaoGia) values ('Place', 98, 9110, 0, 18);
insert into CTYCBaoGia (MaNCC, MaSP, SLSeMua, GiaDaBao, MaYCBaoGia) values ('Place', 20, 3690, 0, 66);
insert into CTYCBaoGia (MaNCC, MaSP, SLSeMua, GiaDaBao, MaYCBaoGia) values ('Way', 97, 1310, 15900000, 8);
insert into CTYCBaoGia (MaNCC, MaSP, SLSeMua, GiaDaBao, MaYCBaoGia) values ('Way', 46, 8680, 80000000, 3);
insert into CTYCBaoGia (MaNCC, MaSP, SLSeMua, GiaDaBao, MaYCBaoGia) values ('Place', 49, 8060, 0, 39);
insert into CTYCBaoGia (MaNCC, MaSP, SLSeMua, GiaDaBao, MaYCBaoGia) values ('Hill', 48, 6220, 32900000, 40);
insert into CTYCBaoGia (MaNCC, MaSP, SLSeMua, GiaDaBao, MaYCBaoGia) values ('Point', 66, 9150, 0, 69);
insert into CTYCBaoGia (MaNCC, MaSP, SLSeMua, GiaDaBao, MaYCBaoGia) values ('Lane', 77, 4940, 0, 32);
insert into CTYCBaoGia (MaNCC, MaSP, SLSeMua, GiaDaBao, MaYCBaoGia) values ('Junction', 37, 4280, 0, 91);
insert into CTYCBaoGia (MaNCC, MaSP, SLSeMua, GiaDaBao, MaYCBaoGia) values ('Crossing', 96, 9010, 0, 31);
insert into CTYCBaoGia (MaNCC, MaSP, SLSeMua, GiaDaBao, MaYCBaoGia) values ('Road', 82, 2090, 0, 55);
insert into CTYCBaoGia (MaNCC, MaSP, SLSeMua, GiaDaBao, MaYCBaoGia) values ('Lane', 32, 3540, 0, 67);
insert into CTYCBaoGia (MaNCC, MaSP, SLSeMua, GiaDaBao, MaYCBaoGia) values ('Plaza', 72, 8810, 17900000, 59);
insert into CTYCBaoGia (MaNCC, MaSP, SLSeMua, GiaDaBao, MaYCBaoGia) values ('Pass', 87, 5690, 0, 34);
insert into CTYCBaoGia (MaNCC, MaSP, SLSeMua, GiaDaBao, MaYCBaoGia) values ('Lane', 48, 6750, 0, 45);
insert into CTYCBaoGia (MaNCC, MaSP, SLSeMua, GiaDaBao, MaYCBaoGia) values ('Drive', 93, 9850, 0, 62);
insert into CTYCBaoGia (MaNCC, MaSP, SLSeMua, GiaDaBao, MaYCBaoGia) values ('Drive', 86, 4710, 0, 95);
insert into CTYCBaoGia (MaNCC, MaSP, SLSeMua, GiaDaBao, MaYCBaoGia) values ('Point', 7, 8700, 0, 91);
insert into CTYCBaoGia (MaNCC, MaSP, SLSeMua, GiaDaBao, MaYCBaoGia) values ('Drive', 51, 4150, 0, 98);
insert into CTYCBaoGia (MaNCC, MaSP, SLSeMua, GiaDaBao, MaYCBaoGia) values ('Drive', 100, 9110, 0, 69);
insert into CTYCBaoGia (MaNCC, MaSP, SLSeMua, GiaDaBao, MaYCBaoGia) values ('Center', 49, 5770, 80400000, 86);
insert into CTYCBaoGia (MaNCC, MaSP, SLSeMua, GiaDaBao, MaYCBaoGia) values ('Circle', 30, 7470, 0, 32);
insert into CTYCBaoGia (MaNCC, MaSP, SLSeMua, GiaDaBao, MaYCBaoGia) values ('Hill', 34, 3230, 0, 89);
insert into CTYCBaoGia (MaNCC, MaSP, SLSeMua, GiaDaBao, MaYCBaoGia) values ('Avenue', 78, 9000, 0, 89);
insert into CTYCBaoGia (MaNCC, MaSP, SLSeMua, GiaDaBao, MaYCBaoGia) values ('Circle', 34, 9080, 0, 83);
insert into CTYCBaoGia (MaNCC, MaSP, SLSeMua, GiaDaBao, MaYCBaoGia) values ('Way', 97, 4940, 0, 69);
insert into CTYCBaoGia (MaNCC, MaSP, SLSeMua, GiaDaBao, MaYCBaoGia) values ('Point', 8, 2360, 0, 90);
insert into CTYCBaoGia (MaNCC, MaSP, SLSeMua, GiaDaBao, MaYCBaoGia) values ('Road', 6, 1440, 0, 30);
insert into CTYCBaoGia (MaNCC, MaSP, SLSeMua, GiaDaBao, MaYCBaoGia) values ('Center', 8, 3430, 56300000, 30);
insert into CTYCBaoGia (MaNCC, MaSP, SLSeMua, GiaDaBao, MaYCBaoGia) values ('Pass', 73, 5730, 0, 70);
insert into CTYCBaoGia (MaNCC, MaSP, SLSeMua, GiaDaBao, MaYCBaoGia) values ('Alley', 63, 4310, 0, 32);
insert into CTYCBaoGia (MaNCC, MaSP, SLSeMua, GiaDaBao, MaYCBaoGia) values ('Avenue', 76, 6730, 0, 68);
insert into CTYCBaoGia (MaNCC, MaSP, SLSeMua, GiaDaBao, MaYCBaoGia) values ('Pass', 75, 1380, 0, 63);
insert into CTYCBaoGia (MaNCC, MaSP, SLSeMua, GiaDaBao, MaYCBaoGia) values ('Junction', 54, 4290, 0, 47);
insert into CTYCBaoGia (MaNCC, MaSP, SLSeMua, GiaDaBao, MaYCBaoGia) values ('Drive', 93, 1520, 0, 56);
insert into CTYCBaoGia (MaNCC, MaSP, SLSeMua, GiaDaBao, MaYCBaoGia) values ('Alley', 60, 2990, 74700000, 48);
insert into CTYCBaoGia (MaNCC, MaSP, SLSeMua, GiaDaBao, MaYCBaoGia) values ('Junction', 54, 320, 0, 96);
insert into CTYCBaoGia (MaNCC, MaSP, SLSeMua, GiaDaBao, MaYCBaoGia) values ('Park', 96, 8160, 41100000, 96);
insert into CTYCBaoGia (MaNCC, MaSP, SLSeMua, GiaDaBao, MaYCBaoGia) values ('Alley', 63, 200, 0, 16);
insert into CTYCBaoGia (MaNCC, MaSP, SLSeMua, GiaDaBao, MaYCBaoGia) values ('Park', 7, 3700, 0, 86);
insert into CTYCBaoGia (MaNCC, MaSP, SLSeMua, GiaDaBao, MaYCBaoGia) values ('Plaza', 96, 1190, 57000000, 89);
insert into CTYCBaoGia (MaNCC, MaSP, SLSeMua, GiaDaBao, MaYCBaoGia) values ('Avenue', 30, 4390, 0, 83);
insert into CTYCBaoGia (MaNCC, MaSP, SLSeMua, GiaDaBao, MaYCBaoGia) values ('Center', 63, 1810, 0, 98);
insert into CTYCBaoGia (MaNCC, MaSP, SLSeMua, GiaDaBao, MaYCBaoGia) values ('Point', 79, 1390, 36400000, 42);
insert into CTYCBaoGia (MaNCC, MaSP, SLSeMua, GiaDaBao, MaYCBaoGia) values ('Alley', 62, 2280, 0, 4);
insert into CTYCBaoGia (MaNCC, MaSP, SLSeMua, GiaDaBao, MaYCBaoGia) values ('Plaza', 81, 1090, 26800000, 88);
insert into CTYCBaoGia (MaNCC, MaSP, SLSeMua, GiaDaBao, MaYCBaoGia) values ('Drive', 4, 5710, 0, 52);
insert into CTYCBaoGia (MaNCC, MaSP, SLSeMua, GiaDaBao, MaYCBaoGia) values ('Alley', 2, 4720, 0, 27);
insert into CTYCBaoGia (MaNCC, MaSP, SLSeMua, GiaDaBao, MaYCBaoGia) values ('Road', 7, 4980, 0, 54);
insert into CTYCBaoGia (MaNCC, MaSP, SLSeMua, GiaDaBao, MaYCBaoGia) values ('Center', 7, 8850, 0, 59);
insert into CTYCBaoGia (MaNCC, MaSP, SLSeMua, GiaDaBao, MaYCBaoGia) values ('Junction', 96, 5270, 0, 33);
insert into CTYCBaoGia (MaNCC, MaSP, SLSeMua, GiaDaBao, MaYCBaoGia) values ('Road', 2, 1830, 0, 14);
insert into CTYCBaoGia (MaNCC, MaSP, SLSeMua, GiaDaBao, MaYCBaoGia) values ('Point', 66, 3870, 0, 28);
insert into CTYCBaoGia (MaNCC, MaSP, SLSeMua, GiaDaBao, MaYCBaoGia) values ('Center', 8, 5840, 0, 56);
insert into CTYCBaoGia (MaNCC, MaSP, SLSeMua, GiaDaBao, MaYCBaoGia) values ('Center', 22, 3420, 0, 37);
insert into CTYCBaoGia (MaNCC, MaSP, SLSeMua, GiaDaBao, MaYCBaoGia) values ('Point', 82, 8410, 0, 22);
insert into CTYCBaoGia (MaNCC, MaSP, SLSeMua, GiaDaBao, MaYCBaoGia) values ('Street', 23, 6240, 0, 63);
insert into CTYCBaoGia (MaNCC, MaSP, SLSeMua, GiaDaBao, MaYCBaoGia) values ('Drive', 74, 9010, 0, 99);
insert into CTYCBaoGia (MaNCC, MaSP, SLSeMua, GiaDaBao, MaYCBaoGia) values ('Terrace', 93, 8580, 45600000, 56);
insert into CTYCBaoGia (MaNCC, MaSP, SLSeMua, GiaDaBao, MaYCBaoGia) values ('Crossing', 24, 2770, 12200000, 47);
insert into CTYCBaoGia (MaNCC, MaSP, SLSeMua, GiaDaBao, MaYCBaoGia) values ('Alley', 11, 5310, 42700000, 19);
insert into CTYCBaoGia (MaNCC, MaSP, SLSeMua, GiaDaBao, MaYCBaoGia) values ('Avenue', 74, 3440, 0, 45);
insert into CTYCBaoGia (MaNCC, MaSP, SLSeMua, GiaDaBao, MaYCBaoGia) values ('Court', 75, 2260, 0, 69);
insert into CTYCBaoGia (MaNCC, MaSP, SLSeMua, GiaDaBao, MaYCBaoGia) values ('Road', 32, 6440, 57100000, 78);
insert into CTYCBaoGia (MaNCC, MaSP, SLSeMua, GiaDaBao, MaYCBaoGia) values ('Circle', 75, 8310, 0, 91);
insert into CTYCBaoGia (MaNCC, MaSP, SLSeMua, GiaDaBao, MaYCBaoGia) values ('Lane', 77, 640, 0, 1);
insert into CTYCBaoGia (MaNCC, MaSP, SLSeMua, GiaDaBao, MaYCBaoGia) values ('Center', 97, 2900, 0, 79);
insert into CTYCBaoGia (MaNCC, MaSP, SLSeMua, GiaDaBao, MaYCBaoGia) values ('Pass', 8, 9040, 0, 67);
insert into CTYCBaoGia (MaNCC, MaSP, SLSeMua, GiaDaBao, MaYCBaoGia) values ('Road', 63, 9210, 0, 1);
insert into CTYCBaoGia (MaNCC, MaSP, SLSeMua, GiaDaBao, MaYCBaoGia) values ('Center', 63, 6190, 0, 97);
insert into CTYCBaoGia (MaNCC, MaSP, SLSeMua, GiaDaBao, MaYCBaoGia) values ('Plaza', 72, 8070, 0, 14);
insert into CTYCBaoGia (MaNCC, MaSP, SLSeMua, GiaDaBao, MaYCBaoGia) values ('Way', 92, 9710, 0, 92);
insert into CTYCBaoGia (MaNCC, MaSP, SLSeMua, GiaDaBao, MaYCBaoGia) values ('Crossing', 7, 3090, 0, 78);
insert into CTYCBaoGia (MaNCC, MaSP, SLSeMua, GiaDaBao, MaYCBaoGia) values ('Pass', 8, 4000, 0, 18);
insert into CTYCBaoGia (MaNCC, MaSP, SLSeMua, GiaDaBao, MaYCBaoGia) values ('Drive', 75, 5300, 0, 100);
insert into CTYCBaoGia (MaNCC, MaSP, SLSeMua, GiaDaBao, MaYCBaoGia) values ('Place', 92, 9360, 0, 88);
insert into CTYCBaoGia (MaNCC, MaSP, SLSeMua, GiaDaBao, MaYCBaoGia) values ('Lane', 24, 870, 0, 43);
insert into CTYCBaoGia (MaNCC, MaSP, SLSeMua, GiaDaBao, MaYCBaoGia) values ('Hill', 62, 9230, 0, 2);
insert into CTYCBaoGia (MaNCC, MaSP, SLSeMua, GiaDaBao, MaYCBaoGia) values ('Center', 64, 2320, 58700000, 34);
insert into CTYCBaoGia (MaNCC, MaSP, SLSeMua, GiaDaBao, MaYCBaoGia) values ('Road', 2, 1460, 0, 95);
insert into CTYCBaoGia (MaNCC, MaSP, SLSeMua, GiaDaBao, MaYCBaoGia) values ('Alley', 73, 6910, 73600000, 16);
insert into CTYCBaoGia (MaNCC, MaSP, SLSeMua, GiaDaBao, MaYCBaoGia) values ('Point', 27, 5850, 0, 28);
insert into CTYCBaoGia (MaNCC, MaSP, SLSeMua, GiaDaBao, MaYCBaoGia) values ('Alley', 11, 5680, 0, 54);
insert into CTYCBaoGia (MaNCC, MaSP, SLSeMua, GiaDaBao, MaYCBaoGia) values ('Court', 41, 5260, 0, 8);
insert into CTYCBaoGia (MaNCC, MaSP, SLSeMua, GiaDaBao, MaYCBaoGia) values ('Street', 50, 5950, 0, 58);
insert into CTYCBaoGia (MaNCC, MaSP, SLSeMua, GiaDaBao, MaYCBaoGia) values ('Center', 97, 4000, 0, 20);
insert into CTYCBaoGia (MaNCC, MaSP, SLSeMua, GiaDaBao, MaYCBaoGia) values ('Alley', 21, 1600, 0, 84);
insert into CTYCBaoGia (MaNCC, MaSP, SLSeMua, GiaDaBao, MaYCBaoGia) values ('Court', 40, 6490, 6300000, 74);
insert into CTYCBaoGia (MaNCC, MaSP, SLSeMua, GiaDaBao, MaYCBaoGia) values ('Pass', 6, 8760, 0, 30);
insert into CTYCBaoGia (MaNCC, MaSP, SLSeMua, GiaDaBao, MaYCBaoGia) values ('Alley', 21, 4390, 75000000, 99);
insert into CTYCBaoGia (MaNCC, MaSP, SLSeMua, GiaDaBao, MaYCBaoGia) values ('Trail', 14, 2670, 0, 99);
insert into CTYCBaoGia (MaNCC, MaSP, SLSeMua, GiaDaBao, MaYCBaoGia) values ('Center', 63, 2380, 0, 39);
insert into CTYCBaoGia (MaNCC, MaSP, SLSeMua, GiaDaBao, MaYCBaoGia) values ('Street', 35, 690, 0, 33);
insert into CTYCBaoGia (MaNCC, MaSP, SLSeMua, GiaDaBao, MaYCBaoGia) values ('Center', 79, 730, 0, 3);
insert into CTYCBaoGia (MaNCC, MaSP, SLSeMua, GiaDaBao, MaYCBaoGia) values ('Drive', 93, 200, 0, 100);
insert into CTYCBaoGia (MaNCC, MaSP, SLSeMua, GiaDaBao, MaYCBaoGia) values ('Point', 71, 1890, 0, 9);
insert into CTYCBaoGia (MaNCC, MaSP, SLSeMua, GiaDaBao, MaYCBaoGia) values ('Park', 67, 1450, 0, 79);
insert into CTYCBaoGia (MaNCC, MaSP, SLSeMua, GiaDaBao, MaYCBaoGia) values ('Crossing', 67, 1720, 86500000, 37);
insert into CTYCBaoGia (MaNCC, MaSP, SLSeMua, GiaDaBao, MaYCBaoGia) values ('Hill', 39, 7230, 0, 54);
insert into CTYCBaoGia (MaNCC, MaSP, SLSeMua, GiaDaBao, MaYCBaoGia) values ('Place', 91, 8270, 0, 27);
insert into CTYCBaoGia (MaNCC, MaSP, SLSeMua, GiaDaBao, MaYCBaoGia) values ('Center', 63, 8430, 0, 63);
insert into CTYCBaoGia (MaNCC, MaSP, SLSeMua, GiaDaBao, MaYCBaoGia) values ('Center', 7, 6250, 0, 74);
insert into CTYCBaoGia (MaNCC, MaSP, SLSeMua, GiaDaBao, MaYCBaoGia) values ('Junction', 64, 770, 79900000, 23);
insert into CTYCBaoGia (MaNCC, MaSP, SLSeMua, GiaDaBao, MaYCBaoGia) values ('Trail', 9, 1040, 0, 6);
insert into CTYCBaoGia (MaNCC, MaSP, SLSeMua, GiaDaBao, MaYCBaoGia) values ('Circle', 31, 6050, 0, 30);
insert into CTYCBaoGia (MaNCC, MaSP, SLSeMua, GiaDaBao, MaYCBaoGia) values ('Drive', 74, 5630, 0, 43);
insert into CTYCBaoGia (MaNCC, MaSP, SLSeMua, GiaDaBao, MaYCBaoGia) values ('Drive', 74, 2380, 0, 10);
insert into CTYCBaoGia (MaNCC, MaSP, SLSeMua, GiaDaBao, MaYCBaoGia) values ('Circle', 30, 1940, 0, 50);
insert into CTYCBaoGia (MaNCC, MaSP, SLSeMua, GiaDaBao, MaYCBaoGia) values ('Terrace', 93, 9660, 43500000, 84);
insert into CTYCBaoGia (MaNCC, MaSP, SLSeMua, GiaDaBao, MaYCBaoGia) values ('Lane', 62, 2120, 0, 46);
insert into CTYCBaoGia (MaNCC, MaSP, SLSeMua, GiaDaBao, MaYCBaoGia) values ('Alley', 11, 4760, 0, 58);
insert into CTYCBaoGia (MaNCC, MaSP, SLSeMua, GiaDaBao, MaYCBaoGia) values ('Center', 3, 6520, 0, 60);
insert into CTYCBaoGia (MaNCC, MaSP, SLSeMua, GiaDaBao, MaYCBaoGia) values ('Place', 98, 4200, 0, 33);
insert into CTYCBaoGia (MaNCC, MaSP, SLSeMua, GiaDaBao, MaYCBaoGia) values ('Junction', 76, 5130, 0, 57);
insert into CTYCBaoGia (MaNCC, MaSP, SLSeMua, GiaDaBao, MaYCBaoGia) values ('Center', 26, 960, 0, 79);
insert into CTYCBaoGia (MaNCC, MaSP, SLSeMua, GiaDaBao, MaYCBaoGia) values ('Park', 96, 5570, 0, 58);
insert into CTYCBaoGia (MaNCC, MaSP, SLSeMua, GiaDaBao, MaYCBaoGia) values ('Way', 46, 9250, 0, 94);
insert into CTYCBaoGia (MaNCC, MaSP, SLSeMua, GiaDaBao, MaYCBaoGia) values ('Plaza', 72, 5070, 0, 53);
insert into CTYCBaoGia (MaNCC, MaSP, SLSeMua, GiaDaBao, MaYCBaoGia) values ('Point', 8, 3130, 45500000, 61);
insert into CTYCBaoGia (MaNCC, MaSP, SLSeMua, GiaDaBao, MaYCBaoGia) values ('Road', 63, 920, 0, 48);
insert into CTYCBaoGia (MaNCC, MaSP, SLSeMua, GiaDaBao, MaYCBaoGia) values ('Park', 37, 1370, 0, 83);
insert into CTYCBaoGia (MaNCC, MaSP, SLSeMua, GiaDaBao, MaYCBaoGia) values ('Place', 85, 9920, 0, 54);
insert into CTYCBaoGia (MaNCC, MaSP, SLSeMua, GiaDaBao, MaYCBaoGia) values ('Place', 14, 1410, 0, 80);
insert into CTYCBaoGia (MaNCC, MaSP, SLSeMua, GiaDaBao, MaYCBaoGia) values ('Pass', 26, 4360, 0, 31);
insert into CTYCBaoGia (MaNCC, MaSP, SLSeMua, GiaDaBao, MaYCBaoGia) values ('Avenue', 30, 5470, 0, 66);
insert into CTYCBaoGia (MaNCC, MaSP, SLSeMua, GiaDaBao, MaYCBaoGia) values ('Terrace', 67, 7580, 0, 75);
insert into CTYCBaoGia (MaNCC, MaSP, SLSeMua, GiaDaBao, MaYCBaoGia) values ('Drive', 51, 400, 0, 91);
insert into CTYCBaoGia (MaNCC, MaSP, SLSeMua, GiaDaBao, MaYCBaoGia) values ('Trail', 73, 500, 86100000, 83);
insert into CTYCBaoGia (MaNCC, MaSP, SLSeMua, GiaDaBao, MaYCBaoGia) values ('Park', 67, 9850, 0, 62);
insert into CTYCBaoGia (MaNCC, MaSP, SLSeMua, GiaDaBao, MaYCBaoGia) values ('Drive', 87, 1010, 0, 74);
insert into CTYCBaoGia (MaNCC, MaSP, SLSeMua, GiaDaBao, MaYCBaoGia) values ('Hill', 65, 8690, 0, 43);
insert into CTYCBaoGia (MaNCC, MaSP, SLSeMua, GiaDaBao, MaYCBaoGia) values ('Alley', 68, 9620, 0, 32);
insert into CTYCBaoGia (MaNCC, MaSP, SLSeMua, GiaDaBao, MaYCBaoGia) values ('Drive', 66, 7620, 0, 29);
insert into CTYCBaoGia (MaNCC, MaSP, SLSeMua, GiaDaBao, MaYCBaoGia) values ('Center', 55, 1170, 0, 66);
insert into CTYCBaoGia (MaNCC, MaSP, SLSeMua, GiaDaBao, MaYCBaoGia) values ('Road', 32, 1850, 0, 27);
insert into CTYCBaoGia (MaNCC, MaSP, SLSeMua, GiaDaBao, MaYCBaoGia) values ('Way', 51, 3090, 0, 68);
go
insert into Role values ('admin', NULL);
insert into Role values ('quanly', NULL);
insert into Role values ('nhanvien', NULL);
go
insert into PhongBan (TenPhongBan) values ('CA');
insert into PhongBan (TenPhongBan) values ('JP');
insert into PhongBan (TenPhongBan) values ('CN');
insert into PhongBan (TenPhongBan) values ('BR');
insert into PhongBan (TenPhongBan) values ('ID');
insert into PhongBan (TenPhongBan) values ('FR');
insert into PhongBan (TenPhongBan) values ('PL');
insert into PhongBan (TenPhongBan) values ('GB');
insert into PhongBan (TenPhongBan) values ('PH');
go
insert into NhanVien (MaNV, TenPhongBan, ChucVu) values ('admin1', 'BR', 'admin');
insert into NhanVien (MaNV, TenPhongBan, ChucVu) values ('quanly1', 'BR', 'admin');
insert into NhanVien (MaNV, TenPhongBan, ChucVu) values ('1', 'BR', 'Nhan vien');
insert into NhanVien (MaNV, TenPhongBan, ChucVu) values ('2', 'BR', 'Nhan vien');
insert into NhanVien (MaNV, TenPhongBan, ChucVu) values ('3', 'PL', 'Nhan vien');
insert into NhanVien (MaNV, TenPhongBan, ChucVu) values ('4', 'PH', 'Nhan vien');
insert into NhanVien (MaNV, TenPhongBan, ChucVu) values ('5', 'ID', 'Nhan vien');
insert into NhanVien (MaNV, TenPhongBan, ChucVu) values ('6', 'JP', 'Nhan vien');
insert into NhanVien (MaNV, TenPhongBan, ChucVu) values ('7', 'ID', 'Nhan vien');
insert into NhanVien (MaNV, TenPhongBan, ChucVu) values ('8', 'CN', 'Nhan vien');
insert into NhanVien (MaNV, TenPhongBan, ChucVu) values ('9', 'BR', 'Nhan vien');
insert into NhanVien (MaNV, TenPhongBan, ChucVu) values ('10', 'CN', 'Nhan vien');
insert into NhanVien (MaNV, TenPhongBan, ChucVu) values ('11', 'PL', 'Nhan vien');
insert into NhanVien (MaNV, TenPhongBan, ChucVu) values ('12', 'CN', 'Nhan vien');
insert into NhanVien (MaNV, TenPhongBan, ChucVu) values ('13', 'GB', 'Nhan vien');
insert into NhanVien (MaNV, TenPhongBan, ChucVu) values ('14', 'FR', 'Nhan vien');
insert into NhanVien (MaNV, TenPhongBan, ChucVu) values ('15', 'BR', 'Nhan vien');
insert into NhanVien (MaNV, TenPhongBan, ChucVu) values ('16', 'PL', 'Nhan vien');
insert into NhanVien (MaNV, TenPhongBan, ChucVu) values ('17', 'CN', 'Nhan vien');
insert into NhanVien (MaNV, TenPhongBan, ChucVu) values ('18', 'PL', 'Nhan vien');
insert into NhanVien (MaNV, TenPhongBan, ChucVu) values ('19', 'CN', 'Nhan vien');
insert into NhanVien (MaNV, TenPhongBan, ChucVu) values ('20', 'FR', 'Nhan vien');
insert into NhanVien (MaNV, TenPhongBan, ChucVu) values ('21', 'FR', 'Nhan vien');
insert into NhanVien (MaNV, TenPhongBan, ChucVu) values ('22', 'PH', 'Nhan vien');
insert into NhanVien (MaNV, TenPhongBan, ChucVu) values ('23', 'PH', 'Nhan vien');
insert into NhanVien (MaNV, TenPhongBan, ChucVu) values ('24', 'PL', 'Nhan vien');
insert into NhanVien (MaNV, TenPhongBan, ChucVu) values ('25', 'BR', 'Nhan vien');
insert into NhanVien (MaNV, TenPhongBan, ChucVu) values ('26', 'PH', 'Nhan vien');
insert into NhanVien (MaNV, TenPhongBan, ChucVu) values ('27', 'PL', 'Nhan vien');
insert into NhanVien (MaNV, TenPhongBan, ChucVu) values ('28', 'GB', 'Nhan vien');
insert into NhanVien (MaNV, TenPhongBan, ChucVu) values ('29', 'GB', 'Nhan vien');
insert into NhanVien (MaNV, TenPhongBan, ChucVu) values ('30', 'ID', 'Nhan vien');
insert into NhanVien (MaNV, TenPhongBan, ChucVu) values ('31', 'CN', 'Nhan vien');
insert into NhanVien (MaNV, TenPhongBan, ChucVu) values ('32', 'GB', 'Nhan vien');
insert into NhanVien (MaNV, TenPhongBan, ChucVu) values ('33', 'JP', 'Nhan vien');
insert into NhanVien (MaNV, TenPhongBan, ChucVu) values ('34', 'BR', 'Nhan vien');
insert into NhanVien (MaNV, TenPhongBan, ChucVu) values ('35', 'BR', 'Nhan vien');
insert into NhanVien (MaNV, TenPhongBan, ChucVu) values ('36', 'PH', 'Nhan vien');
insert into NhanVien (MaNV, TenPhongBan, ChucVu) values ('37', 'BR', 'Nhan vien');
insert into NhanVien (MaNV, TenPhongBan, ChucVu) values ('38', 'CN', 'Nhan vien');
insert into NhanVien (MaNV, TenPhongBan, ChucVu) values ('39', 'CN', 'Nhan vien');
insert into NhanVien (MaNV, TenPhongBan, ChucVu) values ('40', 'ID', 'Nhan vien');
insert into NhanVien (MaNV, TenPhongBan, ChucVu) values ('41', 'BR', 'Nhan vien');
insert into NhanVien (MaNV, TenPhongBan, ChucVu) values ('42', 'PH', 'Nhan vien');
insert into NhanVien (MaNV, TenPhongBan, ChucVu) values ('43', 'CN', 'Nhan vien');
insert into NhanVien (MaNV, TenPhongBan, ChucVu) values ('44', 'PL', 'Nhan vien');
insert into NhanVien (MaNV, TenPhongBan, ChucVu) values ('45', 'ID', 'Nhan vien');
insert into NhanVien (MaNV, TenPhongBan, ChucVu) values ('46', 'PL', 'Nhan vien');
insert into NhanVien (MaNV, TenPhongBan, ChucVu) values ('47', 'ID', 'Nhan vien');
insert into NhanVien (MaNV, TenPhongBan, ChucVu) values ('48', 'ID', 'Nhan vien');
insert into NhanVien (MaNV, TenPhongBan, ChucVu) values ('49', 'JP', 'Nhan vien');
insert into NhanVien (MaNV, TenPhongBan, ChucVu) values ('50', 'FR', 'Nhan vien');
insert into NhanVien (MaNV, TenPhongBan, ChucVu) values ('51', 'PL', 'Nhan vien');
insert into NhanVien (MaNV, TenPhongBan, ChucVu) values ('52', 'FR', 'Nhan vien');
insert into NhanVien (MaNV, TenPhongBan, ChucVu) values ('53', 'FR', 'Nhan vien');
insert into NhanVien (MaNV, TenPhongBan, ChucVu) values ('54', 'CA', 'Nhan vien');
insert into NhanVien (MaNV, TenPhongBan, ChucVu) values ('55', 'CA', 'Nhan vien');
insert into NhanVien (MaNV, TenPhongBan, ChucVu) values ('56', 'GB', 'Nhan vien');
insert into NhanVien (MaNV, TenPhongBan, ChucVu) values ('57', 'PL', 'Nhan vien');
insert into NhanVien (MaNV, TenPhongBan, ChucVu) values ('58', 'CA', 'Nhan vien');
insert into NhanVien (MaNV, TenPhongBan, ChucVu) values ('59', 'FR', 'Nhan vien');
insert into NhanVien (MaNV, TenPhongBan, ChucVu) values ('60', 'FR', 'Nhan vien');
insert into NhanVien (MaNV, TenPhongBan, ChucVu) values ('61', 'PH', 'Nhan vien');
insert into NhanVien (MaNV, TenPhongBan, ChucVu) values ('62', 'CN', 'Nhan vien');
insert into NhanVien (MaNV, TenPhongBan, ChucVu) values ('63', 'ID', 'Nhan vien');
insert into NhanVien (MaNV, TenPhongBan, ChucVu) values ('64', 'PH', 'Nhan vien');
insert into NhanVien (MaNV, TenPhongBan, ChucVu) values ('65', 'GB', 'Nhan vien');
insert into NhanVien (MaNV, TenPhongBan, ChucVu) values ('66', 'GB', 'Nhan vien');
insert into NhanVien (MaNV, TenPhongBan, ChucVu) values ('67', 'FR', 'Nhan vien');
insert into NhanVien (MaNV, TenPhongBan, ChucVu) values ('68', 'ID', 'Nhan vien');
insert into NhanVien (MaNV, TenPhongBan, ChucVu) values ('69', 'PL', 'Nhan vien');
insert into NhanVien (MaNV, TenPhongBan, ChucVu) values ('70', 'CA', 'Nhan vien');
insert into NhanVien (MaNV, TenPhongBan, ChucVu) values ('71', 'CN', 'Nhan vien');
insert into NhanVien (MaNV, TenPhongBan, ChucVu) values ('72', 'GB', 'Nhan vien');
insert into NhanVien (MaNV, TenPhongBan, ChucVu) values ('73', 'PH', 'Nhan vien');
insert into NhanVien (MaNV, TenPhongBan, ChucVu) values ('74', 'PH', 'Nhan vien');
insert into NhanVien (MaNV, TenPhongBan, ChucVu) values ('75', 'BR', 'Nhan vien');
insert into NhanVien (MaNV, TenPhongBan, ChucVu) values ('76', 'ID', 'Nhan vien');
insert into NhanVien (MaNV, TenPhongBan, ChucVu) values ('77', 'GB', 'Nhan vien');
insert into NhanVien (MaNV, TenPhongBan, ChucVu) values ('78', 'GB', 'Nhan vien');
insert into NhanVien (MaNV, TenPhongBan, ChucVu) values ('79', 'PL', 'Nhan vien');
insert into NhanVien (MaNV, TenPhongBan, ChucVu) values ('80', 'PL', 'Nhan vien');
insert into NhanVien (MaNV, TenPhongBan, ChucVu) values ('81', 'PH', 'Nhan vien');
insert into NhanVien (MaNV, TenPhongBan, ChucVu) values ('82', 'JP', 'Nhan vien');
insert into NhanVien (MaNV, TenPhongBan, ChucVu) values ('83', 'CN', 'Nhan vien');
insert into NhanVien (MaNV, TenPhongBan, ChucVu) values ('84', 'FR', 'Nhan vien');
insert into NhanVien (MaNV, TenPhongBan, ChucVu) values ('85', 'BR', 'Nhan vien');
insert into NhanVien (MaNV, TenPhongBan, ChucVu) values ('86', 'BR', 'Nhan vien');
insert into NhanVien (MaNV, TenPhongBan, ChucVu) values ('87', 'PL', 'Nhan vien');
insert into NhanVien (MaNV, TenPhongBan, ChucVu) values ('88', 'GB', 'Nhan vien');
insert into NhanVien (MaNV, TenPhongBan, ChucVu) values ('89', 'ID', 'Nhan vien');
insert into NhanVien (MaNV, TenPhongBan, ChucVu) values ('90', 'BR', 'Nhan vien');
insert into NhanVien (MaNV, TenPhongBan, ChucVu) values ('91', 'CN', 'Nhan vien');
insert into NhanVien (MaNV, TenPhongBan, ChucVu) values ('92', 'BR', 'Nhan vien');
insert into NhanVien (MaNV, TenPhongBan, ChucVu) values ('93', 'BR', 'Nhan vien');
insert into NhanVien (MaNV, TenPhongBan, ChucVu) values ('94', 'ID', 'Nhan vien');
insert into NhanVien (MaNV, TenPhongBan, ChucVu) values ('95', 'FR', 'Nhan vien');
insert into NhanVien (MaNV, TenPhongBan, ChucVu) values ('96', 'JP', 'Nhan vien');
insert into NhanVien (MaNV, TenPhongBan, ChucVu) values ('97', 'CA', 'Nhan vien');
insert into NhanVien (MaNV, TenPhongBan, ChucVu) values ('98', 'PH', 'Nhan vien');
insert into NhanVien (MaNV, TenPhongBan, ChucVu) values ('99', 'CA', 'Nhan vien');
insert into NhanVien (MaNV, TenPhongBan, ChucVu) values ('100', 'ID', 'Nhan vien');
go
insert into Account values ('qlmuahang_duy', 'admin1', 'admin', '123', GETDATE(), '2030/1/1');
insert into Account values ('qlmuahang_nghi', 'quanly1', 'quanly', '123', GETDATE(), '2030/1/1');
go
insert into YeuCauMuaHang (MaYeuCau, MaNV) values ('1', '61');
insert into YeuCauMuaHang (MaYeuCau, MaNV) values ('2', '100');
insert into YeuCauMuaHang (MaYeuCau, MaNV) values ('3', '78');
insert into YeuCauMuaHang (MaYeuCau, MaNV) values ('4', '20');
insert into YeuCauMuaHang (MaYeuCau, MaNV) values ('5', '13');
insert into YeuCauMuaHang (MaYeuCau, MaNV) values ('6', '51');
insert into YeuCauMuaHang (MaYeuCau, MaNV) values ('7', '8');
insert into YeuCauMuaHang (MaYeuCau, MaNV) values ('8', '90');
insert into YeuCauMuaHang (MaYeuCau, MaNV) values ('9', '14');
insert into YeuCauMuaHang (MaYeuCau, MaNV) values ('10', '49');
insert into YeuCauMuaHang (MaYeuCau, MaNV) values ('11', '66');
insert into YeuCauMuaHang (MaYeuCau, MaNV) values ('12', '51');
insert into YeuCauMuaHang (MaYeuCau, MaNV) values ('13', '60');
insert into YeuCauMuaHang (MaYeuCau, MaNV) values ('14', '75');
insert into YeuCauMuaHang (MaYeuCau, MaNV) values ('15', '49');
insert into YeuCauMuaHang (MaYeuCau, MaNV) values ('16', '62');
insert into YeuCauMuaHang (MaYeuCau, MaNV) values ('17', '53');
insert into YeuCauMuaHang (MaYeuCau, MaNV) values ('18', '67');
insert into YeuCauMuaHang (MaYeuCau, MaNV) values ('19', '31');
insert into YeuCauMuaHang (MaYeuCau, MaNV) values ('20', '2');
insert into YeuCauMuaHang (MaYeuCau, MaNV) values ('21', '56');
insert into YeuCauMuaHang (MaYeuCau, MaNV) values ('22', '42');
insert into YeuCauMuaHang (MaYeuCau, MaNV) values ('23', '58');
insert into YeuCauMuaHang (MaYeuCau, MaNV) values ('24', '8');
insert into YeuCauMuaHang (MaYeuCau, MaNV) values ('25', '89');
insert into YeuCauMuaHang (MaYeuCau, MaNV) values ('26', '83');
insert into YeuCauMuaHang (MaYeuCau, MaNV) values ('27', '48');
insert into YeuCauMuaHang (MaYeuCau, MaNV) values ('28', '70');
insert into YeuCauMuaHang (MaYeuCau, MaNV) values ('29', '20');
insert into YeuCauMuaHang (MaYeuCau, MaNV) values ('30', '87');
insert into YeuCauMuaHang (MaYeuCau, MaNV) values ('31', '49');
insert into YeuCauMuaHang (MaYeuCau, MaNV) values ('32', '1');
insert into YeuCauMuaHang (MaYeuCau, MaNV) values ('33', '55');
insert into YeuCauMuaHang (MaYeuCau, MaNV) values ('34', '79');
insert into YeuCauMuaHang (MaYeuCau, MaNV) values ('35', '45');
insert into YeuCauMuaHang (MaYeuCau, MaNV) values ('36', '39');
insert into YeuCauMuaHang (MaYeuCau, MaNV) values ('37', '23');
insert into YeuCauMuaHang (MaYeuCau, MaNV) values ('38', '94');
insert into YeuCauMuaHang (MaYeuCau, MaNV) values ('39', '19');
insert into YeuCauMuaHang (MaYeuCau, MaNV) values ('40', '20');
insert into YeuCauMuaHang (MaYeuCau, MaNV) values ('41', '9');
insert into YeuCauMuaHang (MaYeuCau, MaNV) values ('42', '42');
insert into YeuCauMuaHang (MaYeuCau, MaNV) values ('43', '10');
insert into YeuCauMuaHang (MaYeuCau, MaNV) values ('44', '70');
insert into YeuCauMuaHang (MaYeuCau, MaNV) values ('45', '77');
insert into YeuCauMuaHang (MaYeuCau, MaNV) values ('46', '35');
insert into YeuCauMuaHang (MaYeuCau, MaNV) values ('47', '35');
insert into YeuCauMuaHang (MaYeuCau, MaNV) values ('48', '99');
insert into YeuCauMuaHang (MaYeuCau, MaNV) values ('49', '74');
insert into YeuCauMuaHang (MaYeuCau, MaNV) values ('50', '100');
insert into YeuCauMuaHang (MaYeuCau, MaNV) values ('51', '1');
insert into YeuCauMuaHang (MaYeuCau, MaNV) values ('52', '52');
insert into YeuCauMuaHang (MaYeuCau, MaNV) values ('53', '78');
insert into YeuCauMuaHang (MaYeuCau, MaNV) values ('54', '83');
insert into YeuCauMuaHang (MaYeuCau, MaNV) values ('55', '81');
insert into YeuCauMuaHang (MaYeuCau, MaNV) values ('56', '35');
insert into YeuCauMuaHang (MaYeuCau, MaNV) values ('57', '15');
insert into YeuCauMuaHang (MaYeuCau, MaNV) values ('58', '63');
insert into YeuCauMuaHang (MaYeuCau, MaNV) values ('59', '53');
insert into YeuCauMuaHang (MaYeuCau, MaNV) values ('60', '75');
insert into YeuCauMuaHang (MaYeuCau, MaNV) values ('61', '72');
insert into YeuCauMuaHang (MaYeuCau, MaNV) values ('62', '94');
insert into YeuCauMuaHang (MaYeuCau, MaNV) values ('63', '64');
insert into YeuCauMuaHang (MaYeuCau, MaNV) values ('64', '73');
insert into YeuCauMuaHang (MaYeuCau, MaNV) values ('65', '71');
insert into YeuCauMuaHang (MaYeuCau, MaNV) values ('66', '90');
insert into YeuCauMuaHang (MaYeuCau, MaNV) values ('67', '94');
insert into YeuCauMuaHang (MaYeuCau, MaNV) values ('68', '57');
insert into YeuCauMuaHang (MaYeuCau, MaNV) values ('69', '19');
insert into YeuCauMuaHang (MaYeuCau, MaNV) values ('70', '31');
insert into YeuCauMuaHang (MaYeuCau, MaNV) values ('71', '59');
insert into YeuCauMuaHang (MaYeuCau, MaNV) values ('72', '69');
insert into YeuCauMuaHang (MaYeuCau, MaNV) values ('73', '86');
insert into YeuCauMuaHang (MaYeuCau, MaNV) values ('74', '39');
insert into YeuCauMuaHang (MaYeuCau, MaNV) values ('75', '95');
insert into YeuCauMuaHang (MaYeuCau, MaNV) values ('76', '7');
insert into YeuCauMuaHang (MaYeuCau, MaNV) values ('77', '27');
insert into YeuCauMuaHang (MaYeuCau, MaNV) values ('78', '22');
insert into YeuCauMuaHang (MaYeuCau, MaNV) values ('79', '46');
insert into YeuCauMuaHang (MaYeuCau, MaNV) values ('80', '94');
insert into YeuCauMuaHang (MaYeuCau, MaNV) values ('81', '52');
insert into YeuCauMuaHang (MaYeuCau, MaNV) values ('82', '85');
insert into YeuCauMuaHang (MaYeuCau, MaNV) values ('83', '66');
insert into YeuCauMuaHang (MaYeuCau, MaNV) values ('84', '77');
insert into YeuCauMuaHang (MaYeuCau, MaNV) values ('85', '2');
insert into YeuCauMuaHang (MaYeuCau, MaNV) values ('86', '1');
insert into YeuCauMuaHang (MaYeuCau, MaNV) values ('87', '38');
insert into YeuCauMuaHang (MaYeuCau, MaNV) values ('88', '84');
insert into YeuCauMuaHang (MaYeuCau, MaNV) values ('89', '73');
insert into YeuCauMuaHang (MaYeuCau, MaNV) values ('90', '12');
insert into YeuCauMuaHang (MaYeuCau, MaNV) values ('91', '53');
insert into YeuCauMuaHang (MaYeuCau, MaNV) values ('92', '46');
insert into YeuCauMuaHang (MaYeuCau, MaNV) values ('93', '81');
insert into YeuCauMuaHang (MaYeuCau, MaNV) values ('94', '91');
insert into YeuCauMuaHang (MaYeuCau, MaNV) values ('95', '34');
insert into YeuCauMuaHang (MaYeuCau, MaNV) values ('96', '29');
insert into YeuCauMuaHang (MaYeuCau, MaNV) values ('97', '64');
insert into YeuCauMuaHang (MaYeuCau, MaNV) values ('98', '76');
insert into YeuCauMuaHang (MaYeuCau, MaNV) values ('99', '93');
insert into YeuCauMuaHang (MaYeuCau, MaNV) values ('100', '63');
go
insert into CTYeuCauMua (MaSP, MaYeuCau, SLCanMua, PheDuyetYeuCau) values (20, '57', 70, NULL);
insert into CTYeuCauMua (MaSP, MaYeuCau, SLCanMua, PheDuyetYeuCau) values (42, '86', 590, NULL);
insert into CTYeuCauMua (MaSP, MaYeuCau, SLCanMua, PheDuyetYeuCau) values (75, '38', 360, NULL);
insert into CTYeuCauMua (MaSP, MaYeuCau, SLCanMua, PheDuyetYeuCau) values (24, '68', 300, NULL);
insert into CTYeuCauMua (MaSP, MaYeuCau, SLCanMua, PheDuyetYeuCau) values (3, '56', 220, 'NO');
insert into CTYeuCauMua (MaSP, MaYeuCau, SLCanMua, PheDuyetYeuCau) values (53, '74', 690, NULL);
insert into CTYeuCauMua (MaSP, MaYeuCau, SLCanMua, PheDuyetYeuCau) values (19, '13', 460, NULL);
insert into CTYeuCauMua (MaSP, MaYeuCau, SLCanMua, PheDuyetYeuCau) values (80, '95', 510, NULL);
insert into CTYeuCauMua (MaSP, MaYeuCau, SLCanMua, PheDuyetYeuCau) values (37, '57', 910, 'YES');
insert into CTYeuCauMua (MaSP, MaYeuCau, SLCanMua, PheDuyetYeuCau) values (40, '8', 160, 'NO');
insert into CTYeuCauMua (MaSP, MaYeuCau, SLCanMua, PheDuyetYeuCau) values (80, '64', 510, 'YES');
insert into CTYeuCauMua (MaSP, MaYeuCau, SLCanMua, PheDuyetYeuCau) values (2, '30', 560, NULL);
insert into CTYeuCauMua (MaSP, MaYeuCau, SLCanMua, PheDuyetYeuCau) values (96, '27', 220, 'YES');
insert into CTYeuCauMua (MaSP, MaYeuCau, SLCanMua, PheDuyetYeuCau) values (91, '77', 280, NULL);
insert into CTYeuCauMua (MaSP, MaYeuCau, SLCanMua, PheDuyetYeuCau) values (100, '79', 570, NULL);
insert into CTYeuCauMua (MaSP, MaYeuCau, SLCanMua, PheDuyetYeuCau) values (19, '22', 610, 'NO');
insert into CTYeuCauMua (MaSP, MaYeuCau, SLCanMua, PheDuyetYeuCau) values (68, '3', 920, NULL);
insert into CTYeuCauMua (MaSP, MaYeuCau, SLCanMua, PheDuyetYeuCau) values (47, '97', 810, NULL);
insert into CTYeuCauMua (MaSP, MaYeuCau, SLCanMua, PheDuyetYeuCau) values (11, '22', 270, NULL);
insert into CTYeuCauMua (MaSP, MaYeuCau, SLCanMua, PheDuyetYeuCau) values (64, '65', 530, NULL);
insert into CTYeuCauMua (MaSP, MaYeuCau, SLCanMua, PheDuyetYeuCau) values (20, '7', 40, 'YES');
insert into CTYeuCauMua (MaSP, MaYeuCau, SLCanMua, PheDuyetYeuCau) values (33, '87', 740, 'YES');
insert into CTYeuCauMua (MaSP, MaYeuCau, SLCanMua, PheDuyetYeuCau) values (28, '96', 870, NULL);
insert into CTYeuCauMua (MaSP, MaYeuCau, SLCanMua, PheDuyetYeuCau) values (35, '88', 20, 'NO');
insert into CTYeuCauMua (MaSP, MaYeuCau, SLCanMua, PheDuyetYeuCau) values (75, '23', 890, NULL);
insert into CTYeuCauMua (MaSP, MaYeuCau, SLCanMua, PheDuyetYeuCau) values (57, '55', 340, 'NO');
insert into CTYeuCauMua (MaSP, MaYeuCau, SLCanMua, PheDuyetYeuCau) values (81, '89', 890, NULL);
insert into CTYeuCauMua (MaSP, MaYeuCau, SLCanMua, PheDuyetYeuCau) values (7, '40', 720, NULL);
insert into CTYeuCauMua (MaSP, MaYeuCau, SLCanMua, PheDuyetYeuCau) values (52, '74', 610, NULL);
insert into CTYeuCauMua (MaSP, MaYeuCau, SLCanMua, PheDuyetYeuCau) values (48, '29', 180, 'NO');
insert into CTYeuCauMua (MaSP, MaYeuCau, SLCanMua, PheDuyetYeuCau) values (98, '28', 520, 'YES');
insert into CTYeuCauMua (MaSP, MaYeuCau, SLCanMua, PheDuyetYeuCau) values (20, '93', 140, NULL);
insert into CTYeuCauMua (MaSP, MaYeuCau, SLCanMua, PheDuyetYeuCau) values (18, '4', 670, NULL);
insert into CTYeuCauMua (MaSP, MaYeuCau, SLCanMua, PheDuyetYeuCau) values (6, '1', 10, NULL);
insert into CTYeuCauMua (MaSP, MaYeuCau, SLCanMua, PheDuyetYeuCau) values (14, '88', 670, NULL);
insert into CTYeuCauMua (MaSP, MaYeuCau, SLCanMua, PheDuyetYeuCau) values (35, '78', 220, NULL);
insert into CTYeuCauMua (MaSP, MaYeuCau, SLCanMua, PheDuyetYeuCau) values (56, '88', 780, NULL);
insert into CTYeuCauMua (MaSP, MaYeuCau, SLCanMua, PheDuyetYeuCau) values (62, '79', 950, NULL);
insert into CTYeuCauMua (MaSP, MaYeuCau, SLCanMua, PheDuyetYeuCau) values (56, '37', 40, NULL);
insert into CTYeuCauMua (MaSP, MaYeuCau, SLCanMua, PheDuyetYeuCau) values (67, '83', 690, NULL);
insert into CTYeuCauMua (MaSP, MaYeuCau, SLCanMua, PheDuyetYeuCau) values (62, '82', 60, 'NO');
insert into CTYeuCauMua (MaSP, MaYeuCau, SLCanMua, PheDuyetYeuCau) values (79, '10', 940, NULL);
insert into CTYeuCauMua (MaSP, MaYeuCau, SLCanMua, PheDuyetYeuCau) values (89, '87', 990, NULL);
insert into CTYeuCauMua (MaSP, MaYeuCau, SLCanMua, PheDuyetYeuCau) values (45, '86', 190, NULL);
insert into CTYeuCauMua (MaSP, MaYeuCau, SLCanMua, PheDuyetYeuCau) values (40, '83', 340, NULL);
insert into CTYeuCauMua (MaSP, MaYeuCau, SLCanMua, PheDuyetYeuCau) values (13, '15', 130, NULL);
insert into CTYeuCauMua (MaSP, MaYeuCau, SLCanMua, PheDuyetYeuCau) values (13, '66', 800, NULL);
insert into CTYeuCauMua (MaSP, MaYeuCau, SLCanMua, PheDuyetYeuCau) values (72, '32', 240, NULL);
insert into CTYeuCauMua (MaSP, MaYeuCau, SLCanMua, PheDuyetYeuCau) values (31, '39', 770, 'YES');
insert into CTYeuCauMua (MaSP, MaYeuCau, SLCanMua, PheDuyetYeuCau) values (5, '15', 850, NULL);
insert into CTYeuCauMua (MaSP, MaYeuCau, SLCanMua, PheDuyetYeuCau) values (1, '34', 0, NULL);
insert into CTYeuCauMua (MaSP, MaYeuCau, SLCanMua, PheDuyetYeuCau) values (44, '69', 40, 'YES');
insert into CTYeuCauMua (MaSP, MaYeuCau, SLCanMua, PheDuyetYeuCau) values (71, '13', 340, NULL);
insert into CTYeuCauMua (MaSP, MaYeuCau, SLCanMua, PheDuyetYeuCau) values (91, '34', 60, NULL);
insert into CTYeuCauMua (MaSP, MaYeuCau, SLCanMua, PheDuyetYeuCau) values (63, '8', 320, NULL);
insert into CTYeuCauMua (MaSP, MaYeuCau, SLCanMua, PheDuyetYeuCau) values (14, '44', 40, 'YES');
insert into CTYeuCauMua (MaSP, MaYeuCau, SLCanMua, PheDuyetYeuCau) values (35, '75', 560, NULL);
insert into CTYeuCauMua (MaSP, MaYeuCau, SLCanMua, PheDuyetYeuCau) values (18, '60', 740, 'YES');
insert into CTYeuCauMua (MaSP, MaYeuCau, SLCanMua, PheDuyetYeuCau) values (47, '24', 200, NULL);
insert into CTYeuCauMua (MaSP, MaYeuCau, SLCanMua, PheDuyetYeuCau) values (61, '12', 150, NULL);
insert into CTYeuCauMua (MaSP, MaYeuCau, SLCanMua, PheDuyetYeuCau) values (84, '99', 230, NULL);
insert into CTYeuCauMua (MaSP, MaYeuCau, SLCanMua, PheDuyetYeuCau) values (3, '44', 610, NULL);
insert into CTYeuCauMua (MaSP, MaYeuCau, SLCanMua, PheDuyetYeuCau) values (16, '57', 870, NULL);
insert into CTYeuCauMua (MaSP, MaYeuCau, SLCanMua, PheDuyetYeuCau) values (43, '32', 520, 'YES');
insert into CTYeuCauMua (MaSP, MaYeuCau, SLCanMua, PheDuyetYeuCau) values (93, '56', 910, 'YES');
insert into CTYeuCauMua (MaSP, MaYeuCau, SLCanMua, PheDuyetYeuCau) values (17, '26', 330, 'YES');
insert into CTYeuCauMua (MaSP, MaYeuCau, SLCanMua, PheDuyetYeuCau) values (94, '36', 220, 'YES');
insert into CTYeuCauMua (MaSP, MaYeuCau, SLCanMua, PheDuyetYeuCau) values (78, '77', 520, NULL);
insert into CTYeuCauMua (MaSP, MaYeuCau, SLCanMua, PheDuyetYeuCau) values (22, '64', 620, NULL);
insert into CTYeuCauMua (MaSP, MaYeuCau, SLCanMua, PheDuyetYeuCau) values (62, '44', 330, NULL);
insert into CTYeuCauMua (MaSP, MaYeuCau, SLCanMua, PheDuyetYeuCau) values (4, '80', 350, NULL);
insert into CTYeuCauMua (MaSP, MaYeuCau, SLCanMua, PheDuyetYeuCau) values (25, '79', 480, NULL);
insert into CTYeuCauMua (MaSP, MaYeuCau, SLCanMua, PheDuyetYeuCau) values (37, '92', 890, NULL);
insert into CTYeuCauMua (MaSP, MaYeuCau, SLCanMua, PheDuyetYeuCau) values (46, '22', 340, NULL);
insert into CTYeuCauMua (MaSP, MaYeuCau, SLCanMua, PheDuyetYeuCau) values (64, '8', 80, NULL);
insert into CTYeuCauMua (MaSP, MaYeuCau, SLCanMua, PheDuyetYeuCau) values (87, '11', 160, NULL);
insert into CTYeuCauMua (MaSP, MaYeuCau, SLCanMua, PheDuyetYeuCau) values (56, '93', 60, NULL);
insert into CTYeuCauMua (MaSP, MaYeuCau, SLCanMua, PheDuyetYeuCau) values (11, '69', 760, NULL);
insert into CTYeuCauMua (MaSP, MaYeuCau, SLCanMua, PheDuyetYeuCau) values (16, '4', 680, NULL);
insert into CTYeuCauMua (MaSP, MaYeuCau, SLCanMua, PheDuyetYeuCau) values (67, '89', 300, 'NO');
insert into CTYeuCauMua (MaSP, MaYeuCau, SLCanMua, PheDuyetYeuCau) values (82, '42', 850, NULL);
insert into CTYeuCauMua (MaSP, MaYeuCau, SLCanMua, PheDuyetYeuCau) values (96, '79', 600, NULL);
insert into CTYeuCauMua (MaSP, MaYeuCau, SLCanMua, PheDuyetYeuCau) values (93, '44', 250, NULL);
insert into CTYeuCauMua (MaSP, MaYeuCau, SLCanMua, PheDuyetYeuCau) values (44, '75', 770, NULL);
insert into CTYeuCauMua (MaSP, MaYeuCau, SLCanMua, PheDuyetYeuCau) values (99, '58', 320, NULL);
insert into CTYeuCauMua (MaSP, MaYeuCau, SLCanMua, PheDuyetYeuCau) values (35, '41', 70, NULL);
insert into CTYeuCauMua (MaSP, MaYeuCau, SLCanMua, PheDuyetYeuCau) values (14, '9', 490, 'NO');
insert into CTYeuCauMua (MaSP, MaYeuCau, SLCanMua, PheDuyetYeuCau) values (78, '19', 20, NULL);
insert into CTYeuCauMua (MaSP, MaYeuCau, SLCanMua, PheDuyetYeuCau) values (39, '72', 580, NULL);
insert into CTYeuCauMua (MaSP, MaYeuCau, SLCanMua, PheDuyetYeuCau) values (74, '26', 530, NULL);
insert into CTYeuCauMua (MaSP, MaYeuCau, SLCanMua, PheDuyetYeuCau) values (71, '29', 870, 'NO');
insert into CTYeuCauMua (MaSP, MaYeuCau, SLCanMua, PheDuyetYeuCau) values (78, '14', 310, 'NO');
insert into CTYeuCauMua (MaSP, MaYeuCau, SLCanMua, PheDuyetYeuCau) values (17, '25', 620, 'YES');
insert into CTYeuCauMua (MaSP, MaYeuCau, SLCanMua, PheDuyetYeuCau) values (32, '39', 150, NULL);
insert into CTYeuCauMua (MaSP, MaYeuCau, SLCanMua, PheDuyetYeuCau) values (80, '71', 540, NULL);
insert into CTYeuCauMua (MaSP, MaYeuCau, SLCanMua, PheDuyetYeuCau) values (7, '53', 850, NULL);
insert into CTYeuCauMua (MaSP, MaYeuCau, SLCanMua, PheDuyetYeuCau) values (12, '1', 730, NULL);
insert into CTYeuCauMua (MaSP, MaYeuCau, SLCanMua, PheDuyetYeuCau) values (51, '96', 800, 'NO');
insert into CTYeuCauMua (MaSP, MaYeuCau, SLCanMua, PheDuyetYeuCau) values (58, '61', 100, NULL);
insert into CTYeuCauMua (MaSP, MaYeuCau, SLCanMua, PheDuyetYeuCau) values (96, '94', 940, 'NO');
go
insert into DonMuaHang (MaDonMuaHang, NguoiPhuTrachMua, NgayDat, TongTienMua) values (1, 15, '2019/08/27', 67500000);
insert into DonMuaHang (MaDonMuaHang, NguoiPhuTrachMua, NgayDat, TongTienMua) values (2, 84, '2019/07/28', 4400000);
insert into DonMuaHang (MaDonMuaHang, NguoiPhuTrachMua, NgayDat, TongTienMua) values (3, 75, '2019/07/27', 39500000);
insert into DonMuaHang (MaDonMuaHang, NguoiPhuTrachMua, NgayDat, TongTienMua) values (4, 36, '2019/04/21', 16500000);
insert into DonMuaHang (MaDonMuaHang, NguoiPhuTrachMua, NgayDat, TongTienMua) values (5, 25, '2019/10/20', 46500000);
insert into DonMuaHang (MaDonMuaHang, NguoiPhuTrachMua, NgayDat, TongTienMua) values (6, 98, '2019/04/30', 50100000);
insert into DonMuaHang (MaDonMuaHang, NguoiPhuTrachMua, NgayDat, TongTienMua) values (7, 9, '2019/02/01', 20500000);
insert into DonMuaHang (MaDonMuaHang, NguoiPhuTrachMua, NgayDat, TongTienMua) values (8, 62, '2019/02/15', 40900000);
insert into DonMuaHang (MaDonMuaHang, NguoiPhuTrachMua, NgayDat, TongTienMua) values (9, 82, '2019/08/27', 35400000);
insert into DonMuaHang (MaDonMuaHang, NguoiPhuTrachMua, NgayDat, TongTienMua) values (10, 24, '2019/04/08', 35300000);
insert into DonMuaHang (MaDonMuaHang, NguoiPhuTrachMua, NgayDat, TongTienMua) values (11, 88, '2019/05/03', 48500000);
insert into DonMuaHang (MaDonMuaHang, NguoiPhuTrachMua, NgayDat, TongTienMua) values (12, 58, '2019/01/14', 44700000);
insert into DonMuaHang (MaDonMuaHang, NguoiPhuTrachMua, NgayDat, TongTienMua) values (13, 30, '2019/04/04', 58600000);
insert into DonMuaHang (MaDonMuaHang, NguoiPhuTrachMua, NgayDat, TongTienMua) values (14, 51, '2019/10/27', 53600000);
insert into DonMuaHang (MaDonMuaHang, NguoiPhuTrachMua, NgayDat, TongTienMua) values (15, 80, '2019/11/01', 27900000);
insert into DonMuaHang (MaDonMuaHang, NguoiPhuTrachMua, NgayDat, TongTienMua) values (16, 44, '2019/09/02', 37700000);
insert into DonMuaHang (MaDonMuaHang, NguoiPhuTrachMua, NgayDat, TongTienMua) values (17, 19, '2019/01/29', 16000000);
insert into DonMuaHang (MaDonMuaHang, NguoiPhuTrachMua, NgayDat, TongTienMua) values (18, 15, '2019/06/07', 31500000);
insert into DonMuaHang (MaDonMuaHang, NguoiPhuTrachMua, NgayDat, TongTienMua) values (19, 23, '2019/07/25', 40300000);
insert into DonMuaHang (MaDonMuaHang, NguoiPhuTrachMua, NgayDat, TongTienMua) values (20, 89, '2019/09/28', 39700000);
insert into DonMuaHang (MaDonMuaHang, NguoiPhuTrachMua, NgayDat, TongTienMua) values (21, 57, '2019/02/18', 45100000);
insert into DonMuaHang (MaDonMuaHang, NguoiPhuTrachMua, NgayDat, TongTienMua) values (22, 1, '2019/07/30', 57400000);
insert into DonMuaHang (MaDonMuaHang, NguoiPhuTrachMua, NgayDat, TongTienMua) values (23, 22, '2018/12/22', 7300000);
insert into DonMuaHang (MaDonMuaHang, NguoiPhuTrachMua, NgayDat, TongTienMua) values (24, 74, '2019/03/08', 57200000);
insert into DonMuaHang (MaDonMuaHang, NguoiPhuTrachMua, NgayDat, TongTienMua) values (25, 45, '2019/06/07', 14300000);
insert into DonMuaHang (MaDonMuaHang, NguoiPhuTrachMua, NgayDat, TongTienMua) values (26, 54, '2019/06/11', 22900000);
insert into DonMuaHang (MaDonMuaHang, NguoiPhuTrachMua, NgayDat, TongTienMua) values (27, 74, '2019/01/19', 61800000);
insert into DonMuaHang (MaDonMuaHang, NguoiPhuTrachMua, NgayDat, TongTienMua) values (28, 28, '2019/07/30', 91700000);
insert into DonMuaHang (MaDonMuaHang, NguoiPhuTrachMua, NgayDat, TongTienMua) values (29, 54, '2019/01/30', 74200000);
insert into DonMuaHang (MaDonMuaHang, NguoiPhuTrachMua, NgayDat, TongTienMua) values (30, 94, '2019/05/29', 53500000);
insert into DonMuaHang (MaDonMuaHang, NguoiPhuTrachMua, NgayDat, TongTienMua) values (31, 48, '2019/07/11', 59300000);
insert into DonMuaHang (MaDonMuaHang, NguoiPhuTrachMua, NgayDat, TongTienMua) values (32, 64, '2019/04/30', 64900000);
insert into DonMuaHang (MaDonMuaHang, NguoiPhuTrachMua, NgayDat, TongTienMua) values (33, 87, '2019/05/22', 43200000);
insert into DonMuaHang (MaDonMuaHang, NguoiPhuTrachMua, NgayDat, TongTienMua) values (34, 82, '2019/10/21', 85100000);
insert into DonMuaHang (MaDonMuaHang, NguoiPhuTrachMua, NgayDat, TongTienMua) values (35, 44, '2019/04/03', 88300000);
insert into DonMuaHang (MaDonMuaHang, NguoiPhuTrachMua, NgayDat, TongTienMua) values (36, 63, '2019/10/30', 98700000);
insert into DonMuaHang (MaDonMuaHang, NguoiPhuTrachMua, NgayDat, TongTienMua) values (37, 88, '2019/08/17', 9000000);
insert into DonMuaHang (MaDonMuaHang, NguoiPhuTrachMua, NgayDat, TongTienMua) values (38, 97, '2019/07/05', 63400000);
insert into DonMuaHang (MaDonMuaHang, NguoiPhuTrachMua, NgayDat, TongTienMua) values (39, 98, '2019/11/15', 54700000);
insert into DonMuaHang (MaDonMuaHang, NguoiPhuTrachMua, NgayDat, TongTienMua) values (40, 79, '2019/10/02', 74300000);
insert into DonMuaHang (MaDonMuaHang, NguoiPhuTrachMua, NgayDat, TongTienMua) values (41, 43, '2019/01/03', 85700000);
insert into DonMuaHang (MaDonMuaHang, NguoiPhuTrachMua, NgayDat, TongTienMua) values (42, 85, '2019/10/15', 51400000);
insert into DonMuaHang (MaDonMuaHang, NguoiPhuTrachMua, NgayDat, TongTienMua) values (43, 77, '2019/11/01', 64700000);
insert into DonMuaHang (MaDonMuaHang, NguoiPhuTrachMua, NgayDat, TongTienMua) values (44, 60, '2019/03/11', 66200000);
insert into DonMuaHang (MaDonMuaHang, NguoiPhuTrachMua, NgayDat, TongTienMua) values (45, 38, '2019/06/12', 69300000);
insert into DonMuaHang (MaDonMuaHang, NguoiPhuTrachMua, NgayDat, TongTienMua) values (46, 11, '2019/02/27', 17700000);
insert into DonMuaHang (MaDonMuaHang, NguoiPhuTrachMua, NgayDat, TongTienMua) values (47, 23, '2019/09/22', 90700000);
insert into DonMuaHang (MaDonMuaHang, NguoiPhuTrachMua, NgayDat, TongTienMua) values (48, 51, '2018/12/31', 80600000);
insert into DonMuaHang (MaDonMuaHang, NguoiPhuTrachMua, NgayDat, TongTienMua) values (49, 77, '2019/03/31', 75300000);
insert into DonMuaHang (MaDonMuaHang, NguoiPhuTrachMua, NgayDat, TongTienMua) values (50, 33, '2018/12/16', 69500000);
insert into DonMuaHang (MaDonMuaHang, NguoiPhuTrachMua, NgayDat, TongTienMua) values (51, 27, '2019/02/20', 48600000);
insert into DonMuaHang (MaDonMuaHang, NguoiPhuTrachMua, NgayDat, TongTienMua) values (52, 71, '2018/12/19', 32800000);
insert into DonMuaHang (MaDonMuaHang, NguoiPhuTrachMua, NgayDat, TongTienMua) values (53, 2, '2019/11/18', 79900000);
insert into DonMuaHang (MaDonMuaHang, NguoiPhuTrachMua, NgayDat, TongTienMua) values (54, 15, '2019/05/16', 21700000);
insert into DonMuaHang (MaDonMuaHang, NguoiPhuTrachMua, NgayDat, TongTienMua) values (55, 8, '2019/05/18', 60200000);
insert into DonMuaHang (MaDonMuaHang, NguoiPhuTrachMua, NgayDat, TongTienMua) values (56, 10, '2018/11/25', 26300000);
insert into DonMuaHang (MaDonMuaHang, NguoiPhuTrachMua, NgayDat, TongTienMua) values (57, 79, '2019/11/18', 80700000);
insert into DonMuaHang (MaDonMuaHang, NguoiPhuTrachMua, NgayDat, TongTienMua) values (58, 11, '2019/01/11', 11000000);
insert into DonMuaHang (MaDonMuaHang, NguoiPhuTrachMua, NgayDat, TongTienMua) values (59, 60, '2019/01/09', 15900000);
insert into DonMuaHang (MaDonMuaHang, NguoiPhuTrachMua, NgayDat, TongTienMua) values (60, 4, '2019/02/14', 58100000);
insert into DonMuaHang (MaDonMuaHang, NguoiPhuTrachMua, NgayDat, TongTienMua) values (61, 51, '2019/03/02', 41500000);
insert into DonMuaHang (MaDonMuaHang, NguoiPhuTrachMua, NgayDat, TongTienMua) values (62, 18, '2018/12/19', 9900000);
insert into DonMuaHang (MaDonMuaHang, NguoiPhuTrachMua, NgayDat, TongTienMua) values (63, 1, '2019/10/16', 39700000);
insert into DonMuaHang (MaDonMuaHang, NguoiPhuTrachMua, NgayDat, TongTienMua) values (64, 91, '2019/08/30', 55600000);
insert into DonMuaHang (MaDonMuaHang, NguoiPhuTrachMua, NgayDat, TongTienMua) values (65, 7, '2019/07/04', 46500000);
insert into DonMuaHang (MaDonMuaHang, NguoiPhuTrachMua, NgayDat, TongTienMua) values (66, 73, '2019/10/19', 38300000);
insert into DonMuaHang (MaDonMuaHang, NguoiPhuTrachMua, NgayDat, TongTienMua) values (67, 4, '2019/02/15', 18100000);
insert into DonMuaHang (MaDonMuaHang, NguoiPhuTrachMua, NgayDat, TongTienMua) values (68, 17, '2019/11/12', 46000000);
insert into DonMuaHang (MaDonMuaHang, NguoiPhuTrachMua, NgayDat, TongTienMua) values (69, 27, '2019/08/16', 87900000);
insert into DonMuaHang (MaDonMuaHang, NguoiPhuTrachMua, NgayDat, TongTienMua) values (70, 62, '2019/03/19', 82600000);
insert into DonMuaHang (MaDonMuaHang, NguoiPhuTrachMua, NgayDat, TongTienMua) values (71, 72, '2019/05/02', 29600000);
insert into DonMuaHang (MaDonMuaHang, NguoiPhuTrachMua, NgayDat, TongTienMua) values (72, 87, '2019/11/01', 78900000);
insert into DonMuaHang (MaDonMuaHang, NguoiPhuTrachMua, NgayDat, TongTienMua) values (73, 44, '2019/04/05', 76400000);
insert into DonMuaHang (MaDonMuaHang, NguoiPhuTrachMua, NgayDat, TongTienMua) values (74, 66, '2019/05/14', 91200000);
insert into DonMuaHang (MaDonMuaHang, NguoiPhuTrachMua, NgayDat, TongTienMua) values (75, 2, '2019/02/02', 55200000);
insert into DonMuaHang (MaDonMuaHang, NguoiPhuTrachMua, NgayDat, TongTienMua) values (76, 32, '2019/03/09', 99800000);
insert into DonMuaHang (MaDonMuaHang, NguoiPhuTrachMua, NgayDat, TongTienMua) values (77, 72, '2019/02/13', 90900000);
insert into DonMuaHang (MaDonMuaHang, NguoiPhuTrachMua, NgayDat, TongTienMua) values (78, 21, '2019/01/20', 60800000);
insert into DonMuaHang (MaDonMuaHang, NguoiPhuTrachMua, NgayDat, TongTienMua) values (79, 80, '2019/05/24', 44200000);
insert into DonMuaHang (MaDonMuaHang, NguoiPhuTrachMua, NgayDat, TongTienMua) values (80, 98, '2019/02/09', 50100000);
insert into DonMuaHang (MaDonMuaHang, NguoiPhuTrachMua, NgayDat, TongTienMua) values (81, 93, '2019/08/23', 95800000);
insert into DonMuaHang (MaDonMuaHang, NguoiPhuTrachMua, NgayDat, TongTienMua) values (82, 23, '2019/08/27', 48700000);
insert into DonMuaHang (MaDonMuaHang, NguoiPhuTrachMua, NgayDat, TongTienMua) values (83, 16, '2019/08/21', 72000000);
insert into DonMuaHang (MaDonMuaHang, NguoiPhuTrachMua, NgayDat, TongTienMua) values (84, 20, '2019/05/09', 68300000);
insert into DonMuaHang (MaDonMuaHang, NguoiPhuTrachMua, NgayDat, TongTienMua) values (85, 58, '2019/05/31', 94000000);
insert into DonMuaHang (MaDonMuaHang, NguoiPhuTrachMua, NgayDat, TongTienMua) values (86, 42, '2019/05/15', 43900000);
insert into DonMuaHang (MaDonMuaHang, NguoiPhuTrachMua, NgayDat, TongTienMua) values (87, 76, '2019/11/21', 19900000);
insert into DonMuaHang (MaDonMuaHang, NguoiPhuTrachMua, NgayDat, TongTienMua) values (88, 68, '2019/08/26', 33100000);
insert into DonMuaHang (MaDonMuaHang, NguoiPhuTrachMua, NgayDat, TongTienMua) values (89, 54, '2019/10/27', 8800000);
insert into DonMuaHang (MaDonMuaHang, NguoiPhuTrachMua, NgayDat, TongTienMua) values (90, 20, '2019/03/24', 28800000);
insert into DonMuaHang (MaDonMuaHang, NguoiPhuTrachMua, NgayDat, TongTienMua) values (91, 92, '2019/05/21', 76000000);
insert into DonMuaHang (MaDonMuaHang, NguoiPhuTrachMua, NgayDat, TongTienMua) values (92, 90, '2019/02/17', 30700000);
insert into DonMuaHang (MaDonMuaHang, NguoiPhuTrachMua, NgayDat, TongTienMua) values (93, 63, '2019/08/16', 52900000);
insert into DonMuaHang (MaDonMuaHang, NguoiPhuTrachMua, NgayDat, TongTienMua) values (94, 46, '2019/11/21', 95900000);
insert into DonMuaHang (MaDonMuaHang, NguoiPhuTrachMua, NgayDat, TongTienMua) values (95, 94, '2019/09/28', 34900000);
insert into DonMuaHang (MaDonMuaHang, NguoiPhuTrachMua, NgayDat, TongTienMua) values (96, 58, '2019/01/23', 43300000);
insert into DonMuaHang (MaDonMuaHang, NguoiPhuTrachMua, NgayDat, TongTienMua) values (97, 87, '2018/11/23', 66100000);
insert into DonMuaHang (MaDonMuaHang, NguoiPhuTrachMua, NgayDat, TongTienMua) values (98, 30, '2019/06/10', 34200000);
insert into DonMuaHang (MaDonMuaHang, NguoiPhuTrachMua, NgayDat, TongTienMua) values (99, 62, '2019/08/05', 75000000);
insert into DonMuaHang (MaDonMuaHang, NguoiPhuTrachMua, NgayDat, TongTienMua) values (100, 79, '2019/01/17', 88400000);
go
insert into CTMua (MaNCC, MaSP, MaDonMuaHang, DonGia) values ('Hill', 13, 22, 8050000);
insert into CTMua (MaNCC, MaSP, MaDonMuaHang, DonGia) values ('Plaza', 55, 37, 7000000);
insert into CTMua (MaNCC, MaSP, MaDonMuaHang, DonGia) values ('Way', 51, 33, 1680000);
insert into CTMua (MaNCC, MaSP, MaDonMuaHang, DonGia) values ('Lane', 32, 65, 2080000);
insert into CTMua (MaNCC, MaSP, MaDonMuaHang, DonGia) values ('Point', 27, 70, 6300000);
insert into CTMua (MaNCC, MaSP, MaDonMuaHang, DonGia) values ('Drive', 4, 96, 6840000);
insert into CTMua (MaNCC, MaSP, MaDonMuaHang, DonGia) values ('Crossing', 7, 72, 2100000);
insert into CTMua (MaNCC, MaSP, MaDonMuaHang, DonGia) values ('Lane', 89, 59, 8010000);
insert into CTMua (MaNCC, MaSP, MaDonMuaHang, DonGia) values ('Drive', 66, 72, 6370000);
insert into CTMua (MaNCC, MaSP, MaDonMuaHang, DonGia) values ('Junction', 54, 75, 1040000);
insert into CTMua (MaNCC, MaSP, MaDonMuaHang, DonGia) values ('Alley', 94, 76, 3150000);
insert into CTMua (MaNCC, MaSP, MaDonMuaHang, DonGia) values ('Pass', 48, 34, 7810000);
insert into CTMua (MaNCC, MaSP, MaDonMuaHang, DonGia) values ('Center', 97, 73, 9570000);
insert into CTMua (MaNCC, MaSP, MaDonMuaHang, DonGia) values ('Way', 92, 47, 830000);
insert into CTMua (MaNCC, MaSP, MaDonMuaHang, DonGia) values ('Terrace', 49, 7, 3510000);
insert into CTMua (MaNCC, MaSP, MaDonMuaHang, DonGia) values ('Center', 64, 90, 590000);
insert into CTMua (MaNCC, MaSP, MaDonMuaHang, DonGia) values ('Lane', 46, 82, 9790000);
insert into CTMua (MaNCC, MaSP, MaDonMuaHang, DonGia) values ('Park', 7, 89, 4260000);
insert into CTMua (MaNCC, MaSP, MaDonMuaHang, DonGia) values ('Avenue', 36, 55, 7330000);
insert into CTMua (MaNCC, MaSP, MaDonMuaHang, DonGia) values ('Hill', 34, 84, 4970000);
insert into CTMua (MaNCC, MaSP, MaDonMuaHang, DonGia) values ('Hill', 48, 20, 7990000);
insert into CTMua (MaNCC, MaSP, MaDonMuaHang, DonGia) values ('Drive', 5, 19, 3740000);
insert into CTMua (MaNCC, MaSP, MaDonMuaHang, DonGia) values ('Road', 2, 18, 2660000);
insert into CTMua (MaNCC, MaSP, MaDonMuaHang, DonGia) values ('Pass', 6, 79, 3030000);
insert into CTMua (MaNCC, MaSP, MaDonMuaHang, DonGia) values ('Crossing', 96, 5, 3180000);
insert into CTMua (MaNCC, MaSP, MaDonMuaHang, DonGia) values ('Junction', 73, 13, 740000);
insert into CTMua (MaNCC, MaSP, MaDonMuaHang, DonGia) values ('Pass', 87, 23, 9940000);
insert into CTMua (MaNCC, MaSP, MaDonMuaHang, DonGia) values ('Park', 67, 89, 6420000);
insert into CTMua (MaNCC, MaSP, MaDonMuaHang, DonGia) values ('Crossing', 7, 62, 5630000);
insert into CTMua (MaNCC, MaSP, MaDonMuaHang, DonGia) values ('Center', 79, 84, 2270000);
insert into CTMua (MaNCC, MaSP, MaDonMuaHang, DonGia) values ('Pass', 64, 98, 4950000);
insert into CTMua (MaNCC, MaSP, MaDonMuaHang, DonGia) values ('Plaza', 59, 75, 7300000);
insert into CTMua (MaNCC, MaSP, MaDonMuaHang, DonGia) values ('Street', 38, 46, 7260000);
insert into CTMua (MaNCC, MaSP, MaDonMuaHang, DonGia) values ('Junction', 69, 7, 9710000);
insert into CTMua (MaNCC, MaSP, MaDonMuaHang, DonGia) values ('Road', 43, 80, 1230000);
insert into CTMua (MaNCC, MaSP, MaDonMuaHang, DonGia) values ('Center', 8, 19, 8390000);
insert into CTMua (MaNCC, MaSP, MaDonMuaHang, DonGia) values ('Road', 43, 68, 6950000);
insert into CTMua (MaNCC, MaSP, MaDonMuaHang, DonGia) values ('Center', 79, 47, 50000);
insert into CTMua (MaNCC, MaSP, MaDonMuaHang, DonGia) values ('Alley', 96, 100, 9050000);
insert into CTMua (MaNCC, MaSP, MaDonMuaHang, DonGia) values ('Road', 32, 9, 6230000);
insert into CTMua (MaNCC, MaSP, MaDonMuaHang, DonGia) values ('Center', 79, 67, 990000);
insert into CTMua (MaNCC, MaSP, MaDonMuaHang, DonGia) values ('Street', 46, 40, 7510000);
insert into CTMua (MaNCC, MaSP, MaDonMuaHang, DonGia) values ('Drive', 84, 31, 6690000);
insert into CTMua (MaNCC, MaSP, MaDonMuaHang, DonGia) values ('Place', 92, 58, 1910000);
insert into CTMua (MaNCC, MaSP, MaDonMuaHang, DonGia) values ('Court', 75, 28, 6510000);
insert into CTMua (MaNCC, MaSP, MaDonMuaHang, DonGia) values ('Park', 7, 83, 1130000);
insert into CTMua (MaNCC, MaSP, MaDonMuaHang, DonGia) values ('Center', 49, 58, 7340000);
insert into CTMua (MaNCC, MaSP, MaDonMuaHang, DonGia) values ('Drive', 70, 67, 9270000);
insert into CTMua (MaNCC, MaSP, MaDonMuaHang, DonGia) values ('Junction', 54, 54, 3880000);
insert into CTMua (MaNCC, MaSP, MaDonMuaHang, DonGia) values ('Pass', 8, 90, 4820000);
insert into CTMua (MaNCC, MaSP, MaDonMuaHang, DonGia) values ('Circle', 46, 76, 9680000);
insert into CTMua (MaNCC, MaSP, MaDonMuaHang, DonGia) values ('Drive', 92, 11, 8210000);
insert into CTMua (MaNCC, MaSP, MaDonMuaHang, DonGia) values ('Trail', 4, 32, 9120000);
insert into CTMua (MaNCC, MaSP, MaDonMuaHang, DonGia) values ('Lane', 48, 36, 1920000);
insert into CTMua (MaNCC, MaSP, MaDonMuaHang, DonGia) values ('Hill', 10, 99, 8670000);
insert into CTMua (MaNCC, MaSP, MaDonMuaHang, DonGia) values ('Center', 95, 87, 1890000);
insert into CTMua (MaNCC, MaSP, MaDonMuaHang, DonGia) values ('Junction', 69, 6, 1060000);
insert into CTMua (MaNCC, MaSP, MaDonMuaHang, DonGia) values ('Place', 85, 38, 1680000);
insert into CTMua (MaNCC, MaSP, MaDonMuaHang, DonGia) values ('Center', 65, 47, 6600000);
insert into CTMua (MaNCC, MaSP, MaDonMuaHang, DonGia) values ('Pass', 75, 16, 2740000);
insert into CTMua (MaNCC, MaSP, MaDonMuaHang, DonGia) values ('Crossing', 96, 47, 710000);
insert into CTMua (MaNCC, MaSP, MaDonMuaHang, DonGia) values ('Drive', 92, 70, 7950000);
insert into CTMua (MaNCC, MaSP, MaDonMuaHang, DonGia) values ('Road', 6, 12, 8000000);
insert into CTMua (MaNCC, MaSP, MaDonMuaHang, DonGia) values ('Pass', 41, 24, 1470000);
insert into CTMua (MaNCC, MaSP, MaDonMuaHang, DonGia) values ('Center', 22, 94, 5650000);
insert into CTMua (MaNCC, MaSP, MaDonMuaHang, DonGia) values ('Pass', 71, 55, 5360000);
insert into CTMua (MaNCC, MaSP, MaDonMuaHang, DonGia) values ('Drive', 29, 20, 4700000);
insert into CTMua (MaNCC, MaSP, MaDonMuaHang, DonGia) values ('Road', 2, 13, 7890000);
insert into CTMua (MaNCC, MaSP, MaDonMuaHang, DonGia) values ('Plaza', 15, 89, 970000);
insert into CTMua (MaNCC, MaSP, MaDonMuaHang, DonGia) values ('Junction', 64, 19, 8010000);
insert into CTMua (MaNCC, MaSP, MaDonMuaHang, DonGia) values ('Crossing', 44, 92, 9450000);
insert into CTMua (MaNCC, MaSP, MaDonMuaHang, DonGia) values ('Center', 47, 20, 9590000);
insert into CTMua (MaNCC, MaSP, MaDonMuaHang, DonGia) values ('Hill', 70, 83, 7810000);
insert into CTMua (MaNCC, MaSP, MaDonMuaHang, DonGia) values ('Terrace', 49, 4, 8580000);
insert into CTMua (MaNCC, MaSP, MaDonMuaHang, DonGia) values ('Way', 97, 13, 2800000);
insert into CTMua (MaNCC, MaSP, MaDonMuaHang, DonGia) values ('Pass', 41, 63, 930000);
insert into CTMua (MaNCC, MaSP, MaDonMuaHang, DonGia) values ('Terrace', 67, 99, 8750000);
insert into CTMua (MaNCC, MaSP, MaDonMuaHang, DonGia) values ('Road', 46, 73, 4760000);
insert into CTMua (MaNCC, MaSP, MaDonMuaHang, DonGia) values ('Road', 32, 61, 8150000);
insert into CTMua (MaNCC, MaSP, MaDonMuaHang, DonGia) values ('Trail', 19, 59, 2870000);
insert into CTMua (MaNCC, MaSP, MaDonMuaHang, DonGia) values ('Center', 22, 3, 9230000);
insert into CTMua (MaNCC, MaSP, MaDonMuaHang, DonGia) values ('Plaza', 55, 82, 6100000);
insert into CTMua (MaNCC, MaSP, MaDonMuaHang, DonGia) values ('Way', 92, 99, 7240000);
insert into CTMua (MaNCC, MaSP, MaDonMuaHang, DonGia) values ('Place', 91, 2, 7970000);
insert into CTMua (MaNCC, MaSP, MaDonMuaHang, DonGia) values ('Pass', 6, 42, 9820000);
insert into CTMua (MaNCC, MaSP, MaDonMuaHang, DonGia) values ('Pass', 23, 58, 2760000);
insert into CTMua (MaNCC, MaSP, MaDonMuaHang, DonGia) values ('Way', 92, 40, 340000);
insert into CTMua (MaNCC, MaSP, MaDonMuaHang, DonGia) values ('Street', 28, 6, 9640000);
insert into CTMua (MaNCC, MaSP, MaDonMuaHang, DonGia) values ('Drive', 31, 32, 1030000);
insert into CTMua (MaNCC, MaSP, MaDonMuaHang, DonGia) values ('Place', 3, 22, 8050000);
insert into CTMua (MaNCC, MaSP, MaDonMuaHang, DonGia) values ('Drive', 31, 5, 940000);
insert into CTMua (MaNCC, MaSP, MaDonMuaHang, DonGia) values ('Place', 18, 53, 1460000);
insert into CTMua (MaNCC, MaSP, MaDonMuaHang, DonGia) values ('Plaza', 55, 28, 5140000);
insert into CTMua (MaNCC, MaSP, MaDonMuaHang, DonGia) values ('Alley', 94, 99, 9950000);
insert into CTMua (MaNCC, MaSP, MaDonMuaHang, DonGia) values ('Center', 83, 25, 7140000);
insert into CTMua (MaNCC, MaSP, MaDonMuaHang, DonGia) values ('Center', 26, 26, 1330000);
insert into CTMua (MaNCC, MaSP, MaDonMuaHang, DonGia) values ('Center', 79, 16, 3940000);
insert into CTMua (MaNCC, MaSP, MaDonMuaHang, DonGia) values ('Lane', 69, 12, 270000);
insert into CTMua (MaNCC, MaSP, MaDonMuaHang, DonGia) values ('Drive', 4, 70, 4640000);
insert into CTMua (MaNCC, MaSP, MaDonMuaHang, DonGia) values ('Crossing', 83, 47, 9020000);
insert into CTMua (MaNCC, MaSP, MaDonMuaHang, DonGia) values ('Drive', 87, 81, 6610000);
insert into CTMua (MaNCC, MaSP, MaDonMuaHang, DonGia) values ('Road', 32, 47, 2170000);
insert into CTMua (MaNCC, MaSP, MaDonMuaHang, DonGia) values ('Circle', 31, 54, 5070000);
insert into CTMua (MaNCC, MaSP, MaDonMuaHang, DonGia) values ('Hill', 90, 95, 9640000);
insert into CTMua (MaNCC, MaSP, MaDonMuaHang, DonGia) values ('Avenue', 10, 31, 8120000);
insert into CTMua (MaNCC, MaSP, MaDonMuaHang, DonGia) values ('Road', 2, 52, 9130000);
insert into CTMua (MaNCC, MaSP, MaDonMuaHang, DonGia) values ('Circle', 30, 85, 7190000);
insert into CTMua (MaNCC, MaSP, MaDonMuaHang, DonGia) values ('Pass', 48, 34, 4430000);
insert into CTMua (MaNCC, MaSP, MaDonMuaHang, DonGia) values ('Way', 92, 83, 8590000);
insert into CTMua (MaNCC, MaSP, MaDonMuaHang, DonGia) values ('Way', 37, 20, 8710000);
insert into CTMua (MaNCC, MaSP, MaDonMuaHang, DonGia) values ('Center', 63, 45, 5020000);
insert into CTMua (MaNCC, MaSP, MaDonMuaHang, DonGia) values ('Way', 92, 86, 2920000);
insert into CTMua (MaNCC, MaSP, MaDonMuaHang, DonGia) values ('Hill', 90, 20, 6860000);
insert into CTMua (MaNCC, MaSP, MaDonMuaHang, DonGia) values ('Lane', 62, 83, 1050000);
insert into CTMua (MaNCC, MaSP, MaDonMuaHang, DonGia) values ('Road', 2, 66, 9950000);
insert into CTMua (MaNCC, MaSP, MaDonMuaHang, DonGia) values ('Lane', 43, 32, 7600000);
insert into CTMua (MaNCC, MaSP, MaDonMuaHang, DonGia) values ('Center', 79, 21, 3750000);
insert into CTMua (MaNCC, MaSP, MaDonMuaHang, DonGia) values ('Place', 20, 17, 3680000);
insert into CTMua (MaNCC, MaSP, MaDonMuaHang, DonGia) values ('Road', 82, 59, 4830000);
insert into CTMua (MaNCC, MaSP, MaDonMuaHang, DonGia) values ('Terrace', 49, 69, 3640000);
insert into CTMua (MaNCC, MaSP, MaDonMuaHang, DonGia) values ('Pass', 48, 44, 5650000);
insert into CTMua (MaNCC, MaSP, MaDonMuaHang, DonGia) values ('Center', 7, 45, 5960000);
insert into CTMua (MaNCC, MaSP, MaDonMuaHang, DonGia) values ('Park', 37, 41, 6260000);
insert into CTMua (MaNCC, MaSP, MaDonMuaHang, DonGia) values ('Center', 7, 91, 70000);
insert into CTMua (MaNCC, MaSP, MaDonMuaHang, DonGia) values ('Pass', 23, 47, 9580000);
insert into CTMua (MaNCC, MaSP, MaDonMuaHang, DonGia) values ('Center', 14, 45, 2760000);
insert into CTMua (MaNCC, MaSP, MaDonMuaHang, DonGia) values ('Alley', 94, 16, 600000);
insert into CTMua (MaNCC, MaSP, MaDonMuaHang, DonGia) values ('Avenue', 74, 93, 5740000);
insert into CTMua (MaNCC, MaSP, MaDonMuaHang, DonGia) values ('Alley', 63, 78, 1360000);
insert into CTMua (MaNCC, MaSP, MaDonMuaHang, DonGia) values ('Avenue', 61, 33, 1400000);
insert into CTMua (MaNCC, MaSP, MaDonMuaHang, DonGia) values ('Junction', 54, 46, 7270000);
insert into CTMua (MaNCC, MaSP, MaDonMuaHang, DonGia) values ('Trail', 19, 98, 6560000);
insert into CTMua (MaNCC, MaSP, MaDonMuaHang, DonGia) values ('Place', 65, 97, 4530000);
insert into CTMua (MaNCC, MaSP, MaDonMuaHang, DonGia) values ('Way', 48, 77, 9070000);
insert into CTMua (MaNCC, MaSP, MaDonMuaHang, DonGia) values ('Road', 37, 55, 7810000);
insert into CTMua (MaNCC, MaSP, MaDonMuaHang, DonGia) values ('Junction', 64, 79, 580000);
insert into CTMua (MaNCC, MaSP, MaDonMuaHang, DonGia) values ('Road', 46, 21, 1920000);
insert into CTMua (MaNCC, MaSP, MaDonMuaHang, DonGia) values ('Point', 71, 54, 6470000);
insert into CTMua (MaNCC, MaSP, MaDonMuaHang, DonGia) values ('Street', 35, 89, 6650000);
insert into CTMua (MaNCC, MaSP, MaDonMuaHang, DonGia) values ('Road', 43, 44, 8130000);
insert into CTMua (MaNCC, MaSP, MaDonMuaHang, DonGia) values ('Lane', 91, 60, 6630000);
insert into CTMua (MaNCC, MaSP, MaDonMuaHang, DonGia) values ('Crossing', 96, 6, 4210000);
insert into CTMua (MaNCC, MaSP, MaDonMuaHang, DonGia) values ('Center', 7, 38, 1830000);
insert into CTMua (MaNCC, MaSP, MaDonMuaHang, DonGia) values ('Hill', 7, 23, 2780000);
insert into CTMua (MaNCC, MaSP, MaDonMuaHang, DonGia) values ('Pass', 64, 88, 3740000);
insert into CTMua (MaNCC, MaSP, MaDonMuaHang, DonGia) values ('Trail', 19, 24, 8870000);
insert into CTMua (MaNCC, MaSP, MaDonMuaHang, DonGia) values ('Junction', 64, 81, 4840000);
insert into CTMua (MaNCC, MaSP, MaDonMuaHang, DonGia) values ('Drive', 65, 98, 3580000);
insert into CTMua (MaNCC, MaSP, MaDonMuaHang, DonGia) values ('Hill', 10, 17, 2840000);
insert into CTMua (MaNCC, MaSP, MaDonMuaHang, DonGia) values ('Crossing', 7, 68, 9970000);
insert into CTMua (MaNCC, MaSP, MaDonMuaHang, DonGia) values ('Hill', 7, 86, 4460000);
insert into CTMua (MaNCC, MaSP, MaDonMuaHang, DonGia) values ('Place', 20, 29, 2950000);
insert into CTMua (MaNCC, MaSP, MaDonMuaHang, DonGia) values ('Drive', 86, 66, 4390000);
insert into CTMua (MaNCC, MaSP, MaDonMuaHang, DonGia) values ('Alley', 63, 37, 5370000);
insert into CTMua (MaNCC, MaSP, MaDonMuaHang, DonGia) values ('Alley', 21, 97, 2980000);
insert into CTMua (MaNCC, MaSP, MaDonMuaHang, DonGia) values ('Avenue', 36, 57, 4930000);
insert into CTMua (MaNCC, MaSP, MaDonMuaHang, DonGia) values ('Drive', 93, 94, 2630000);
insert into CTMua (MaNCC, MaSP, MaDonMuaHang, DonGia) values ('Place', 14, 2, 3810000);
insert into CTMua (MaNCC, MaSP, MaDonMuaHang, DonGia) values ('Place', 98, 37, 1960000);
insert into CTMua (MaNCC, MaSP, MaDonMuaHang, DonGia) values ('Point', 27, 87, 5530000);
insert into CTMua (MaNCC, MaSP, MaDonMuaHang, DonGia) values ('Place', 12, 29, 9920000);
insert into CTMua (MaNCC, MaSP, MaDonMuaHang, DonGia) values ('Crossing', 7, 7, 8070000);
insert into CTMua (MaNCC, MaSP, MaDonMuaHang, DonGia) values ('Place', 85, 45, 5830000);
insert into CTMua (MaNCC, MaSP, MaDonMuaHang, DonGia) values ('Place', 49, 1, 1470000);
insert into CTMua (MaNCC, MaSP, MaDonMuaHang, DonGia) values ('Street', 50, 73, 6380000);
insert into CTMua (MaNCC, MaSP, MaDonMuaHang, DonGia) values ('Place', 18, 56, 7500000);
insert into CTMua (MaNCC, MaSP, MaDonMuaHang, DonGia) values ('Hill', 44, 2, 1670000);
insert into CTMua (MaNCC, MaSP, MaDonMuaHang, DonGia) values ('Center', 22, 76, 3390000);
insert into CTMua (MaNCC, MaSP, MaDonMuaHang, DonGia) values ('Park', 67, 80, 9140000);
insert into CTMua (MaNCC, MaSP, MaDonMuaHang, DonGia) values ('Street', 17, 29, 4600000);
insert into CTMua (MaNCC, MaSP, MaDonMuaHang, DonGia) values ('Junction', 64, 61, 2810000);
insert into CTMua (MaNCC, MaSP, MaDonMuaHang, DonGia) values ('Terrace', 49, 35, 590000);
insert into CTMua (MaNCC, MaSP, MaDonMuaHang, DonGia) values ('Point', 7, 75, 4170000);
insert into CTMua (MaNCC, MaSP, MaDonMuaHang, DonGia) values ('Pass', 68, 70, 7660000);
insert into CTMua (MaNCC, MaSP, MaDonMuaHang, DonGia) values ('Lane', 62, 68, 3430000);
insert into CTMua (MaNCC, MaSP, MaDonMuaHang, DonGia) values ('Avenue', 36, 1, 3140000);
insert into CTMua (MaNCC, MaSP, MaDonMuaHang, DonGia) values ('Trail', 4, 50, 840000);
insert into CTMua (MaNCC, MaSP, MaDonMuaHang, DonGia) values ('Hill', 7, 17, 2080000);
insert into CTMua (MaNCC, MaSP, MaDonMuaHang, DonGia) values ('Hill', 65, 45, 8280000);
insert into CTMua (MaNCC, MaSP, MaDonMuaHang, DonGia) values ('Road', 32, 86, 3470000);
insert into CTMua (MaNCC, MaSP, MaDonMuaHang, DonGia) values ('Point', 40, 21, 5580000);
insert into CTMua (MaNCC, MaSP, MaDonMuaHang, DonGia) values ('Center', 26, 100, 4320000);
insert into CTMua (MaNCC, MaSP, MaDonMuaHang, DonGia) values ('Lane', 62, 28, 8150000);
insert into CTMua (MaNCC, MaSP, MaDonMuaHang, DonGia) values ('Way', 11, 43, 7600000);
insert into CTMua (MaNCC, MaSP, MaDonMuaHang, DonGia) values ('Plaza', 15, 23, 6100000);
insert into CTMua (MaNCC, MaSP, MaDonMuaHang, DonGia) values ('Street', 46, 34, 6630000);
insert into CTMua (MaNCC, MaSP, MaDonMuaHang, DonGia) values ('Hill', 76, 79, 8670000);
insert into CTMua (MaNCC, MaSP, MaDonMuaHang, DonGia) values ('Alley', 96, 72, 1580000);
insert into CTMua (MaNCC, MaSP, MaDonMuaHang, DonGia) values ('Lane', 77, 11, 9520000);
insert into CTMua (MaNCC, MaSP, MaDonMuaHang, DonGia) values ('Hill', 62, 69, 1820000);
insert into CTMua (MaNCC, MaSP, MaDonMuaHang, DonGia) values ('Place', 18, 23, 3150000);
insert into CTMua (MaNCC, MaSP, MaDonMuaHang, DonGia) values ('Place', 3, 39, 2840000);
insert into CTMua (MaNCC, MaSP, MaDonMuaHang, DonGia) values ('Lane', 77, 41, 4380000);
insert into CTMua (MaNCC, MaSP, MaDonMuaHang, DonGia) values ('Alley', 2, 74, 190000);
insert into CTMua (MaNCC, MaSP, MaDonMuaHang, DonGia) values ('Place', 98, 40, 5860000);
insert into CTMua (MaNCC, MaSP, MaDonMuaHang, DonGia) values ('Place', 91, 66, 4480000);
insert into CTMua (MaNCC, MaSP, MaDonMuaHang, DonGia) values ('Avenue', 30, 41, 690000);
insert into CTMua (MaNCC, MaSP, MaDonMuaHang, DonGia) values ('Alley', 68, 23, 2220000);
insert into CTMua (MaNCC, MaSP, MaDonMuaHang, DonGia) values ('Drive', 1, 34, 8620000);
insert into CTMua (MaNCC, MaSP, MaDonMuaHang, DonGia) values ('Center', 64, 96, 5540000);
insert into CTMua (MaNCC, MaSP, MaDonMuaHang, DonGia) values ('Road', 6, 85, 6100000);
insert into CTMua (MaNCC, MaSP, MaDonMuaHang, DonGia) values ('Drive', 93, 81, 2530000);
insert into CTMua (MaNCC, MaSP, MaDonMuaHang, DonGia) values ('Lane', 32, 48, 7760000);
insert into CTMua (MaNCC, MaSP, MaDonMuaHang, DonGia) values ('Terrace', 53, 55, 9720000);
insert into CTMua (MaNCC, MaSP, MaDonMuaHang, DonGia) values ('Drive', 4, 4, 5990000);
insert into CTMua (MaNCC, MaSP, MaDonMuaHang, DonGia) values ('Crossing', 72, 30, 5310000);
insert into CTMua (MaNCC, MaSP, MaDonMuaHang, DonGia) values ('Place', 91, 32, 7370000);
insert into CTMua (MaNCC, MaSP, MaDonMuaHang, DonGia) values ('Pass', 73, 34, 9660000);
insert into CTMua (MaNCC, MaSP, MaDonMuaHang, DonGia) values ('Pass', 73, 25, 2870000);
insert into CTMua (MaNCC, MaSP, MaDonMuaHang, DonGia) values ('Street', 50, 28, 630000);
insert into CTMua (MaNCC, MaSP, MaDonMuaHang, DonGia) values ('Alley', 73, 3, 4850000);
insert into CTMua (MaNCC, MaSP, MaDonMuaHang, DonGia) values ('Lane', 91, 23, 4000000);
insert into CTMua (MaNCC, MaSP, MaDonMuaHang, DonGia) values ('Pass', 48, 61, 9240000);
insert into CTMua (MaNCC, MaSP, MaDonMuaHang, DonGia) values ('Road', 2, 86, 3740000);
insert into CTMua (MaNCC, MaSP, MaDonMuaHang, DonGia) values ('Way', 92, 30, 3040000);
insert into CTMua (MaNCC, MaSP, MaDonMuaHang, DonGia) values ('Plaza', 81, 65, 160000);
insert into CTMua (MaNCC, MaSP, MaDonMuaHang, DonGia) values ('Drive', 65, 17, 7910000);
insert into CTMua (MaNCC, MaSP, MaDonMuaHang, DonGia) values ('Lane', 46, 33, 1280000);
insert into CTMua (MaNCC, MaSP, MaDonMuaHang, DonGia) values ('Way', 99, 61, 7540000);
insert into CTMua (MaNCC, MaSP, MaDonMuaHang, DonGia) values ('Hill', 70, 50, 1300000);
insert into CTMua (MaNCC, MaSP, MaDonMuaHang, DonGia) values ('Center', 14, 41, 2360000);
insert into CTMua (MaNCC, MaSP, MaDonMuaHang, DonGia) values ('Junction', 76, 80, 6230000);
insert into CTMua (MaNCC, MaSP, MaDonMuaHang, DonGia) values ('Trail', 19, 16, 8150000);
insert into CTMua (MaNCC, MaSP, MaDonMuaHang, DonGia) values ('Place', 3, 41, 1050000);
insert into CTMua (MaNCC, MaSP, MaDonMuaHang, DonGia) values ('Place', 20, 3, 370000);
insert into CTMua (MaNCC, MaSP, MaDonMuaHang, DonGia) values ('Plaza', 72, 13, 2090000);
insert into CTMua (MaNCC, MaSP, MaDonMuaHang, DonGia) values ('Drive', 4, 19, 9540000);
insert into CTMua (MaNCC, MaSP, MaDonMuaHang, DonGia) values ('Place', 12, 76, 2110000);
insert into CTMua (MaNCC, MaSP, MaDonMuaHang, DonGia) values ('Hill', 65, 79, 7490000);
insert into CTMua (MaNCC, MaSP, MaDonMuaHang, DonGia) values ('Lane', 69, 39, 8740000);
insert into CTMua (MaNCC, MaSP, MaDonMuaHang, DonGia) values ('Drive', 31, 60, 7330000);
insert into CTMua (MaNCC, MaSP, MaDonMuaHang, DonGia) values ('Hill', 34, 2, 5000000);
insert into CTMua (MaNCC, MaSP, MaDonMuaHang, DonGia) values ('Trail', 9, 83, 3880000);
insert into CTMua (MaNCC, MaSP, MaDonMuaHang, DonGia) values ('Place', 14, 45, 6290000);
insert into CTMua (MaNCC, MaSP, MaDonMuaHang, DonGia) values ('Point', 40, 68, 4140000);
insert into CTMua (MaNCC, MaSP, MaDonMuaHang, DonGia) values ('Alley', 21, 3, 800000);
insert into CTMua (MaNCC, MaSP, MaDonMuaHang, DonGia) values ('Place', 14, 25, 9650000);
insert into CTMua (MaNCC, MaSP, MaDonMuaHang, DonGia) values ('Place', 20, 39, 8830000);
insert into CTMua (MaNCC, MaSP, MaDonMuaHang, DonGia) values ('Lane', 62, 64, 2660000);
insert into CTMua (MaNCC, MaSP, MaDonMuaHang, DonGia) values ('Pass', 71, 43, 9770000);
insert into CTMua (MaNCC, MaSP, MaDonMuaHang, DonGia) values ('Center', 49, 73, 9840000);
insert into CTMua (MaNCC, MaSP, MaDonMuaHang, DonGia) values ('Avenue', 10, 17, 7670000);
insert into CTMua (MaNCC, MaSP, MaDonMuaHang, DonGia) values ('Circle', 46, 71, 5320000);
insert into CTMua (MaNCC, MaSP, MaDonMuaHang, DonGia) values ('Drive', 5, 21, 270000);
insert into CTMua (MaNCC, MaSP, MaDonMuaHang, DonGia) values ('Place', 65, 83, 2590000);
insert into CTMua (MaNCC, MaSP, MaDonMuaHang, DonGia) values ('Road', 82, 63, 60000);
insert into CTMua (MaNCC, MaSP, MaDonMuaHang, DonGia) values ('Drive', 70, 47, 1250000);
insert into CTMua (MaNCC, MaSP, MaDonMuaHang, DonGia) values ('Hill', 65, 86, 5050000);
insert into CTMua (MaNCC, MaSP, MaDonMuaHang, DonGia) values ('Crossing', 56, 99, 5280000);
insert into CTMua (MaNCC, MaSP, MaDonMuaHang, DonGia) values ('Drive', 29, 65, 770000);
insert into CTMua (MaNCC, MaSP, MaDonMuaHang, DonGia) values ('Way', 97, 67, 8660000);
insert into CTMua (MaNCC, MaSP, MaDonMuaHang, DonGia) values ('Road', 54, 69, 7790000);
insert into CTMua (MaNCC, MaSP, MaDonMuaHang, DonGia) values ('Place', 98, 40, 4690000);
insert into CTMua (MaNCC, MaSP, MaDonMuaHang, DonGia) values ('Road', 29, 50, 2650000);
insert into CTMua (MaNCC, MaSP, MaDonMuaHang, DonGia) values ('Pass', 23, 99, 5830000);
insert into CTMua (MaNCC, MaSP, MaDonMuaHang, DonGia) values ('Road', 82, 80, 8070000);
insert into CTMua (MaNCC, MaSP, MaDonMuaHang, DonGia) values ('Pass', 48, 27, 120000);
insert into CTMua (MaNCC, MaSP, MaDonMuaHang, DonGia) values ('Road', 43, 54, 2510000);
insert into CTMua (MaNCC, MaSP, MaDonMuaHang, DonGia) values ('Plaza', 81, 43, 470000);
insert into CTMua (MaNCC, MaSP, MaDonMuaHang, DonGia) values ('Way', 99, 11, 3630000);
insert into CTMua (MaNCC, MaSP, MaDonMuaHang, DonGia) values ('Hill', 76, 93, 1120000);
insert into CTMua (MaNCC, MaSP, MaDonMuaHang, DonGia) values ('Road', 37, 79, 440000);
insert into CTMua (MaNCC, MaSP, MaDonMuaHang, DonGia) values ('Drive', 31, 47, 1240000);
insert into CTMua (MaNCC, MaSP, MaDonMuaHang, DonGia) values ('Way', 48, 55, 7250000);
insert into CTMua (MaNCC, MaSP, MaDonMuaHang, DonGia) values ('Terrace', 49, 65, 6800000);
insert into CTMua (MaNCC, MaSP, MaDonMuaHang, DonGia) values ('Drive', 66, 74, 4960000);
insert into CTMua (MaNCC, MaSP, MaDonMuaHang, DonGia) values ('Alley', 11, 13, 190000);
insert into CTMua (MaNCC, MaSP, MaDonMuaHang, DonGia) values ('Alley', 62, 11, 1180000);
insert into CTMua (MaNCC, MaSP, MaDonMuaHang, DonGia) values ('Plaza', 98, 73, 2990000);
insert into CTMua (MaNCC, MaSP, MaDonMuaHang, DonGia) values ('Place', 46, 18, 3310000);
insert into CTMua (MaNCC, MaSP, MaDonMuaHang, DonGia) values ('Drive', 51, 40, 2870000);
insert into CTMua (MaNCC, MaSP, MaDonMuaHang, DonGia) values ('Alley', 96, 3, 7840000);
insert into CTMua (MaNCC, MaSP, MaDonMuaHang, DonGia) values ('Point', 79, 35, 4470000);
insert into CTMua (MaNCC, MaSP, MaDonMuaHang, DonGia) values ('Center', 93, 93, 2860000);
insert into CTMua (MaNCC, MaSP, MaDonMuaHang, DonGia) values ('Hill', 34, 59, 650000);
insert into CTMua (MaNCC, MaSP, MaDonMuaHang, DonGia) values ('Way', 46, 84, 8360000);
insert into CTMua (MaNCC, MaSP, MaDonMuaHang, DonGia) values ('Pass', 6, 40, 2770000);
insert into CTMua (MaNCC, MaSP, MaDonMuaHang, DonGia) values ('Way', 46, 88, 1340000);
insert into CTMua (MaNCC, MaSP, MaDonMuaHang, DonGia) values ('Place', 98, 10, 3630000);
insert into CTMua (MaNCC, MaSP, MaDonMuaHang, DonGia) values ('Pass', 23, 15, 770000);
insert into CTMua (MaNCC, MaSP, MaDonMuaHang, DonGia) values ('Way', 11, 98, 9180000);
insert into CTMua (MaNCC, MaSP, MaDonMuaHang, DonGia) values ('Road', 63, 10, 4570000);
insert into CTMua (MaNCC, MaSP, MaDonMuaHang, DonGia) values ('Circle', 46, 29, 7450000);
insert into CTMua (MaNCC, MaSP, MaDonMuaHang, DonGia) values ('Plaza', 55, 96, 400000);
insert into CTMua (MaNCC, MaSP, MaDonMuaHang, DonGia) values ('Pass', 48, 87, 7560000);
insert into CTMua (MaNCC, MaSP, MaDonMuaHang, DonGia) values ('Way', 46, 62, 2280000);
insert into CTMua (MaNCC, MaSP, MaDonMuaHang, DonGia) values ('Crossing', 28, 56, 7050000);
insert into CTMua (MaNCC, MaSP, MaDonMuaHang, DonGia) values ('Place', 46, 80, 7260000);
insert into CTMua (MaNCC, MaSP, MaDonMuaHang, DonGia) values ('Way', 11, 40, 1500000);
insert into CTMua (MaNCC, MaSP, MaDonMuaHang, DonGia) values ('Park', 67, 8, 9190000);
insert into CTMua (MaNCC, MaSP, MaDonMuaHang, DonGia) values ('Plaza', 81, 28, 9640000);
insert into CTMua (MaNCC, MaSP, MaDonMuaHang, DonGia) values ('Junction', 76, 45, 1270000);
insert into CTMua (MaNCC, MaSP, MaDonMuaHang, DonGia) values ('Road', 54, 35, 4280000);
insert into CTMua (MaNCC, MaSP, MaDonMuaHang, DonGia) values ('Lane', 89, 52, 4920000);
insert into CTMua (MaNCC, MaSP, MaDonMuaHang, DonGia) values ('Crossing', 24, 63, 5180000);
insert into CTMua (MaNCC, MaSP, MaDonMuaHang, DonGia) values ('Hill', 77, 99, 6640000);
insert into CTMua (MaNCC, MaSP, MaDonMuaHang, DonGia) values ('Center', 63, 8, 4160000);
insert into CTMua (MaNCC, MaSP, MaDonMuaHang, DonGia) values ('Lane', 48, 52, 9780000);
insert into CTMua (MaNCC, MaSP, MaDonMuaHang, DonGia) values ('Hill', 39, 93, 7690000);
insert into CTMua (MaNCC, MaSP, MaDonMuaHang, DonGia) values ('Way', 46, 86, 7210000);
insert into CTMua (MaNCC, MaSP, MaDonMuaHang, DonGia) values ('Avenue', 57, 19, 8540000);
insert into CTMua (MaNCC, MaSP, MaDonMuaHang, DonGia) values ('Avenue', 30, 3, 9840000);
insert into CTMua (MaNCC, MaSP, MaDonMuaHang, DonGia) values ('Avenue', 78, 44, 9260000);
insert into CTMua (MaNCC, MaSP, MaDonMuaHang, DonGia) values ('Junction', 76, 25, 1130000);
insert into CTMua (MaNCC, MaSP, MaDonMuaHang, DonGia) values ('Circle', 46, 25, 6630000);
insert into CTMua (MaNCC, MaSP, MaDonMuaHang, DonGia) values ('Crossing', 83, 24, 6480000);
insert into CTMua (MaNCC, MaSP, MaDonMuaHang, DonGia) values ('Point', 82, 20, 3220000);
insert into CTMua (MaNCC, MaSP, MaDonMuaHang, DonGia) values ('Park', 96, 20, 8040000);
insert into CTMua (MaNCC, MaSP, MaDonMuaHang, DonGia) values ('Lane', 43, 9, 730000);
insert into CTMua (MaNCC, MaSP, MaDonMuaHang, DonGia) values ('Avenue', 36, 97, 230000);
insert into CTMua (MaNCC, MaSP, MaDonMuaHang, DonGia) values ('Lane', 24, 23, 2000000);
insert into CTMua (MaNCC, MaSP, MaDonMuaHang, DonGia) values ('Road', 32, 42, 8900000);
insert into CTMua (MaNCC, MaSP, MaDonMuaHang, DonGia) values ('Center', 63, 14, 8750000);
insert into CTMua (MaNCC, MaSP, MaDonMuaHang, DonGia) values ('Place', 18, 93, 850000);
insert into CTMua (MaNCC, MaSP, MaDonMuaHang, DonGia) values ('Pass', 73, 9, 2800000);
insert into CTMua (MaNCC, MaSP, MaDonMuaHang, DonGia) values ('Crossing', 96, 10, 4890000);
insert into CTMua (MaNCC, MaSP, MaDonMuaHang, DonGia) values ('Crossing', 72, 10, 830000);
insert into CTMua (MaNCC, MaSP, MaDonMuaHang, DonGia) values ('Crossing', 28, 90, 5920000);
insert into CTMua (MaNCC, MaSP, MaDonMuaHang, DonGia) values ('Center', 8, 96, 4700000);
insert into CTMua (MaNCC, MaSP, MaDonMuaHang, DonGia) values ('Point', 66, 29, 520000);
insert into CTMua (MaNCC, MaSP, MaDonMuaHang, DonGia) values ('Park', 96, 45, 5880000);
insert into CTMua (MaNCC, MaSP, MaDonMuaHang, DonGia) values ('Avenue', 59, 8, 7870000);
insert into CTMua (MaNCC, MaSP, MaDonMuaHang, DonGia) values ('Terrace', 67, 88, 600000);
insert into CTMua (MaNCC, MaSP, MaDonMuaHang, DonGia) values ('Park', 37, 75, 9890000);
insert into CTMua (MaNCC, MaSP, MaDonMuaHang, DonGia) values ('Center', 31, 21, 360000);
insert into CTMua (MaNCC, MaSP, MaDonMuaHang, DonGia) values ('Center', 65, 85, 7120000);
insert into CTMua (MaNCC, MaSP, MaDonMuaHang, DonGia) values ('Alley', 94, 11, 8240000);
insert into CTMua (MaNCC, MaSP, MaDonMuaHang, DonGia) values ('Plaza', 72, 84, 1850000);
insert into CTMua (MaNCC, MaSP, MaDonMuaHang, DonGia) values ('Road', 63, 63, 6930000);
insert into CTMua (MaNCC, MaSP, MaDonMuaHang, DonGia) values ('Place', 91, 66, 3250000);
insert into CTMua (MaNCC, MaSP, MaDonMuaHang, DonGia) values ('Crossing', 72, 25, 5800000);
insert into CTMua (MaNCC, MaSP, MaDonMuaHang, DonGia) values ('Alley', 2, 30, 6090000);
insert into CTMua (MaNCC, MaSP, MaDonMuaHang, DonGia) values ('Junction', 73, 78, 8860000);
insert into CTMua (MaNCC, MaSP, MaDonMuaHang, DonGia) values ('Drive', 75, 23, 5330000);
insert into CTMua (MaNCC, MaSP, MaDonMuaHang, DonGia) values ('Hill', 10, 28, 7930000);
insert into CTMua (MaNCC, MaSP, MaDonMuaHang, DonGia) values ('Center', 95, 25, 3420000);
insert into CTMua (MaNCC, MaSP, MaDonMuaHang, DonGia) values ('Trail', 9, 40, 9890000);
insert into CTMua (MaNCC, MaSP, MaDonMuaHang, DonGia) values ('Way', 37, 84, 750000);
insert into CTMua (MaNCC, MaSP, MaDonMuaHang, DonGia) values ('Hill', 7, 54, 9580000);
insert into CTMua (MaNCC, MaSP, MaDonMuaHang, DonGia) values ('Center', 8, 63, 9690000);
insert into CTMua (MaNCC, MaSP, MaDonMuaHang, DonGia) values ('Drive', 51, 61, 3930000);
insert into CTMua (MaNCC, MaSP, MaDonMuaHang, DonGia) values ('Drive', 93, 95, 3850000);
insert into CTMua (MaNCC, MaSP, MaDonMuaHang, DonGia) values ('Hill', 48, 18, 9340000);
insert into CTMua (MaNCC, MaSP, MaDonMuaHang, DonGia) values ('Lane', 46, 18, 5310000);
insert into CTMua (MaNCC, MaSP, MaDonMuaHang, DonGia) values ('Lane', 89, 13, 1810000);
insert into CTMua (MaNCC, MaSP, MaDonMuaHang, DonGia) values ('Way', 92, 13, 4170000);
insert into CTMua (MaNCC, MaSP, MaDonMuaHang, DonGia) values ('Drive', 4, 93, 1370000);
insert into CTMua (MaNCC, MaSP, MaDonMuaHang, DonGia) values ('Park', 7, 82, 1290000);
insert into CTMua (MaNCC, MaSP, MaDonMuaHang, DonGia) values ('Alley', 21, 8, 2040000);
insert into CTMua (MaNCC, MaSP, MaDonMuaHang, DonGia) values ('Circle', 30, 87, 7610000);
insert into CTMua (MaNCC, MaSP, MaDonMuaHang, DonGia) values ('Drive', 66, 45, 3300000);
insert into CTMua (MaNCC, MaSP, MaDonMuaHang, DonGia) values ('Crossing', 83, 15, 2800000);
insert into CTMua (MaNCC, MaSP, MaDonMuaHang, DonGia) values ('Crossing', 83, 25, 3950000);
insert into CTMua (MaNCC, MaSP, MaDonMuaHang, DonGia) values ('Lane', 26, 61, 3350000);
insert into CTMua (MaNCC, MaSP, MaDonMuaHang, DonGia) values ('Avenue', 76, 72, 1860000);
insert into CTMua (MaNCC, MaSP, MaDonMuaHang, DonGia) values ('Road', 35, 100, 7850000);
insert into CTMua (MaNCC, MaSP, MaDonMuaHang, DonGia) values ('Crossing', 56, 24, 870000);
insert into CTMua (MaNCC, MaSP, MaDonMuaHang, DonGia) values ('Avenue', 76, 59, 3750000);
insert into CTMua (MaNCC, MaSP, MaDonMuaHang, DonGia) values ('Avenue', 59, 98, 7750000);
insert into CTMua (MaNCC, MaSP, MaDonMuaHang, DonGia) values ('Point', 40, 51, 4810000);
insert into CTMua (MaNCC, MaSP, MaDonMuaHang, DonGia) values ('Junction', 69, 46, 7820000);
insert into CTMua (MaNCC, MaSP, MaDonMuaHang, DonGia) values ('Point', 8, 19, 530000);
insert into CTMua (MaNCC, MaSP, MaDonMuaHang, DonGia) values ('Road', 63, 46, 3170000);
insert into CTMua (MaNCC, MaSP, MaDonMuaHang, DonGia) values ('Place', 3, 11, 4770000);
insert into CTMua (MaNCC, MaSP, MaDonMuaHang, DonGia) values ('Drive', 86, 51, 3370000);
insert into CTMua (MaNCC, MaSP, MaDonMuaHang, DonGia) values ('Plaza', 81, 30, 4650000);
insert into CTMua (MaNCC, MaSP, MaDonMuaHang, DonGia) values ('Avenue', 61, 34, 7550000);
insert into CTMua (MaNCC, MaSP, MaDonMuaHang, DonGia) values ('Crossing', 83, 36, 4210000);
insert into CTMua (MaNCC, MaSP, MaDonMuaHang, DonGia) values ('Pass', 48, 32, 3960000);
insert into CTMua (MaNCC, MaSP, MaDonMuaHang, DonGia) values ('Lane', 62, 97, 6240000);
insert into CTMua (MaNCC, MaSP, MaDonMuaHang, DonGia) values ('Center', 3, 30, 6070000);
insert into CTMua (MaNCC, MaSP, MaDonMuaHang, DonGia) values ('Center', 64, 73, 8960000);
insert into CTMua (MaNCC, MaSP, MaDonMuaHang, DonGia) values ('Alley', 68, 70, 9330000);
insert into CTMua (MaNCC, MaSP, MaDonMuaHang, DonGia) values ('Alley', 60, 71, 6640000);
insert into CTMua (MaNCC, MaSP, MaDonMuaHang, DonGia) values ('Place', 65, 84, 9300000);
insert into CTMua (MaNCC, MaSP, MaDonMuaHang, DonGia) values ('Drive', 93, 2, 5160000);
insert into CTMua (MaNCC, MaSP, MaDonMuaHang, DonGia) values ('Drive', 65, 97, 5970000);
insert into CTMua (MaNCC, MaSP, MaDonMuaHang, DonGia) values ('Junction', 54, 10, 5620000);
insert into CTMua (MaNCC, MaSP, MaDonMuaHang, DonGia) values ('Place', 14, 38, 6510000);
insert into CTMua (MaNCC, MaSP, MaDonMuaHang, DonGia) values ('Circle', 46, 34, 9820000);
insert into CTMua (MaNCC, MaSP, MaDonMuaHang, DonGia) values ('Center', 14, 68, 3570000);
insert into CTMua (MaNCC, MaSP, MaDonMuaHang, DonGia) values ('Road', 29, 41, 2250000);
insert into CTMua (MaNCC, MaSP, MaDonMuaHang, DonGia) values ('Center', 7, 93, 2520000);
insert into CTMua (MaNCC, MaSP, MaDonMuaHang, DonGia) values ('Alley', 94, 70, 6440000);
insert into CTMua (MaNCC, MaSP, MaDonMuaHang, DonGia) values ('Center', 63, 69, 2230000);
insert into CTMua (MaNCC, MaSP, MaDonMuaHang, DonGia) values ('Circle', 34, 13, 280000);
insert into CTMua (MaNCC, MaSP, MaDonMuaHang, DonGia) values ('Place', 55, 67, 8430000);
insert into CTMua (MaNCC, MaSP, MaDonMuaHang, DonGia) values ('Drive', 84, 44, 2980000);
insert into CTMua (MaNCC, MaSP, MaDonMuaHang, DonGia) values ('Hill', 44, 21, 5770000);
insert into CTMua (MaNCC, MaSP, MaDonMuaHang, DonGia) values ('Hill', 34, 98, 5740000);
insert into CTMua (MaNCC, MaSP, MaDonMuaHang, DonGia) values ('Park', 67, 35, 8220000);
insert into CTMua (MaNCC, MaSP, MaDonMuaHang, DonGia) values ('Drive', 75, 52, 280000);
insert into CTMua (MaNCC, MaSP, MaDonMuaHang, DonGia) values ('Pass', 23, 28, 3140000);
insert into CTMua (MaNCC, MaSP, MaDonMuaHang, DonGia) values ('Terrace', 53, 72, 2720000);
insert into CTMua (MaNCC, MaSP, MaDonMuaHang, DonGia) values ('Pass', 87, 84, 5500000);
insert into CTMua (MaNCC, MaSP, MaDonMuaHang, DonGia) values ('Road', 63, 83, 6180000);
insert into CTMua (MaNCC, MaSP, MaDonMuaHang, DonGia) values ('Road', 2, 76, 8470000);
insert into CTMua (MaNCC, MaSP, MaDonMuaHang, DonGia) values ('Hill', 65, 48, 5880000);
insert into CTMua (MaNCC, MaSP, MaDonMuaHang, DonGia) values ('Way', 37, 100, 9310000);
insert into CTMua (MaNCC, MaSP, MaDonMuaHang, DonGia) values ('Street', 23, 36, 8000000);
insert into CTMua (MaNCC, MaSP, MaDonMuaHang, DonGia) values ('Drive', 66, 77, 1230000);
insert into CTMua (MaNCC, MaSP, MaDonMuaHang, DonGia) values ('Alley', 60, 42, 5260000);
insert into CTMua (MaNCC, MaSP, MaDonMuaHang, DonGia) values ('Drive', 74, 47, 5970000);
insert into CTMua (MaNCC, MaSP, MaDonMuaHang, DonGia) values ('Road', 35, 52, 3460000);
insert into CTMua (MaNCC, MaSP, MaDonMuaHang, DonGia) values ('Hill', 39, 53, 3330000);
insert into CTMua (MaNCC, MaSP, MaDonMuaHang, DonGia) values ('Place', 20, 57, 6360000);
insert into CTMua (MaNCC, MaSP, MaDonMuaHang, DonGia) values ('Drive', 87, 8, 2630000);
insert into CTMua (MaNCC, MaSP, MaDonMuaHang, DonGia) values ('Point', 27, 23, 5280000);
insert into CTMua (MaNCC, MaSP, MaDonMuaHang, DonGia) values ('Trail', 14, 80, 780000);
insert into CTMua (MaNCC, MaSP, MaDonMuaHang, DonGia) values ('Hill', 13, 9, 8450000);
insert into CTMua (MaNCC, MaSP, MaDonMuaHang, DonGia) values ('Plaza', 15, 24, 2850000);
insert into CTMua (MaNCC, MaSP, MaDonMuaHang, DonGia) values ('Pass', 8, 96, 7550000);
insert into CTMua (MaNCC, MaSP, MaDonMuaHang, DonGia) values ('Avenue', 59, 99, 9340000);
insert into CTMua (MaNCC, MaSP, MaDonMuaHang, DonGia) values ('Center', 79, 80, 9080000);
insert into CTMua (MaNCC, MaSP, MaDonMuaHang, DonGia) values ('Place', 65, 47, 1360000);
insert into CTMua (MaNCC, MaSP, MaDonMuaHang, DonGia) values ('Drive', 87, 42, 5090000);
insert into CTMua (MaNCC, MaSP, MaDonMuaHang, DonGia) values ('Plaza', 96, 3, 3390000);
insert into CTMua (MaNCC, MaSP, MaDonMuaHang, DonGia) values ('Road', 35, 22, 5590000);
insert into CTMua (MaNCC, MaSP, MaDonMuaHang, DonGia) values ('Circle', 46, 42, 4030000);
insert into CTMua (MaNCC, MaSP, MaDonMuaHang, DonGia) values ('Road', 7, 9, 6080000);
insert into CTMua (MaNCC, MaSP, MaDonMuaHang, DonGia) values ('Way', 51, 13, 3990000);
insert into CTMua (MaNCC, MaSP, MaDonMuaHang, DonGia) values ('Park', 7, 37, 8720000);
insert into CTMua (MaNCC, MaSP, MaDonMuaHang, DonGia) values ('Drive', 51, 46, 1990000);
insert into CTMua (MaNCC, MaSP, MaDonMuaHang, DonGia) values ('Terrace', 55, 32, 6220000);
insert into CTMua (MaNCC, MaSP, MaDonMuaHang, DonGia) values ('Park', 67, 21, 7910000);
insert into CTMua (MaNCC, MaSP, MaDonMuaHang, DonGia) values ('Pass', 87, 11, 4260000);
insert into CTMua (MaNCC, MaSP, MaDonMuaHang, DonGia) values ('Way', 99, 5, 9690000);
insert into CTMua (MaNCC, MaSP, MaDonMuaHang, DonGia) values ('Alley', 62, 94, 7510000);
insert into CTMua (MaNCC, MaSP, MaDonMuaHang, DonGia) values ('Way', 92, 99, 6820000);
insert into CTMua (MaNCC, MaSP, MaDonMuaHang, DonGia) values ('Street', 23, 94, 1170000);
insert into CTMua (MaNCC, MaSP, MaDonMuaHang, DonGia) values ('Drive', 84, 25, 5300000);
insert into CTMua (MaNCC, MaSP, MaDonMuaHang, DonGia) values ('Drive', 75, 21, 8660000);
insert into CTMua (MaNCC, MaSP, MaDonMuaHang, DonGia) values ('Plaza', 59, 3, 5720000);
insert into CTMua (MaNCC, MaSP, MaDonMuaHang, DonGia) values ('Drive', 31, 53, 1820000);
insert into CTMua (MaNCC, MaSP, MaDonMuaHang, DonGia) values ('Terrace', 49, 66, 840000);
insert into CTMua (MaNCC, MaSP, MaDonMuaHang, DonGia) values ('Junction', 96, 85, 810000);
insert into CTMua (MaNCC, MaSP, MaDonMuaHang, DonGia) values ('Lane', 32, 46, 5590000);
insert into CTMua (MaNCC, MaSP, MaDonMuaHang, DonGia) values ('Lane', 46, 27, 5360000);
insert into CTMua (MaNCC, MaSP, MaDonMuaHang, DonGia) values ('Place', 85, 60, 7830000);
insert into CTMua (MaNCC, MaSP, MaDonMuaHang, DonGia) values ('Alley', 96, 1, 7880000);
insert into CTMua (MaNCC, MaSP, MaDonMuaHang, DonGia) values ('Pass', 26, 19, 4040000);
insert into CTMua (MaNCC, MaSP, MaDonMuaHang, DonGia) values ('Lane', 48, 63, 4890000);
insert into CTMua (MaNCC, MaSP, MaDonMuaHang, DonGia) values ('Hill', 7, 91, 8570000);
insert into CTMua (MaNCC, MaSP, MaDonMuaHang, DonGia) values ('Park', 96, 15, 6760000);
insert into CTMua (MaNCC, MaSP, MaDonMuaHang, DonGia) values ('Junction', 73, 37, 8830000);
insert into CTMua (MaNCC, MaSP, MaDonMuaHang, DonGia) values ('Road', 7, 82, 1900000);
insert into CTMua (MaNCC, MaSP, MaDonMuaHang, DonGia) values ('Drive', 65, 21, 7590000);
insert into CTMua (MaNCC, MaSP, MaDonMuaHang, DonGia) values ('Junction', 64, 70, 9630000);
insert into CTMua (MaNCC, MaSP, MaDonMuaHang, DonGia) values ('Trail', 9, 37, 2780000);
insert into CTMua (MaNCC, MaSP, MaDonMuaHang, DonGia) values ('Terrace', 49, 9, 4190000);
insert into CTMua (MaNCC, MaSP, MaDonMuaHang, DonGia) values ('Way', 48, 81, 3300000);
insert into CTMua (MaNCC, MaSP, MaDonMuaHang, DonGia) values ('Drive', 86, 73, 5080000);
insert into CTMua (MaNCC, MaSP, MaDonMuaHang, DonGia) values ('Lane', 69, 1, 2820000);
insert into CTMua (MaNCC, MaSP, MaDonMuaHang, DonGia) values ('Place', 51, 86, 8270000);
insert into CTMua (MaNCC, MaSP, MaDonMuaHang, DonGia) values ('Place', 65, 60, 940000);
insert into CTMua (MaNCC, MaSP, MaDonMuaHang, DonGia) values ('Street', 46, 83, 6930000);
insert into CTMua (MaNCC, MaSP, MaDonMuaHang, DonGia) values ('Drive', 51, 95, 7820000);
insert into CTMua (MaNCC, MaSP, MaDonMuaHang, DonGia) values ('Road', 63, 42, 2800000);
insert into CTMua (MaNCC, MaSP, MaDonMuaHang, DonGia) values ('Hill', 76, 78, 9210000);
insert into CTMua (MaNCC, MaSP, MaDonMuaHang, DonGia) values ('Circle', 31, 85, 6500000);
insert into CTMua (MaNCC, MaSP, MaDonMuaHang, DonGia) values ('Drive', 75, 15, 2850000);
insert into CTMua (MaNCC, MaSP, MaDonMuaHang, DonGia) values ('Terrace', 55, 40, 6180000);
insert into CTMua (MaNCC, MaSP, MaDonMuaHang, DonGia) values ('Lane', 69, 77, 950000);
insert into CTMua (MaNCC, MaSP, MaDonMuaHang, DonGia) values ('Drive', 31, 31, 880000);
insert into CTMua (MaNCC, MaSP, MaDonMuaHang, DonGia) values ('Road', 54, 15, 380000);
insert into CTMua (MaNCC, MaSP, MaDonMuaHang, DonGia) values ('Hill', 76, 66, 4200000);
insert into CTMua (MaNCC, MaSP, MaDonMuaHang, DonGia) values ('Center', 63, 72, 5550000);
insert into CTMua (MaNCC, MaSP, MaDonMuaHang, DonGia) values ('Hill', 70, 71, 1070000);
insert into CTMua (MaNCC, MaSP, MaDonMuaHang, DonGia) values ('Junction', 37, 55, 6080000);
insert into CTMua (MaNCC, MaSP, MaDonMuaHang, DonGia) values ('Avenue', 74, 28, 800000);
insert into CTMua (MaNCC, MaSP, MaDonMuaHang, DonGia) values ('Hill', 70, 31, 7860000);
insert into CTMua (MaNCC, MaSP, MaDonMuaHang, DonGia) values ('Way', 46, 58, 1730000);
insert into CTMua (MaNCC, MaSP, MaDonMuaHang, DonGia) values ('Place', 51, 71, 2530000);
insert into CTMua (MaNCC, MaSP, MaDonMuaHang, DonGia) values ('Lane', 69, 77, 8330000);
insert into CTMua (MaNCC, MaSP, MaDonMuaHang, DonGia) values ('Way', 46, 69, 7420000);
insert into CTMua (MaNCC, MaSP, MaDonMuaHang, DonGia) values ('Park', 67, 53, 70000);
insert into CTMua (MaNCC, MaSP, MaDonMuaHang, DonGia) values ('Drive', 93, 48, 5110000);
insert into CTMua (MaNCC, MaSP, MaDonMuaHang, DonGia) values ('Center', 31, 43, 6660000);
insert into CTMua (MaNCC, MaSP, MaDonMuaHang, DonGia) values ('Avenue', 74, 36, 8020000);
insert into CTMua (MaNCC, MaSP, MaDonMuaHang, DonGia) values ('Drive', 31, 67, 4690000);
insert into CTMua (MaNCC, MaSP, MaDonMuaHang, DonGia) values ('Crossing', 28, 5, 620000);
insert into CTMua (MaNCC, MaSP, MaDonMuaHang, DonGia) values ('Plaza', 72, 95, 9730000);
insert into CTMua (MaNCC, MaSP, MaDonMuaHang, DonGia) values ('Avenue', 59, 54, 8410000);
insert into CTMua (MaNCC, MaSP, MaDonMuaHang, DonGia) values ('Court', 41, 21, 8150000);
insert into CTMua (MaNCC, MaSP, MaDonMuaHang, DonGia) values ('Pass', 68, 32, 6110000);
insert into CTMua (MaNCC, MaSP, MaDonMuaHang, DonGia) values ('Terrace', 67, 12, 100000);
insert into CTMua (MaNCC, MaSP, MaDonMuaHang, DonGia) values ('Avenue', 74, 87, 8140000);
insert into CTMua (MaNCC, MaSP, MaDonMuaHang, DonGia) values ('Drive', 93, 93, 1990000);
insert into CTMua (MaNCC, MaSP, MaDonMuaHang, DonGia) values ('Place', 69, 8, 9060000);
insert into CTMua (MaNCC, MaSP, MaDonMuaHang, DonGia) values ('Park', 67, 67, 740000);
insert into CTMua (MaNCC, MaSP, MaDonMuaHang, DonGia) values ('Park', 96, 72, 6070000);
insert into CTMua (MaNCC, MaSP, MaDonMuaHang, DonGia) values ('Hill', 44, 57, 8390000);
insert into CTMua (MaNCC, MaSP, MaDonMuaHang, DonGia) values ('Way', 42, 37, 530000);
insert into CTMua (MaNCC, MaSP, MaDonMuaHang, DonGia) values ('Lane', 43, 36, 6380000);
insert into CTMua (MaNCC, MaSP, MaDonMuaHang, DonGia) values ('Alley', 2, 87, 8430000);
insert into CTMua (MaNCC, MaSP, MaDonMuaHang, DonGia) values ('Lane', 43, 65, 760000);
insert into CTMua (MaNCC, MaSP, MaDonMuaHang, DonGia) values ('Way', 92, 38, 4280000);
insert into CTMua (MaNCC, MaSP, MaDonMuaHang, DonGia) values ('Place', 85, 78, 6900000);
insert into CTMua (MaNCC, MaSP, MaDonMuaHang, DonGia) values ('Circle', 31, 79, 370000);
insert into CTMua (MaNCC, MaSP, MaDonMuaHang, DonGia) values ('Way', 92, 18, 1000000);
go
insert into YeuCauBaoGia (MaYCBaoGia, NgayYCBaoGia, MaNV) values (1, '2019/01/23', 56);
insert into YeuCauBaoGia (MaYCBaoGia, NgayYCBaoGia, MaNV) values (2, '2018/12/06', 69);
insert into YeuCauBaoGia (MaYCBaoGia, NgayYCBaoGia, MaNV) values (3, '2019/08/06', 63);
insert into YeuCauBaoGia (MaYCBaoGia, NgayYCBaoGia, MaNV) values (4, '2019/03/02', 58);
insert into YeuCauBaoGia (MaYCBaoGia, NgayYCBaoGia, MaNV) values (5, '2019/01/28', 53);
insert into YeuCauBaoGia (MaYCBaoGia, NgayYCBaoGia, MaNV) values (6, '2019/10/31', 96);
insert into YeuCauBaoGia (MaYCBaoGia, NgayYCBaoGia, MaNV) values (7, '2019/04/10', 36);
insert into YeuCauBaoGia (MaYCBaoGia, NgayYCBaoGia, MaNV) values (8, '2019/09/26', 71);
insert into YeuCauBaoGia (MaYCBaoGia, NgayYCBaoGia, MaNV) values (9, '2019/08/27', 93);
insert into YeuCauBaoGia (MaYCBaoGia, NgayYCBaoGia, MaNV) values (10, '2019/02/07', 40);
insert into YeuCauBaoGia (MaYCBaoGia, NgayYCBaoGia, MaNV) values (11, '2019/01/25', 47);
insert into YeuCauBaoGia (MaYCBaoGia, NgayYCBaoGia, MaNV) values (12, '2018/12/24', 55);
insert into YeuCauBaoGia (MaYCBaoGia, NgayYCBaoGia, MaNV) values (13, '2018/12/11', 51);
insert into YeuCauBaoGia (MaYCBaoGia, NgayYCBaoGia, MaNV) values (14, '2019/04/10', 5);
insert into YeuCauBaoGia (MaYCBaoGia, NgayYCBaoGia, MaNV) values (15, '2019/04/12', 73);
insert into YeuCauBaoGia (MaYCBaoGia, NgayYCBaoGia, MaNV) values (16, '2018/12/10', 29);
insert into YeuCauBaoGia (MaYCBaoGia, NgayYCBaoGia, MaNV) values (17, '2019/03/17', 20);
insert into YeuCauBaoGia (MaYCBaoGia, NgayYCBaoGia, MaNV) values (18, '2019/03/19', 21);
insert into YeuCauBaoGia (MaYCBaoGia, NgayYCBaoGia, MaNV) values (19, '2019/05/23', 84);
insert into YeuCauBaoGia (MaYCBaoGia, NgayYCBaoGia, MaNV) values (20, '2018/12/25', 49);
insert into YeuCauBaoGia (MaYCBaoGia, NgayYCBaoGia, MaNV) values (21, '2018/12/13', 20);
insert into YeuCauBaoGia (MaYCBaoGia, NgayYCBaoGia, MaNV) values (22, '2019/05/14', 45);
insert into YeuCauBaoGia (MaYCBaoGia, NgayYCBaoGia, MaNV) values (23, '2019/11/21', 59);
insert into YeuCauBaoGia (MaYCBaoGia, NgayYCBaoGia, MaNV) values (24, '2018/12/12', 52);
insert into YeuCauBaoGia (MaYCBaoGia, NgayYCBaoGia, MaNV) values (25, '2019/05/31', 76);
insert into YeuCauBaoGia (MaYCBaoGia, NgayYCBaoGia, MaNV) values (26, '2019/10/07', 75);
insert into YeuCauBaoGia (MaYCBaoGia, NgayYCBaoGia, MaNV) values (27, '2019/05/03', 19);
insert into YeuCauBaoGia (MaYCBaoGia, NgayYCBaoGia, MaNV) values (28, '2019/07/07', 65);
insert into YeuCauBaoGia (MaYCBaoGia, NgayYCBaoGia, MaNV) values (29, '2019/06/17', 92);
insert into YeuCauBaoGia (MaYCBaoGia, NgayYCBaoGia, MaNV) values (30, '2019/03/23', 98);
insert into YeuCauBaoGia (MaYCBaoGia, NgayYCBaoGia, MaNV) values (31, '2019/08/29', 37);
insert into YeuCauBaoGia (MaYCBaoGia, NgayYCBaoGia, MaNV) values (32, '2019/09/13', 63);
insert into YeuCauBaoGia (MaYCBaoGia, NgayYCBaoGia, MaNV) values (33, '2019/01/15', 22);
insert into YeuCauBaoGia (MaYCBaoGia, NgayYCBaoGia, MaNV) values (34, '2019/04/08', 97);
insert into YeuCauBaoGia (MaYCBaoGia, NgayYCBaoGia, MaNV) values (35, '2018/12/16', 45);
insert into YeuCauBaoGia (MaYCBaoGia, NgayYCBaoGia, MaNV) values (36, '2019/01/23', 41);
insert into YeuCauBaoGia (MaYCBaoGia, NgayYCBaoGia, MaNV) values (37, '2019/01/24', 65);
insert into YeuCauBaoGia (MaYCBaoGia, NgayYCBaoGia, MaNV) values (38, '2019/01/21', 82);
insert into YeuCauBaoGia (MaYCBaoGia, NgayYCBaoGia, MaNV) values (39, '2019/05/20', 56);
insert into YeuCauBaoGia (MaYCBaoGia, NgayYCBaoGia, MaNV) values (40, '2019/07/13', 75);
insert into YeuCauBaoGia (MaYCBaoGia, NgayYCBaoGia, MaNV) values (41, '2019/10/19', 83);
insert into YeuCauBaoGia (MaYCBaoGia, NgayYCBaoGia, MaNV) values (42, '2019/11/05', 24);
insert into YeuCauBaoGia (MaYCBaoGia, NgayYCBaoGia, MaNV) values (43, '2019/05/29', 15);
insert into YeuCauBaoGia (MaYCBaoGia, NgayYCBaoGia, MaNV) values (44, '2019/11/04', 97);
insert into YeuCauBaoGia (MaYCBaoGia, NgayYCBaoGia, MaNV) values (45, '2019/06/30', 53);
insert into YeuCauBaoGia (MaYCBaoGia, NgayYCBaoGia, MaNV) values (46, '2019/05/31', 71);
insert into YeuCauBaoGia (MaYCBaoGia, NgayYCBaoGia, MaNV) values (47, '2019/03/05', 28);
insert into YeuCauBaoGia (MaYCBaoGia, NgayYCBaoGia, MaNV) values (48, '2019/08/11', 63);
insert into YeuCauBaoGia (MaYCBaoGia, NgayYCBaoGia, MaNV) values (49, '2018/11/25', 98);
insert into YeuCauBaoGia (MaYCBaoGia, NgayYCBaoGia, MaNV) values (50, '2019/07/24', 76);
insert into YeuCauBaoGia (MaYCBaoGia, NgayYCBaoGia, MaNV) values (51, '2019/04/08', 84);
insert into YeuCauBaoGia (MaYCBaoGia, NgayYCBaoGia, MaNV) values (52, '2019/07/31', 79);
insert into YeuCauBaoGia (MaYCBaoGia, NgayYCBaoGia, MaNV) values (53, '2019/02/08', 74);
insert into YeuCauBaoGia (MaYCBaoGia, NgayYCBaoGia, MaNV) values (54, '2019/10/29', 26);
insert into YeuCauBaoGia (MaYCBaoGia, NgayYCBaoGia, MaNV) values (55, '2019/07/17', 88);
insert into YeuCauBaoGia (MaYCBaoGia, NgayYCBaoGia, MaNV) values (56, '2019/10/21', 58);
insert into YeuCauBaoGia (MaYCBaoGia, NgayYCBaoGia, MaNV) values (57, '2018/11/24', 23);
insert into YeuCauBaoGia (MaYCBaoGia, NgayYCBaoGia, MaNV) values (58, '2019/11/05', 22);
insert into YeuCauBaoGia (MaYCBaoGia, NgayYCBaoGia, MaNV) values (59, '2019/06/23', 79);
insert into YeuCauBaoGia (MaYCBaoGia, NgayYCBaoGia, MaNV) values (60, '2019/09/30', 57);
insert into YeuCauBaoGia (MaYCBaoGia, NgayYCBaoGia, MaNV) values (61, '2019/07/04', 80);
insert into YeuCauBaoGia (MaYCBaoGia, NgayYCBaoGia, MaNV) values (62, '2018/12/11', 18);
insert into YeuCauBaoGia (MaYCBaoGia, NgayYCBaoGia, MaNV) values (63, '2019/05/21', 65);
insert into YeuCauBaoGia (MaYCBaoGia, NgayYCBaoGia, MaNV) values (64, '2019/09/18', 17);
insert into YeuCauBaoGia (MaYCBaoGia, NgayYCBaoGia, MaNV) values (65, '2019/02/13', 69);
insert into YeuCauBaoGia (MaYCBaoGia, NgayYCBaoGia, MaNV) values (66, '2019/10/18', 95);
insert into YeuCauBaoGia (MaYCBaoGia, NgayYCBaoGia, MaNV) values (67, '2019/08/01', 85);
insert into YeuCauBaoGia (MaYCBaoGia, NgayYCBaoGia, MaNV) values (68, '2019/05/23', 34);
insert into YeuCauBaoGia (MaYCBaoGia, NgayYCBaoGia, MaNV) values (69, '2019/10/14', 76);
insert into YeuCauBaoGia (MaYCBaoGia, NgayYCBaoGia, MaNV) values (70, '2019/04/20', 15);
insert into YeuCauBaoGia (MaYCBaoGia, NgayYCBaoGia, MaNV) values (71, '2019/05/28', 94);
insert into YeuCauBaoGia (MaYCBaoGia, NgayYCBaoGia, MaNV) values (72, '2018/12/11', 58);
insert into YeuCauBaoGia (MaYCBaoGia, NgayYCBaoGia, MaNV) values (73, '2019/08/12', 34);
insert into YeuCauBaoGia (MaYCBaoGia, NgayYCBaoGia, MaNV) values (74, '2019/04/14', 52);
insert into YeuCauBaoGia (MaYCBaoGia, NgayYCBaoGia, MaNV) values (75, '2019/10/10', 17);
insert into YeuCauBaoGia (MaYCBaoGia, NgayYCBaoGia, MaNV) values (76, '2019/06/20', 94);
insert into YeuCauBaoGia (MaYCBaoGia, NgayYCBaoGia, MaNV) values (77, '2019/04/28', 18);
insert into YeuCauBaoGia (MaYCBaoGia, NgayYCBaoGia, MaNV) values (78, '2018/12/12', 72);
insert into YeuCauBaoGia (MaYCBaoGia, NgayYCBaoGia, MaNV) values (79, '2019/07/20', 62);
insert into YeuCauBaoGia (MaYCBaoGia, NgayYCBaoGia, MaNV) values (80, '2019/03/07', 26);
insert into YeuCauBaoGia (MaYCBaoGia, NgayYCBaoGia, MaNV) values (81, '2019/06/06', 83);
insert into YeuCauBaoGia (MaYCBaoGia, NgayYCBaoGia, MaNV) values (82, '2019/08/07', 28);
insert into YeuCauBaoGia (MaYCBaoGia, NgayYCBaoGia, MaNV) values (83, '2018/12/14', 63);
insert into YeuCauBaoGia (MaYCBaoGia, NgayYCBaoGia, MaNV) values (84, '2019/04/18', 39);
insert into YeuCauBaoGia (MaYCBaoGia, NgayYCBaoGia, MaNV) values (85, '2019/11/10', 75);
insert into YeuCauBaoGia (MaYCBaoGia, NgayYCBaoGia, MaNV) values (86, '2019/02/04', 94);
insert into YeuCauBaoGia (MaYCBaoGia, NgayYCBaoGia, MaNV) values (87, '2019/11/10', 30);
insert into YeuCauBaoGia (MaYCBaoGia, NgayYCBaoGia, MaNV) values (88, '2019/09/16', 64);
insert into YeuCauBaoGia (MaYCBaoGia, NgayYCBaoGia, MaNV) values (89, '2019/10/25', 44);
insert into YeuCauBaoGia (MaYCBaoGia, NgayYCBaoGia, MaNV) values (90, '2019/09/01', 100);
insert into YeuCauBaoGia (MaYCBaoGia, NgayYCBaoGia, MaNV) values (91, '2018/12/04', 87);
insert into YeuCauBaoGia (MaYCBaoGia, NgayYCBaoGia, MaNV) values (92, '2019/09/11', 40);
insert into YeuCauBaoGia (MaYCBaoGia, NgayYCBaoGia, MaNV) values (93, '2019/07/27', 16);
insert into YeuCauBaoGia (MaYCBaoGia, NgayYCBaoGia, MaNV) values (94, '2018/12/03', 27);
insert into YeuCauBaoGia (MaYCBaoGia, NgayYCBaoGia, MaNV) values (95, '2018/12/16', 24);
insert into YeuCauBaoGia (MaYCBaoGia, NgayYCBaoGia, MaNV) values (96, '2019/05/14', 1);
insert into YeuCauBaoGia (MaYCBaoGia, NgayYCBaoGia, MaNV) values (97, '2019/07/20', 78);
insert into YeuCauBaoGia (MaYCBaoGia, NgayYCBaoGia, MaNV) values (98, '2019/08/07', 46);
insert into YeuCauBaoGia (MaYCBaoGia, NgayYCBaoGia, MaNV) values (99, '2019/10/21', 59);
insert into YeuCauBaoGia (MaYCBaoGia, NgayYCBaoGia, MaNV) values (100, '2019/09/25', 51);
go
insert into CTYCBaoGia (MaNCC, MaSP, SLSeMua, GiaDaBao, MaYCBaoGia) values ('Pass', 23, 598, 0, 96);
insert into CTYCBaoGia (MaNCC, MaSP, SLSeMua, GiaDaBao, MaYCBaoGia) values ('Road', 32, 895, 0, 89);
insert into CTYCBaoGia (MaNCC, MaSP, SLSeMua, GiaDaBao, MaYCBaoGia) values ('Plaza', 59, 121, 0, 65);
insert into CTYCBaoGia (MaNCC, MaSP, SLSeMua, GiaDaBao, MaYCBaoGia) values ('Hill', 62, 802, 0, 23);
insert into CTYCBaoGia (MaNCC, MaSP, SLSeMua, GiaDaBao, MaYCBaoGia) values ('Drive', 84, 352, 0, 6);
insert into CTYCBaoGia (MaNCC, MaSP, SLSeMua, GiaDaBao, MaYCBaoGia) values ('Point', 7, 869, 54100000, 67);
insert into CTYCBaoGia (MaNCC, MaSP, SLSeMua, GiaDaBao, MaYCBaoGia) values ('Plaza', 72, 591, 0, 78);
insert into CTYCBaoGia (MaNCC, MaSP, SLSeMua, GiaDaBao, MaYCBaoGia) values ('Way', 46, 471, 0, 67);
insert into CTYCBaoGia (MaNCC, MaSP, SLSeMua, GiaDaBao, MaYCBaoGia) values ('Pass', 41, 864, 0, 60);
insert into CTYCBaoGia (MaNCC, MaSP, SLSeMua, GiaDaBao, MaYCBaoGia) values ('Avenue', 78, 579, 85800000, 26);
insert into CTYCBaoGia (MaNCC, MaSP, SLSeMua, GiaDaBao, MaYCBaoGia) values ('Center', 55, 717, 0, 39);
insert into CTYCBaoGia (MaNCC, MaSP, SLSeMua, GiaDaBao, MaYCBaoGia) values ('Road', 7, 827, 0, 81);
insert into CTYCBaoGia (MaNCC, MaSP, SLSeMua, GiaDaBao, MaYCBaoGia) values ('Drive', 31, 394, 0, 83);
insert into CTYCBaoGia (MaNCC, MaSP, SLSeMua, GiaDaBao, MaYCBaoGia) values ('Street', 38, 667, 0, 69);
insert into CTYCBaoGia (MaNCC, MaSP, SLSeMua, GiaDaBao, MaYCBaoGia) values ('Park', 67, 997, 0, 54);
insert into CTYCBaoGia (MaNCC, MaSP, SLSeMua, GiaDaBao, MaYCBaoGia) values ('Hill', 44, 941, 0, 39);
insert into CTYCBaoGia (MaNCC, MaSP, SLSeMua, GiaDaBao, MaYCBaoGia) values ('Terrace', 93, 996, 0, 44);
insert into CTYCBaoGia (MaNCC, MaSP, SLSeMua, GiaDaBao, MaYCBaoGia) values ('Circle', 46, 951, 0, 42);
insert into CTYCBaoGia (MaNCC, MaSP, SLSeMua, GiaDaBao, MaYCBaoGia) values ('Drive', 4, 414, 0, 81);
insert into CTYCBaoGia (MaNCC, MaSP, SLSeMua, GiaDaBao, MaYCBaoGia) values ('Plaza', 98, 969, 0, 84);
insert into CTYCBaoGia (MaNCC, MaSP, SLSeMua, GiaDaBao, MaYCBaoGia) values ('Hill', 7, 636, 93500000, 27);
insert into CTYCBaoGia (MaNCC, MaSP, SLSeMua, GiaDaBao, MaYCBaoGia) values ('Drive', 86, 168, 70200000, 29);
insert into CTYCBaoGia (MaNCC, MaSP, SLSeMua, GiaDaBao, MaYCBaoGia) values ('Way', 97, 2, 0, 83);
insert into CTYCBaoGia (MaNCC, MaSP, SLSeMua, GiaDaBao, MaYCBaoGia) values ('Road', 32, 174, 0, 20);
insert into CTYCBaoGia (MaNCC, MaSP, SLSeMua, GiaDaBao, MaYCBaoGia) values ('Way', 42, 765, 60600000, 95);
insert into CTYCBaoGia (MaNCC, MaSP, SLSeMua, GiaDaBao, MaYCBaoGia) values ('Junction', 37, 432, 0, 14);
insert into CTYCBaoGia (MaNCC, MaSP, SLSeMua, GiaDaBao, MaYCBaoGia) values ('Alley', 63, 776, 0, 23);
insert into CTYCBaoGia (MaNCC, MaSP, SLSeMua, GiaDaBao, MaYCBaoGia) values ('Hill', 48, 184, 0, 55);
insert into CTYCBaoGia (MaNCC, MaSP, SLSeMua, GiaDaBao, MaYCBaoGia) values ('Crossing', 67, 734, 0, 83);
insert into CTYCBaoGia (MaNCC, MaSP, SLSeMua, GiaDaBao, MaYCBaoGia) values ('Center', 65, 807, 83300000, 23);
insert into CTYCBaoGia (MaNCC, MaSP, SLSeMua, GiaDaBao, MaYCBaoGia) values ('Center', 83, 646, 0, 72);
insert into CTYCBaoGia (MaNCC, MaSP, SLSeMua, GiaDaBao, MaYCBaoGia) values ('Circle', 46, 461, 0, 35);
insert into CTYCBaoGia (MaNCC, MaSP, SLSeMua, GiaDaBao, MaYCBaoGia) values ('Place', 98, 126, 0, 67);
insert into CTYCBaoGia (MaNCC, MaSP, SLSeMua, GiaDaBao, MaYCBaoGia) values ('Alley', 60, 314, 0, 87);
insert into CTYCBaoGia (MaNCC, MaSP, SLSeMua, GiaDaBao, MaYCBaoGia) values ('Crossing', 56, 444, 0, 27);
insert into CTYCBaoGia (MaNCC, MaSP, SLSeMua, GiaDaBao, MaYCBaoGia) values ('Road', 23, 551, 88500000, 61);
insert into CTYCBaoGia (MaNCC, MaSP, SLSeMua, GiaDaBao, MaYCBaoGia) values ('Lane', 32, 300, 49200000, 8);
insert into CTYCBaoGia (MaNCC, MaSP, SLSeMua, GiaDaBao, MaYCBaoGia) values ('Point', 82, 66, 0, 75);
insert into CTYCBaoGia (MaNCC, MaSP, SLSeMua, GiaDaBao, MaYCBaoGia) values ('Circle', 46, 703, 0, 70);
insert into CTYCBaoGia (MaNCC, MaSP, SLSeMua, GiaDaBao, MaYCBaoGia) values ('Way', 46, 329, 0, 87);
insert into CTYCBaoGia (MaNCC, MaSP, SLSeMua, GiaDaBao, MaYCBaoGia) values ('Center', 7, 112, 0, 45);
insert into CTYCBaoGia (MaNCC, MaSP, SLSeMua, GiaDaBao, MaYCBaoGia) values ('Way', 51, 229, 0, 93);
insert into CTYCBaoGia (MaNCC, MaSP, SLSeMua, GiaDaBao, MaYCBaoGia) values ('Alley', 68, 247, 0, 18);
insert into CTYCBaoGia (MaNCC, MaSP, SLSeMua, GiaDaBao, MaYCBaoGia) values ('Road', 37, 52, 61300000, 92);
insert into CTYCBaoGia (MaNCC, MaSP, SLSeMua, GiaDaBao, MaYCBaoGia) values ('Way', 99, 947, 0, 33);
insert into CTYCBaoGia (MaNCC, MaSP, SLSeMua, GiaDaBao, MaYCBaoGia) values ('Point', 40, 775, 23200000, 43);
insert into CTYCBaoGia (MaNCC, MaSP, SLSeMua, GiaDaBao, MaYCBaoGia) values ('Drive', 92, 877, 0, 33);
insert into CTYCBaoGia (MaNCC, MaSP, SLSeMua, GiaDaBao, MaYCBaoGia) values ('Trail', 73, 550, 0, 51);
insert into CTYCBaoGia (MaNCC, MaSP, SLSeMua, GiaDaBao, MaYCBaoGia) values ('Plaza', 15, 849, 0, 36);
insert into CTYCBaoGia (MaNCC, MaSP, SLSeMua, GiaDaBao, MaYCBaoGia) values ('Pass', 23, 28, 0, 43);
insert into CTYCBaoGia (MaNCC, MaSP, SLSeMua, GiaDaBao, MaYCBaoGia) values ('Circle', 34, 225, 71500000, 22);
insert into CTYCBaoGia (MaNCC, MaSP, SLSeMua, GiaDaBao, MaYCBaoGia) values ('Alley', 96, 238, 0, 100);
insert into CTYCBaoGia (MaNCC, MaSP, SLSeMua, GiaDaBao, MaYCBaoGia) values ('Alley', 73, 925, 0, 54);
insert into CTYCBaoGia (MaNCC, MaSP, SLSeMua, GiaDaBao, MaYCBaoGia) values ('Crossing', 44, 230, 27400000, 96);
insert into CTYCBaoGia (MaNCC, MaSP, SLSeMua, GiaDaBao, MaYCBaoGia) values ('Way', 21, 61, 80600000, 90);
insert into CTYCBaoGia (MaNCC, MaSP, SLSeMua, GiaDaBao, MaYCBaoGia) values ('Road', 63, 313, 0, 28);
insert into CTYCBaoGia (MaNCC, MaSP, SLSeMua, GiaDaBao, MaYCBaoGia) values ('Road', 37, 232, 0, 4);
insert into CTYCBaoGia (MaNCC, MaSP, SLSeMua, GiaDaBao, MaYCBaoGia) values ('Drive', 70, 944, 0, 54);
insert into CTYCBaoGia (MaNCC, MaSP, SLSeMua, GiaDaBao, MaYCBaoGia) values ('Lane', 43, 670, 0, 89);
insert into CTYCBaoGia (MaNCC, MaSP, SLSeMua, GiaDaBao, MaYCBaoGia) values ('Point', 71, 398, 0, 69);
insert into CTYCBaoGia (MaNCC, MaSP, SLSeMua, GiaDaBao, MaYCBaoGia) values ('Street', 50, 438, 0, 76);
insert into CTYCBaoGia (MaNCC, MaSP, SLSeMua, GiaDaBao, MaYCBaoGia) values ('Alley', 60, 956, 0, 98);
insert into CTYCBaoGia (MaNCC, MaSP, SLSeMua, GiaDaBao, MaYCBaoGia) values ('Drive', 84, 781, 0, 8);
insert into CTYCBaoGia (MaNCC, MaSP, SLSeMua, GiaDaBao, MaYCBaoGia) values ('Terrace', 67, 166, 0, 32);
insert into CTYCBaoGia (MaNCC, MaSP, SLSeMua, GiaDaBao, MaYCBaoGia) values ('Drive', 51, 839, 0, 56);
insert into CTYCBaoGia (MaNCC, MaSP, SLSeMua, GiaDaBao, MaYCBaoGia) values ('Drive', 51, 408, 0, 36);
insert into CTYCBaoGia (MaNCC, MaSP, SLSeMua, GiaDaBao, MaYCBaoGia) values ('Hill', 77, 575, 0, 9);
insert into CTYCBaoGia (MaNCC, MaSP, SLSeMua, GiaDaBao, MaYCBaoGia) values ('Drive', 65, 696, 0, 97);
insert into CTYCBaoGia (MaNCC, MaSP, SLSeMua, GiaDaBao, MaYCBaoGia) values ('Way', 46, 1000, 0, 20);
insert into CTYCBaoGia (MaNCC, MaSP, SLSeMua, GiaDaBao, MaYCBaoGia) values ('Court', 41, 302, 85700000, 84);
insert into CTYCBaoGia (MaNCC, MaSP, SLSeMua, GiaDaBao, MaYCBaoGia) values ('Avenue', 61, 779, 25900000, 67);
insert into CTYCBaoGia (MaNCC, MaSP, SLSeMua, GiaDaBao, MaYCBaoGia) values ('Center', 55, 13, 0, 47);
insert into CTYCBaoGia (MaNCC, MaSP, SLSeMua, GiaDaBao, MaYCBaoGia) values ('Road', 43, 822, 0, 18);
insert into CTYCBaoGia (MaNCC, MaSP, SLSeMua, GiaDaBao, MaYCBaoGia) values ('Point', 7, 525, 0, 92);
insert into CTYCBaoGia (MaNCC, MaSP, SLSeMua, GiaDaBao, MaYCBaoGia) values ('Drive', 100, 20, 92300000, 48);
insert into CTYCBaoGia (MaNCC, MaSP, SLSeMua, GiaDaBao, MaYCBaoGia) values ('Center', 64, 748, 0, 65);
insert into CTYCBaoGia (MaNCC, MaSP, SLSeMua, GiaDaBao, MaYCBaoGia) values ('Circle', 46, 167, 0, 49);
insert into CTYCBaoGia (MaNCC, MaSP, SLSeMua, GiaDaBao, MaYCBaoGia) values ('Circle', 31, 667, 0, 22);
insert into CTYCBaoGia (MaNCC, MaSP, SLSeMua, GiaDaBao, MaYCBaoGia) values ('Way', 46, 856, 0, 59);
insert into CTYCBaoGia (MaNCC, MaSP, SLSeMua, GiaDaBao, MaYCBaoGia) values ('Avenue', 57, 15, 0, 75);
insert into CTYCBaoGia (MaNCC, MaSP, SLSeMua, GiaDaBao, MaYCBaoGia) values ('Crossing', 28, 525, 0, 21);
insert into CTYCBaoGia (MaNCC, MaSP, SLSeMua, GiaDaBao, MaYCBaoGia) values ('Center', 26, 422, 0, 31);
insert into CTYCBaoGia (MaNCC, MaSP, SLSeMua, GiaDaBao, MaYCBaoGia) values ('Crossing', 72, 492, 0, 7);
insert into CTYCBaoGia (MaNCC, MaSP, SLSeMua, GiaDaBao, MaYCBaoGia) values ('Place', 98, 113, 0, 3);
insert into CTYCBaoGia (MaNCC, MaSP, SLSeMua, GiaDaBao, MaYCBaoGia) values ('Center', 3, 135, 0, 96);
insert into CTYCBaoGia (MaNCC, MaSP, SLSeMua, GiaDaBao, MaYCBaoGia) values ('Way', 37, 596, 0, 37);
insert into CTYCBaoGia (MaNCC, MaSP, SLSeMua, GiaDaBao, MaYCBaoGia) values ('Point', 66, 960, 0, 11);
insert into CTYCBaoGia (MaNCC, MaSP, SLSeMua, GiaDaBao, MaYCBaoGia) values ('Road', 54, 431, 27600000, 82);
insert into CTYCBaoGia (MaNCC, MaSP, SLSeMua, GiaDaBao, MaYCBaoGia) values ('Hill', 65, 181, 53800000, 45);
insert into CTYCBaoGia (MaNCC, MaSP, SLSeMua, GiaDaBao, MaYCBaoGia) values ('Place', 49, 519, 55500000, 56);
insert into CTYCBaoGia (MaNCC, MaSP, SLSeMua, GiaDaBao, MaYCBaoGia) values ('Plaza', 72, 886, 0, 2);
insert into CTYCBaoGia (MaNCC, MaSP, SLSeMua, GiaDaBao, MaYCBaoGia) values ('Drive', 65, 933, 0, 25);
insert into CTYCBaoGia (MaNCC, MaSP, SLSeMua, GiaDaBao, MaYCBaoGia) values ('Hill', 77, 97, 0, 39);
insert into CTYCBaoGia (MaNCC, MaSP, SLSeMua, GiaDaBao, MaYCBaoGia) values ('Center', 49, 508, 0, 24);
insert into CTYCBaoGia (MaNCC, MaSP, SLSeMua, GiaDaBao, MaYCBaoGia) values ('Court', 41, 281, 0, 83);
insert into CTYCBaoGia (MaNCC, MaSP, SLSeMua, GiaDaBao, MaYCBaoGia) values ('Hill', 13, 343, 0, 67);
insert into CTYCBaoGia (MaNCC, MaSP, SLSeMua, GiaDaBao, MaYCBaoGia) values ('Hill', 65, 113, 0, 55);
insert into CTYCBaoGia (MaNCC, MaSP, SLSeMua, GiaDaBao, MaYCBaoGia) values ('Road', 43, 682, 0, 37);
insert into CTYCBaoGia (MaNCC, MaSP, SLSeMua, GiaDaBao, MaYCBaoGia) values ('Place', 65, 579, 0, 19);
insert into CTYCBaoGia (MaNCC, MaSP, SLSeMua, GiaDaBao, MaYCBaoGia) values ('Street', 24, 978, 0, 47);
insert into CTYCBaoGia (MaNCC, MaSP, SLSeMua, GiaDaBao, MaYCBaoGia) values ('Avenue', 76, 624, 0, 52);
insert into CTYCBaoGia (MaNCC, MaSP, SLSeMua, GiaDaBao, MaYCBaoGia) values ('Court', 40, 457, 97300000, 80);
insert into CTYCBaoGia (MaNCC, MaSP, SLSeMua, GiaDaBao, MaYCBaoGia) values ('Junction', 69, 115, 1000000, 43);
insert into CTYCBaoGia (MaNCC, MaSP, SLSeMua, GiaDaBao, MaYCBaoGia) values ('Alley', 60, 140, 0, 61);
insert into CTYCBaoGia (MaNCC, MaSP, SLSeMua, GiaDaBao, MaYCBaoGia) values ('Lane', 48, 607, 0, 88);
insert into CTYCBaoGia (MaNCC, MaSP, SLSeMua, GiaDaBao, MaYCBaoGia) values ('Place', 98, 939, 0, 54);
insert into CTYCBaoGia (MaNCC, MaSP, SLSeMua, GiaDaBao, MaYCBaoGia) values ('Way', 99, 801, 0, 56);
insert into CTYCBaoGia (MaNCC, MaSP, SLSeMua, GiaDaBao, MaYCBaoGia) values ('Park', 96, 53, 0, 4);
insert into CTYCBaoGia (MaNCC, MaSP, SLSeMua, GiaDaBao, MaYCBaoGia) values ('Center', 7, 183, 0, 37);
insert into CTYCBaoGia (MaNCC, MaSP, SLSeMua, GiaDaBao, MaYCBaoGia) values ('Park', 37, 95, 0, 58);
insert into CTYCBaoGia (MaNCC, MaSP, SLSeMua, GiaDaBao, MaYCBaoGia) values ('Drive', 44, 269, 0, 75);
insert into CTYCBaoGia (MaNCC, MaSP, SLSeMua, GiaDaBao, MaYCBaoGia) values ('Center', 95, 553, 0, 46);
insert into CTYCBaoGia (MaNCC, MaSP, SLSeMua, GiaDaBao, MaYCBaoGia) values ('Lane', 46, 331, 0, 22);
insert into CTYCBaoGia (MaNCC, MaSP, SLSeMua, GiaDaBao, MaYCBaoGia) values ('Point', 7, 997, 0, 30);
insert into CTYCBaoGia (MaNCC, MaSP, SLSeMua, GiaDaBao, MaYCBaoGia) values ('Lane', 24, 207, 0, 53);
insert into CTYCBaoGia (MaNCC, MaSP, SLSeMua, GiaDaBao, MaYCBaoGia) values ('Point', 40, 423, 0, 50);
insert into CTYCBaoGia (MaNCC, MaSP, SLSeMua, GiaDaBao, MaYCBaoGia) values ('Place', 3, 200, 8500000, 52);
insert into CTYCBaoGia (MaNCC, MaSP, SLSeMua, GiaDaBao, MaYCBaoGia) values ('Road', 32, 59, 80000000, 61);
insert into CTYCBaoGia (MaNCC, MaSP, SLSeMua, GiaDaBao, MaYCBaoGia) values ('Avenue', 57, 976, 0, 78);
insert into CTYCBaoGia (MaNCC, MaSP, SLSeMua, GiaDaBao, MaYCBaoGia) values ('Crossing', 67, 817, 0, 74);
insert into CTYCBaoGia (MaNCC, MaSP, SLSeMua, GiaDaBao, MaYCBaoGia) values ('Drive', 74, 42, 0, 5);
insert into CTYCBaoGia (MaNCC, MaSP, SLSeMua, GiaDaBao, MaYCBaoGia) values ('Avenue', 57, 526, 0, 41);
insert into CTYCBaoGia (MaNCC, MaSP, SLSeMua, GiaDaBao, MaYCBaoGia) values ('Place', 14, 843, 0, 53);
insert into CTYCBaoGia (MaNCC, MaSP, SLSeMua, GiaDaBao, MaYCBaoGia) values ('Center', 64, 689, 0, 89);
insert into CTYCBaoGia (MaNCC, MaSP, SLSeMua, GiaDaBao, MaYCBaoGia) values ('Drive', 70, 499, 0, 89);
insert into CTYCBaoGia (MaNCC, MaSP, SLSeMua, GiaDaBao, MaYCBaoGia) values ('Drive', 29, 683, 0, 88);
insert into CTYCBaoGia (MaNCC, MaSP, SLSeMua, GiaDaBao, MaYCBaoGia) values ('Place', 55, 144, 0, 73);
insert into CTYCBaoGia (MaNCC, MaSP, SLSeMua, GiaDaBao, MaYCBaoGia) values ('Place', 98, 810, 0, 23);
insert into CTYCBaoGia (MaNCC, MaSP, SLSeMua, GiaDaBao, MaYCBaoGia) values ('Drive', 4, 579, 0, 80);
insert into CTYCBaoGia (MaNCC, MaSP, SLSeMua, GiaDaBao, MaYCBaoGia) values ('Crossing', 93, 86, 48900000, 66);
insert into CTYCBaoGia (MaNCC, MaSP, SLSeMua, GiaDaBao, MaYCBaoGia) values ('Park', 37, 984, 0, 100);
insert into CTYCBaoGia (MaNCC, MaSP, SLSeMua, GiaDaBao, MaYCBaoGia) values ('Hill', 48, 644, 0, 92);
insert into CTYCBaoGia (MaNCC, MaSP, SLSeMua, GiaDaBao, MaYCBaoGia) values ('Alley', 2, 559, 0, 91);
insert into CTYCBaoGia (MaNCC, MaSP, SLSeMua, GiaDaBao, MaYCBaoGia) values ('Pass', 8, 97, 0, 35);
insert into CTYCBaoGia (MaNCC, MaSP, SLSeMua, GiaDaBao, MaYCBaoGia) values ('Center', 7, 673, 0, 25);
insert into CTYCBaoGia (MaNCC, MaSP, SLSeMua, GiaDaBao, MaYCBaoGia) values ('Lane', 46, 26, 0, 76);
insert into CTYCBaoGia (MaNCC, MaSP, SLSeMua, GiaDaBao, MaYCBaoGia) values ('Trail', 14, 796, 0, 34);
insert into CTYCBaoGia (MaNCC, MaSP, SLSeMua, GiaDaBao, MaYCBaoGia) values ('Pass', 8, 415, 0, 13);
insert into CTYCBaoGia (MaNCC, MaSP, SLSeMua, GiaDaBao, MaYCBaoGia) values ('Pass', 6, 999, 0, 88);
insert into CTYCBaoGia (MaNCC, MaSP, SLSeMua, GiaDaBao, MaYCBaoGia) values ('Alley', 11, 500, 0, 74);
insert into CTYCBaoGia (MaNCC, MaSP, SLSeMua, GiaDaBao, MaYCBaoGia) values ('Drive', 1, 319, 0, 98);
insert into CTYCBaoGia (MaNCC, MaSP, SLSeMua, GiaDaBao, MaYCBaoGia) values ('Center', 64, 114, 97000000, 46);
insert into CTYCBaoGia (MaNCC, MaSP, SLSeMua, GiaDaBao, MaYCBaoGia) values ('Crossing', 24, 305, 0, 28);
insert into CTYCBaoGia (MaNCC, MaSP, SLSeMua, GiaDaBao, MaYCBaoGia) values ('Circle', 46, 804, 0, 69);
insert into CTYCBaoGia (MaNCC, MaSP, SLSeMua, GiaDaBao, MaYCBaoGia) values ('Lane', 69, 228, 93900000, 47);
insert into CTYCBaoGia (MaNCC, MaSP, SLSeMua, GiaDaBao, MaYCBaoGia) values ('Way', 42, 629, 0, 76);
insert into CTYCBaoGia (MaNCC, MaSP, SLSeMua, GiaDaBao, MaYCBaoGia) values ('Avenue', 57, 857, 0, 1);
insert into CTYCBaoGia (MaNCC, MaSP, SLSeMua, GiaDaBao, MaYCBaoGia) values ('Avenue', 74, 980, 0, 4);
insert into CTYCBaoGia (MaNCC, MaSP, SLSeMua, GiaDaBao, MaYCBaoGia) values ('Place', 85, 984, 0, 73);
insert into CTYCBaoGia (MaNCC, MaSP, SLSeMua, GiaDaBao, MaYCBaoGia) values ('Pass', 87, 239, 0, 20);
insert into CTYCBaoGia (MaNCC, MaSP, SLSeMua, GiaDaBao, MaYCBaoGia) values ('Street', 38, 983, 0, 82);
insert into CTYCBaoGia (MaNCC, MaSP, SLSeMua, GiaDaBao, MaYCBaoGia) values ('Hill', 76, 950, 0, 34);
insert into CTYCBaoGia (MaNCC, MaSP, SLSeMua, GiaDaBao, MaYCBaoGia) values ('Junction', 37, 734, 0, 30);
insert into CTYCBaoGia (MaNCC, MaSP, SLSeMua, GiaDaBao, MaYCBaoGia) values ('Way', 48, 335, 8800000, 35);
insert into CTYCBaoGia (MaNCC, MaSP, SLSeMua, GiaDaBao, MaYCBaoGia) values ('Place', 20, 662, 0, 76);
insert into CTYCBaoGia (MaNCC, MaSP, SLSeMua, GiaDaBao, MaYCBaoGia) values ('Lane', 62, 467, 0, 27);
insert into CTYCBaoGia (MaNCC, MaSP, SLSeMua, GiaDaBao, MaYCBaoGia) values ('Park', 67, 672, 20200000, 93);
insert into CTYCBaoGia (MaNCC, MaSP, SLSeMua, GiaDaBao, MaYCBaoGia) values ('Avenue', 30, 26, 86400000, 10);
insert into CTYCBaoGia (MaNCC, MaSP, SLSeMua, GiaDaBao, MaYCBaoGia) values ('Place', 46, 856, 0, 91);
insert into CTYCBaoGia (MaNCC, MaSP, SLSeMua, GiaDaBao, MaYCBaoGia) values ('Alley', 2, 441, 0, 100);
insert into CTYCBaoGia (MaNCC, MaSP, SLSeMua, GiaDaBao, MaYCBaoGia) values ('Drive', 87, 274, 0, 74);
insert into CTYCBaoGia (MaNCC, MaSP, SLSeMua, GiaDaBao, MaYCBaoGia) values ('Center', 65, 519, 0, 5);
insert into CTYCBaoGia (MaNCC, MaSP, SLSeMua, GiaDaBao, MaYCBaoGia) values ('Avenue', 57, 542, 0, 96);
insert into CTYCBaoGia (MaNCC, MaSP, SLSeMua, GiaDaBao, MaYCBaoGia) values ('Center', 79, 402, 0, 24);
insert into CTYCBaoGia (MaNCC, MaSP, SLSeMua, GiaDaBao, MaYCBaoGia) values ('Place', 3, 503, 0, 90);
insert into CTYCBaoGia (MaNCC, MaSP, SLSeMua, GiaDaBao, MaYCBaoGia) values ('Court', 75, 754, 0, 56);
insert into CTYCBaoGia (MaNCC, MaSP, SLSeMua, GiaDaBao, MaYCBaoGia) values ('Park', 96, 406, 0, 77);
insert into CTYCBaoGia (MaNCC, MaSP, SLSeMua, GiaDaBao, MaYCBaoGia) values ('Crossing', 72, 777, 0, 78);
insert into CTYCBaoGia (MaNCC, MaSP, SLSeMua, GiaDaBao, MaYCBaoGia) values ('Pass', 23, 374, 0, 22);
insert into CTYCBaoGia (MaNCC, MaSP, SLSeMua, GiaDaBao, MaYCBaoGia) values ('Court', 41, 885, 0, 57);
insert into CTYCBaoGia (MaNCC, MaSP, SLSeMua, GiaDaBao, MaYCBaoGia) values ('Center', 8, 480, 0, 54);
insert into CTYCBaoGia (MaNCC, MaSP, SLSeMua, GiaDaBao, MaYCBaoGia) values ('Center', 79, 284, 0, 6);
insert into CTYCBaoGia (MaNCC, MaSP, SLSeMua, GiaDaBao, MaYCBaoGia) values ('Plaza', 81, 451, 0, 100);
insert into CTYCBaoGia (MaNCC, MaSP, SLSeMua, GiaDaBao, MaYCBaoGia) values ('Alley', 94, 834, 0, 89);
insert into CTYCBaoGia (MaNCC, MaSP, SLSeMua, GiaDaBao, MaYCBaoGia) values ('Pass', 71, 104, 0, 71);
insert into CTYCBaoGia (MaNCC, MaSP, SLSeMua, GiaDaBao, MaYCBaoGia) values ('Plaza', 59, 441, 0, 74);
insert into CTYCBaoGia (MaNCC, MaSP, SLSeMua, GiaDaBao, MaYCBaoGia) values ('Junction', 64, 501, 0, 53);
insert into CTYCBaoGia (MaNCC, MaSP, SLSeMua, GiaDaBao, MaYCBaoGia) values ('Lane', 46, 170, 0, 77);
insert into CTYCBaoGia (MaNCC, MaSP, SLSeMua, GiaDaBao, MaYCBaoGia) values ('Road', 2, 328, 46600000, 31);
insert into CTYCBaoGia (MaNCC, MaSP, SLSeMua, GiaDaBao, MaYCBaoGia) values ('Junction', 54, 559, 0, 96);
insert into CTYCBaoGia (MaNCC, MaSP, SLSeMua, GiaDaBao, MaYCBaoGia) values ('Circle', 30, 94, 0, 81);
insert into CTYCBaoGia (MaNCC, MaSP, SLSeMua, GiaDaBao, MaYCBaoGia) values ('Place', 14, 959, 97400000, 64);
insert into CTYCBaoGia (MaNCC, MaSP, SLSeMua, GiaDaBao, MaYCBaoGia) values ('Hill', 90, 619, 0, 95);
insert into CTYCBaoGia (MaNCC, MaSP, SLSeMua, GiaDaBao, MaYCBaoGia) values ('Center', 3, 114, 0, 66);
insert into CTYCBaoGia (MaNCC, MaSP, SLSeMua, GiaDaBao, MaYCBaoGia) values ('Road', 35, 670, 0, 92);
insert into CTYCBaoGia (MaNCC, MaSP, SLSeMua, GiaDaBao, MaYCBaoGia) values ('Road', 2, 830, 0, 26);
insert into CTYCBaoGia (MaNCC, MaSP, SLSeMua, GiaDaBao, MaYCBaoGia) values ('Street', 23, 307, 0, 78);
insert into CTYCBaoGia (MaNCC, MaSP, SLSeMua, GiaDaBao, MaYCBaoGia) values ('Park', 7, 447, 0, 52);
insert into CTYCBaoGia (MaNCC, MaSP, SLSeMua, GiaDaBao, MaYCBaoGia) values ('Pass', 71, 952, 0, 80);
insert into CTYCBaoGia (MaNCC, MaSP, SLSeMua, GiaDaBao, MaYCBaoGia) values ('Drive', 70, 89, 0, 22);
insert into CTYCBaoGia (MaNCC, MaSP, SLSeMua, GiaDaBao, MaYCBaoGia) values ('Drive', 86, 179, 0, 21);
insert into CTYCBaoGia (MaNCC, MaSP, SLSeMua, GiaDaBao, MaYCBaoGia) values ('Center', 64, 981, 0, 36);
insert into CTYCBaoGia (MaNCC, MaSP, SLSeMua, GiaDaBao, MaYCBaoGia) values ('Center', 64, 731, 0, 25);
insert into CTYCBaoGia (MaNCC, MaSP, SLSeMua, GiaDaBao, MaYCBaoGia) values ('Road', 35, 644, 0, 53);
insert into CTYCBaoGia (MaNCC, MaSP, SLSeMua, GiaDaBao, MaYCBaoGia) values ('Drive', 75, 481, 0, 56);
insert into CTYCBaoGia (MaNCC, MaSP, SLSeMua, GiaDaBao, MaYCBaoGia) values ('Park', 96, 583, 0, 4);
insert into CTYCBaoGia (MaNCC, MaSP, SLSeMua, GiaDaBao, MaYCBaoGia) values ('Plaza', 81, 515, 0, 45);
insert into CTYCBaoGia (MaNCC, MaSP, SLSeMua, GiaDaBao, MaYCBaoGia) values ('Lane', 24, 31, 0, 48);
insert into CTYCBaoGia (MaNCC, MaSP, SLSeMua, GiaDaBao, MaYCBaoGia) values ('Lane', 77, 406, 0, 91);
insert into CTYCBaoGia (MaNCC, MaSP, SLSeMua, GiaDaBao, MaYCBaoGia) values ('Plaza', 81, 584, 0, 92);
insert into CTYCBaoGia (MaNCC, MaSP, SLSeMua, GiaDaBao, MaYCBaoGia) values ('Crossing', 44, 416, 7400000, 20);
insert into CTYCBaoGia (MaNCC, MaSP, SLSeMua, GiaDaBao, MaYCBaoGia) values ('Lane', 46, 519, 0, 42);
insert into CTYCBaoGia (MaNCC, MaSP, SLSeMua, GiaDaBao, MaYCBaoGia) values ('Court', 41, 405, 0, 77);
insert into CTYCBaoGia (MaNCC, MaSP, SLSeMua, GiaDaBao, MaYCBaoGia) values ('Center', 31, 59, 0, 46);
insert into CTYCBaoGia (MaNCC, MaSP, SLSeMua, GiaDaBao, MaYCBaoGia) values ('Drive', 29, 848, 0, 83);
insert into CTYCBaoGia (MaNCC, MaSP, SLSeMua, GiaDaBao, MaYCBaoGia) values ('Road', 2, 631, 0, 38);
insert into CTYCBaoGia (MaNCC, MaSP, SLSeMua, GiaDaBao, MaYCBaoGia) values ('Lane', 62, 525, 0, 17);
insert into CTYCBaoGia (MaNCC, MaSP, SLSeMua, GiaDaBao, MaYCBaoGia) values ('Center', 14, 336, 0, 94);
insert into CTYCBaoGia (MaNCC, MaSP, SLSeMua, GiaDaBao, MaYCBaoGia) values ('Drive', 1, 869, 0, 54);
insert into CTYCBaoGia (MaNCC, MaSP, SLSeMua, GiaDaBao, MaYCBaoGia) values ('Pass', 8, 372, 0, 83);
insert into CTYCBaoGia (MaNCC, MaSP, SLSeMua, GiaDaBao, MaYCBaoGia) values ('Drive', 75, 589, 0, 71);
insert into CTYCBaoGia (MaNCC, MaSP, SLSeMua, GiaDaBao, MaYCBaoGia) values ('Drive', 4, 238, 0, 28);
insert into CTYCBaoGia (MaNCC, MaSP, SLSeMua, GiaDaBao, MaYCBaoGia) values ('Lane', 32, 824, 0, 18);
insert into CTYCBaoGia (MaNCC, MaSP, SLSeMua, GiaDaBao, MaYCBaoGia) values ('Place', 65, 126, 0, 38);
insert into CTYCBaoGia (MaNCC, MaSP, SLSeMua, GiaDaBao, MaYCBaoGia) values ('Center', 83, 378, 0, 88);
insert into CTYCBaoGia (MaNCC, MaSP, SLSeMua, GiaDaBao, MaYCBaoGia) values ('Terrace', 67, 15, 0, 23);
insert into CTYCBaoGia (MaNCC, MaSP, SLSeMua, GiaDaBao, MaYCBaoGia) values ('Pass', 6, 855, 0, 15);
insert into CTYCBaoGia (MaNCC, MaSP, SLSeMua, GiaDaBao, MaYCBaoGia) values ('Place', 98, 884, 0, 98);
insert into CTYCBaoGia (MaNCC, MaSP, SLSeMua, GiaDaBao, MaYCBaoGia) values ('Point', 8, 759, 0, 5);
insert into CTYCBaoGia (MaNCC, MaSP, SLSeMua, GiaDaBao, MaYCBaoGia) values ('Road', 29, 864, 5400000, 38);
insert into CTYCBaoGia (MaNCC, MaSP, SLSeMua, GiaDaBao, MaYCBaoGia) values ('Avenue', 76, 74, 0, 39);
insert into CTYCBaoGia (MaNCC, MaSP, SLSeMua, GiaDaBao, MaYCBaoGia) values ('Plaza', 96, 304, 50000000, 5);
insert into CTYCBaoGia (MaNCC, MaSP, SLSeMua, GiaDaBao, MaYCBaoGia) values ('Road', 32, 437, 97200000, 41);
insert into CTYCBaoGia (MaNCC, MaSP, SLSeMua, GiaDaBao, MaYCBaoGia) values ('Road', 7, 726, 48200000, 50);
insert into CTYCBaoGia (MaNCC, MaSP, SLSeMua, GiaDaBao, MaYCBaoGia) values ('Avenue', 10, 357, 0, 55);
insert into CTYCBaoGia (MaNCC, MaSP, SLSeMua, GiaDaBao, MaYCBaoGia) values ('Road', 46, 739, 0, 53);
insert into CTYCBaoGia (MaNCC, MaSP, SLSeMua, GiaDaBao, MaYCBaoGia) values ('Junction', 69, 25, 0, 99);
insert into CTYCBaoGia (MaNCC, MaSP, SLSeMua, GiaDaBao, MaYCBaoGia) values ('Junction', 64, 691, 0, 55);
insert into CTYCBaoGia (MaNCC, MaSP, SLSeMua, GiaDaBao, MaYCBaoGia) values ('Drive', 4, 840, 79000000, 13);
insert into CTYCBaoGia (MaNCC, MaSP, SLSeMua, GiaDaBao, MaYCBaoGia) values ('Lane', 46, 576, 0, 37);
insert into CTYCBaoGia (MaNCC, MaSP, SLSeMua, GiaDaBao, MaYCBaoGia) values ('Drive', 51, 816, 0, 3);
insert into CTYCBaoGia (MaNCC, MaSP, SLSeMua, GiaDaBao, MaYCBaoGia) values ('Park', 96, 623, 0, 22);
insert into CTYCBaoGia (MaNCC, MaSP, SLSeMua, GiaDaBao, MaYCBaoGia) values ('Drive', 31, 915, 0, 50);
insert into CTYCBaoGia (MaNCC, MaSP, SLSeMua, GiaDaBao, MaYCBaoGia) values ('Center', 79, 613, 0, 52);
insert into CTYCBaoGia (MaNCC, MaSP, SLSeMua, GiaDaBao, MaYCBaoGia) values ('Road', 37, 924, 0, 25);
insert into CTYCBaoGia (MaNCC, MaSP, SLSeMua, GiaDaBao, MaYCBaoGia) values ('Plaza', 72, 675, 0, 44);
insert into CTYCBaoGia (MaNCC, MaSP, SLSeMua, GiaDaBao, MaYCBaoGia) values ('Point', 7, 920, 0, 99);
insert into CTYCBaoGia (MaNCC, MaSP, SLSeMua, GiaDaBao, MaYCBaoGia) values ('Junction', 73, 352, 0, 77);
insert into CTYCBaoGia (MaNCC, MaSP, SLSeMua, GiaDaBao, MaYCBaoGia) values ('Hill', 70, 418, 0, 70);
insert into CTYCBaoGia (MaNCC, MaSP, SLSeMua, GiaDaBao, MaYCBaoGia) values ('Road', 63, 600, 0, 48);
insert into CTYCBaoGia (MaNCC, MaSP, SLSeMua, GiaDaBao, MaYCBaoGia) values ('Hill', 10, 615, 0, 48);
insert into CTYCBaoGia (MaNCC, MaSP, SLSeMua, GiaDaBao, MaYCBaoGia) values ('Center', 49, 820, 90400000, 56);
insert into CTYCBaoGia (MaNCC, MaSP, SLSeMua, GiaDaBao, MaYCBaoGia) values ('Street', 38, 148, 0, 100);
insert into CTYCBaoGia (MaNCC, MaSP, SLSeMua, GiaDaBao, MaYCBaoGia) values ('Pass', 71, 328, 0, 72);
insert into CTYCBaoGia (MaNCC, MaSP, SLSeMua, GiaDaBao, MaYCBaoGia) values ('Plaza', 96, 485, 0, 76);
insert into CTYCBaoGia (MaNCC, MaSP, SLSeMua, GiaDaBao, MaYCBaoGia) values ('Street', 28, 78, 0, 9);
insert into CTYCBaoGia (MaNCC, MaSP, SLSeMua, GiaDaBao, MaYCBaoGia) values ('Way', 11, 863, 9600000, 43);
insert into CTYCBaoGia (MaNCC, MaSP, SLSeMua, GiaDaBao, MaYCBaoGia) values ('Hill', 10, 695, 0, 1);
insert into CTYCBaoGia (MaNCC, MaSP, SLSeMua, GiaDaBao, MaYCBaoGia) values ('Pass', 41, 226, 0, 90);
insert into CTYCBaoGia (MaNCC, MaSP, SLSeMua, GiaDaBao, MaYCBaoGia) values ('Point', 71, 9, 83300000, 90);
insert into CTYCBaoGia (MaNCC, MaSP, SLSeMua, GiaDaBao, MaYCBaoGia) values ('Alley', 62, 512, 0, 58);
insert into CTYCBaoGia (MaNCC, MaSP, SLSeMua, GiaDaBao, MaYCBaoGia) values ('Court', 40, 646, 0, 29);
insert into CTYCBaoGia (MaNCC, MaSP, SLSeMua, GiaDaBao, MaYCBaoGia) values ('Alley', 94, 554, 0, 76);
insert into CTYCBaoGia (MaNCC, MaSP, SLSeMua, GiaDaBao, MaYCBaoGia) values ('Point', 40, 361, 19400000, 47);
insert into CTYCBaoGia (MaNCC, MaSP, SLSeMua, GiaDaBao, MaYCBaoGia) values ('Way', 46, 854, 0, 13);
insert into CTYCBaoGia (MaNCC, MaSP, SLSeMua, GiaDaBao, MaYCBaoGia) values ('Avenue', 74, 10, 0, 58);
insert into CTYCBaoGia (MaNCC, MaSP, SLSeMua, GiaDaBao, MaYCBaoGia) values ('Alley', 11, 21, 63000000, 8);
insert into CTYCBaoGia (MaNCC, MaSP, SLSeMua, GiaDaBao, MaYCBaoGia) values ('Court', 75, 18, 0, 31);
insert into CTYCBaoGia (MaNCC, MaSP, SLSeMua, GiaDaBao, MaYCBaoGia) values ('Court', 40, 567, 0, 46);
insert into CTYCBaoGia (MaNCC, MaSP, SLSeMua, GiaDaBao, MaYCBaoGia) values ('Junction', 69, 53, 62600000, 80);
insert into CTYCBaoGia (MaNCC, MaSP, SLSeMua, GiaDaBao, MaYCBaoGia) values ('Drive', 93, 143, 0, 94);
insert into CTYCBaoGia (MaNCC, MaSP, SLSeMua, GiaDaBao, MaYCBaoGia) values ('Lane', 91, 580, 18900000, 70);
insert into CTYCBaoGia (MaNCC, MaSP, SLSeMua, GiaDaBao, MaYCBaoGia) values ('Alley', 21, 100, 0, 7);
insert into CTYCBaoGia (MaNCC, MaSP, SLSeMua, GiaDaBao, MaYCBaoGia) values ('Pass', 64, 235, 3700000, 56);
insert into CTYCBaoGia (MaNCC, MaSP, SLSeMua, GiaDaBao, MaYCBaoGia) values ('Junction', 54, 236, 0, 43);
insert into CTYCBaoGia (MaNCC, MaSP, SLSeMua, GiaDaBao, MaYCBaoGia) values ('Center', 22, 413, 0, 52);
insert into CTYCBaoGia (MaNCC, MaSP, SLSeMua, GiaDaBao, MaYCBaoGia) values ('Drive', 4, 540, 0, 82);
insert into CTYCBaoGia (MaNCC, MaSP, SLSeMua, GiaDaBao, MaYCBaoGia) values ('Street', 23, 211, 0, 81);
insert into CTYCBaoGia (MaNCC, MaSP, SLSeMua, GiaDaBao, MaYCBaoGia) values ('Drive', 51, 890, 0, 85);
insert into CTYCBaoGia (MaNCC, MaSP, SLSeMua, GiaDaBao, MaYCBaoGia) values ('Place', 46, 1000, 0, 9);
insert into CTYCBaoGia (MaNCC, MaSP, SLSeMua, GiaDaBao, MaYCBaoGia) values ('Drive', 93, 452, 0, 58);
insert into CTYCBaoGia (MaNCC, MaSP, SLSeMua, GiaDaBao, MaYCBaoGia) values ('Pass', 26, 786, 0, 19);
insert into CTYCBaoGia (MaNCC, MaSP, SLSeMua, GiaDaBao, MaYCBaoGia) values ('Junction', 76, 785, 0, 81);
insert into CTYCBaoGia (MaNCC, MaSP, SLSeMua, GiaDaBao, MaYCBaoGia) values ('Pass', 23, 632, 41800000, 83);
insert into CTYCBaoGia (MaNCC, MaSP, SLSeMua, GiaDaBao, MaYCBaoGia) values ('Avenue', 10, 717, 0, 7);
insert into CTYCBaoGia (MaNCC, MaSP, SLSeMua, GiaDaBao, MaYCBaoGia) values ('Drive', 4, 584, 0, 1);
insert into CTYCBaoGia (MaNCC, MaSP, SLSeMua, GiaDaBao, MaYCBaoGia) values ('Way', 99, 372, 0, 78);
insert into CTYCBaoGia (MaNCC, MaSP, SLSeMua, GiaDaBao, MaYCBaoGia) values ('Point', 40, 330, 0, 88);
insert into CTYCBaoGia (MaNCC, MaSP, SLSeMua, GiaDaBao, MaYCBaoGia) values ('Circle', 75, 511, 0, 29);
insert into CTYCBaoGia (MaNCC, MaSP, SLSeMua, GiaDaBao, MaYCBaoGia) values ('Crossing', 83, 407, 0, 4);
insert into CTYCBaoGia (MaNCC, MaSP, SLSeMua, GiaDaBao, MaYCBaoGia) values ('Lane', 89, 296, 0, 67);
insert into CTYCBaoGia (MaNCC, MaSP, SLSeMua, GiaDaBao, MaYCBaoGia) values ('Place', 20, 518, 0, 87);
insert into CTYCBaoGia (MaNCC, MaSP, SLSeMua, GiaDaBao, MaYCBaoGia) values ('Drive', 87, 346, 0, 24);
insert into CTYCBaoGia (MaNCC, MaSP, SLSeMua, GiaDaBao, MaYCBaoGia) values ('Drive', 51, 4, 0, 47);
insert into CTYCBaoGia (MaNCC, MaSP, SLSeMua, GiaDaBao, MaYCBaoGia) values ('Avenue', 78, 706, 0, 28);
insert into CTYCBaoGia (MaNCC, MaSP, SLSeMua, GiaDaBao, MaYCBaoGia) values ('Road', 32, 317, 0, 90);
insert into CTYCBaoGia (MaNCC, MaSP, SLSeMua, GiaDaBao, MaYCBaoGia) values ('Drive', 87, 138, 0, 37);
insert into CTYCBaoGia (MaNCC, MaSP, SLSeMua, GiaDaBao, MaYCBaoGia) values ('Road', 54, 648, 75300000, 26);
insert into CTYCBaoGia (MaNCC, MaSP, SLSeMua, GiaDaBao, MaYCBaoGia) values ('Trail', 73, 413, 0, 14);
insert into CTYCBaoGia (MaNCC, MaSP, SLSeMua, GiaDaBao, MaYCBaoGia) values ('Way', 42, 499, 0, 4);
insert into CTYCBaoGia (MaNCC, MaSP, SLSeMua, GiaDaBao, MaYCBaoGia) values ('Drive', 100, 122, 0, 78);
insert into CTYCBaoGia (MaNCC, MaSP, SLSeMua, GiaDaBao, MaYCBaoGia) values ('Junction', 96, 348, 34800000, 38);
insert into CTYCBaoGia (MaNCC, MaSP, SLSeMua, GiaDaBao, MaYCBaoGia) values ('Road', 54, 343, 0, 69);
insert into CTYCBaoGia (MaNCC, MaSP, SLSeMua, GiaDaBao, MaYCBaoGia) values ('Place', 65, 541, 0, 52);
insert into CTYCBaoGia (MaNCC, MaSP, SLSeMua, GiaDaBao, MaYCBaoGia) values ('Plaza', 15, 370, 0, 55);
insert into CTYCBaoGia (MaNCC, MaSP, SLSeMua, GiaDaBao, MaYCBaoGia) values ('Pass', 26, 915, 0, 52);
insert into CTYCBaoGia (MaNCC, MaSP, SLSeMua, GiaDaBao, MaYCBaoGia) values ('Hill', 48, 634, 0, 5);
insert into CTYCBaoGia (MaNCC, MaSP, SLSeMua, GiaDaBao, MaYCBaoGia) values ('Road', 43, 482, 68600000, 68);
insert into CTYCBaoGia (MaNCC, MaSP, SLSeMua, GiaDaBao, MaYCBaoGia) values ('Place', 3, 959, 0, 12);
insert into CTYCBaoGia (MaNCC, MaSP, SLSeMua, GiaDaBao, MaYCBaoGia) values ('Circle', 75, 767, 0, 78);
insert into CTYCBaoGia (MaNCC, MaSP, SLSeMua, GiaDaBao, MaYCBaoGia) values ('Center', 55, 365, 0, 11);
insert into CTYCBaoGia (MaNCC, MaSP, SLSeMua, GiaDaBao, MaYCBaoGia) values ('Lane', 32, 354, 0, 65);
insert into CTYCBaoGia (MaNCC, MaSP, SLSeMua, GiaDaBao, MaYCBaoGia) values ('Hill', 70, 692, 75900000, 21);
insert into CTYCBaoGia (MaNCC, MaSP, SLSeMua, GiaDaBao, MaYCBaoGia) values ('Place', 55, 331, 0, 12);
insert into CTYCBaoGia (MaNCC, MaSP, SLSeMua, GiaDaBao, MaYCBaoGia) values ('Center', 31, 664, 0, 87);
insert into CTYCBaoGia (MaNCC, MaSP, SLSeMua, GiaDaBao, MaYCBaoGia) values ('Court', 41, 987, 0, 31);
insert into CTYCBaoGia (MaNCC, MaSP, SLSeMua, GiaDaBao, MaYCBaoGia) values ('Lane', 32, 525, 0, 67);
insert into CTYCBaoGia (MaNCC, MaSP, SLSeMua, GiaDaBao, MaYCBaoGia) values ('Terrace', 55, 784, 0, 65);
insert into CTYCBaoGia (MaNCC, MaSP, SLSeMua, GiaDaBao, MaYCBaoGia) values ('Alley', 60, 873, 0, 39);
insert into CTYCBaoGia (MaNCC, MaSP, SLSeMua, GiaDaBao, MaYCBaoGia) values ('Drive', 66, 921, 17500000, 23);
insert into CTYCBaoGia (MaNCC, MaSP, SLSeMua, GiaDaBao, MaYCBaoGia) values ('Way', 46, 170, 0, 73);
insert into CTYCBaoGia (MaNCC, MaSP, SLSeMua, GiaDaBao, MaYCBaoGia) values ('Point', 7, 294, 0, 48);
insert into CTYCBaoGia (MaNCC, MaSP, SLSeMua, GiaDaBao, MaYCBaoGia) values ('Place', 20, 853, 0, 100);
insert into CTYCBaoGia (MaNCC, MaSP, SLSeMua, GiaDaBao, MaYCBaoGia) values ('Alley', 11, 950, 0, 53);
insert into CTYCBaoGia (MaNCC, MaSP, SLSeMua, GiaDaBao, MaYCBaoGia) values ('Alley', 68, 726, 0, 96);
insert into CTYCBaoGia (MaNCC, MaSP, SLSeMua, GiaDaBao, MaYCBaoGia) values ('Park', 67, 623, 0, 47);
insert into CTYCBaoGia (MaNCC, MaSP, SLSeMua, GiaDaBao, MaYCBaoGia) values ('Lane', 46, 562, 39000000, 24);
insert into CTYCBaoGia (MaNCC, MaSP, SLSeMua, GiaDaBao, MaYCBaoGia) values ('Court', 41, 72, 36400000, 27);
insert into CTYCBaoGia (MaNCC, MaSP, SLSeMua, GiaDaBao, MaYCBaoGia) values ('Place', 69, 977, 0, 54);
insert into CTYCBaoGia (MaNCC, MaSP, SLSeMua, GiaDaBao, MaYCBaoGia) values ('Terrace', 93, 285, 0, 100);
insert into CTYCBaoGia (MaNCC, MaSP, SLSeMua, GiaDaBao, MaYCBaoGia) values ('Center', 14, 496, 0, 61);
insert into CTYCBaoGia (MaNCC, MaSP, SLSeMua, GiaDaBao, MaYCBaoGia) values ('Street', 28, 124, 0, 70);
insert into CTYCBaoGia (MaNCC, MaSP, SLSeMua, GiaDaBao, MaYCBaoGia) values ('Alley', 21, 13, 0, 96);
insert into CTYCBaoGia (MaNCC, MaSP, SLSeMua, GiaDaBao, MaYCBaoGia) values ('Hill', 77, 9, 0, 76);
insert into CTYCBaoGia (MaNCC, MaSP, SLSeMua, GiaDaBao, MaYCBaoGia) values ('Crossing', 83, 65, 0, 23);
insert into CTYCBaoGia (MaNCC, MaSP, SLSeMua, GiaDaBao, MaYCBaoGia) values ('Circle', 46, 116, 0, 68);
insert into CTYCBaoGia (MaNCC, MaSP, SLSeMua, GiaDaBao, MaYCBaoGia) values ('Drive', 74, 469, 0, 4);
insert into CTYCBaoGia (MaNCC, MaSP, SLSeMua, GiaDaBao, MaYCBaoGia) values ('Point', 82, 779, 69600000, 54);
insert into CTYCBaoGia (MaNCC, MaSP, SLSeMua, GiaDaBao, MaYCBaoGia) values ('Road', 82, 986, 76400000, 52);
insert into CTYCBaoGia (MaNCC, MaSP, SLSeMua, GiaDaBao, MaYCBaoGia) values ('Plaza', 96, 950, 2300000, 82);
insert into CTYCBaoGia (MaNCC, MaSP, SLSeMua, GiaDaBao, MaYCBaoGia) values ('Road', 6, 304, 0, 86);
insert into CTYCBaoGia (MaNCC, MaSP, SLSeMua, GiaDaBao, MaYCBaoGia) values ('Way', 92, 930, 0, 50);
insert into CTYCBaoGia (MaNCC, MaSP, SLSeMua, GiaDaBao, MaYCBaoGia) values ('Crossing', 67, 33, 0, 44);
insert into CTYCBaoGia (MaNCC, MaSP, SLSeMua, GiaDaBao, MaYCBaoGia) values ('Pass', 64, 498, 56600000, 87);
insert into CTYCBaoGia (MaNCC, MaSP, SLSeMua, GiaDaBao, MaYCBaoGia) values ('Plaza', 15, 725, 78800000, 89);
insert into CTYCBaoGia (MaNCC, MaSP, SLSeMua, GiaDaBao, MaYCBaoGia) values ('Place', 49, 143, 29900000, 56);
insert into CTYCBaoGia (MaNCC, MaSP, SLSeMua, GiaDaBao, MaYCBaoGia) values ('Road', 54, 400, 0, 49);
insert into CTYCBaoGia (MaNCC, MaSP, SLSeMua, GiaDaBao, MaYCBaoGia) values ('Road', 37, 636, 40900000, 51);
insert into CTYCBaoGia (MaNCC, MaSP, SLSeMua, GiaDaBao, MaYCBaoGia) values ('Center', 49, 818, 0, 58);
insert into CTYCBaoGia (MaNCC, MaSP, SLSeMua, GiaDaBao, MaYCBaoGia) values ('Center', 22, 884, 0, 12);
insert into CTYCBaoGia (MaNCC, MaSP, SLSeMua, GiaDaBao, MaYCBaoGia) values ('Road', 32, 316, 22500000, 95);
insert into CTYCBaoGia (MaNCC, MaSP, SLSeMua, GiaDaBao, MaYCBaoGia) values ('Drive', 29, 503, 0, 85);
insert into CTYCBaoGia (MaNCC, MaSP, SLSeMua, GiaDaBao, MaYCBaoGia) values ('Pass', 68, 358, 0, 69);
insert into CTYCBaoGia (MaNCC, MaSP, SLSeMua, GiaDaBao, MaYCBaoGia) values ('Place', 98, 967, 0, 4);
insert into CTYCBaoGia (MaNCC, MaSP, SLSeMua, GiaDaBao, MaYCBaoGia) values ('Alley', 11, 477, 0, 71);
insert into CTYCBaoGia (MaNCC, MaSP, SLSeMua, GiaDaBao, MaYCBaoGia) values ('Road', 2, 84, 0, 45);
insert into CTYCBaoGia (MaNCC, MaSP, SLSeMua, GiaDaBao, MaYCBaoGia) values ('Hill', 44, 788, 7600000, 55);
insert into CTYCBaoGia (MaNCC, MaSP, SLSeMua, GiaDaBao, MaYCBaoGia) values ('Lane', 89, 174, 0, 6);
insert into CTYCBaoGia (MaNCC, MaSP, SLSeMua, GiaDaBao, MaYCBaoGia) values ('Place', 98, 911, 0, 18);
insert into CTYCBaoGia (MaNCC, MaSP, SLSeMua, GiaDaBao, MaYCBaoGia) values ('Place', 20, 369, 0, 66);
insert into CTYCBaoGia (MaNCC, MaSP, SLSeMua, GiaDaBao, MaYCBaoGia) values ('Way', 97, 131, 15900000, 8);
insert into CTYCBaoGia (MaNCC, MaSP, SLSeMua, GiaDaBao, MaYCBaoGia) values ('Way', 46, 868, 80000000, 3);
insert into CTYCBaoGia (MaNCC, MaSP, SLSeMua, GiaDaBao, MaYCBaoGia) values ('Place', 49, 806, 0, 39);
insert into CTYCBaoGia (MaNCC, MaSP, SLSeMua, GiaDaBao, MaYCBaoGia) values ('Hill', 48, 622, 32900000, 40);
insert into CTYCBaoGia (MaNCC, MaSP, SLSeMua, GiaDaBao, MaYCBaoGia) values ('Point', 66, 915, 0, 69);
insert into CTYCBaoGia (MaNCC, MaSP, SLSeMua, GiaDaBao, MaYCBaoGia) values ('Lane', 77, 494, 0, 32);
insert into CTYCBaoGia (MaNCC, MaSP, SLSeMua, GiaDaBao, MaYCBaoGia) values ('Junction', 37, 428, 0, 91);
insert into CTYCBaoGia (MaNCC, MaSP, SLSeMua, GiaDaBao, MaYCBaoGia) values ('Crossing', 96, 901, 0, 31);
insert into CTYCBaoGia (MaNCC, MaSP, SLSeMua, GiaDaBao, MaYCBaoGia) values ('Road', 82, 209, 0, 55);
insert into CTYCBaoGia (MaNCC, MaSP, SLSeMua, GiaDaBao, MaYCBaoGia) values ('Lane', 32, 354, 0, 67);
insert into CTYCBaoGia (MaNCC, MaSP, SLSeMua, GiaDaBao, MaYCBaoGia) values ('Plaza', 72, 881, 17900000, 59);
insert into CTYCBaoGia (MaNCC, MaSP, SLSeMua, GiaDaBao, MaYCBaoGia) values ('Pass', 87, 569, 0, 34);
insert into CTYCBaoGia (MaNCC, MaSP, SLSeMua, GiaDaBao, MaYCBaoGia) values ('Alley', 2, 773, 0, 14);
insert into CTYCBaoGia (MaNCC, MaSP, SLSeMua, GiaDaBao, MaYCBaoGia) values ('Alley', 96, 319, 0, 94);
insert into CTYCBaoGia (MaNCC, MaSP, SLSeMua, GiaDaBao, MaYCBaoGia) values ('Lane', 48, 675, 0, 45);
insert into CTYCBaoGia (MaNCC, MaSP, SLSeMua, GiaDaBao, MaYCBaoGia) values ('Drive', 93, 985, 0, 62);
insert into CTYCBaoGia (MaNCC, MaSP, SLSeMua, GiaDaBao, MaYCBaoGia) values ('Drive', 86, 471, 0, 95);
insert into CTYCBaoGia (MaNCC, MaSP, SLSeMua, GiaDaBao, MaYCBaoGia) values ('Alley', 60, 981, 0, 56);
insert into CTYCBaoGia (MaNCC, MaSP, SLSeMua, GiaDaBao, MaYCBaoGia) values ('Point', 7, 870, 0, 91);
insert into CTYCBaoGia (MaNCC, MaSP, SLSeMua, GiaDaBao, MaYCBaoGia) values ('Pass', 41, 211, 0, 4);
insert into CTYCBaoGia (MaNCC, MaSP, SLSeMua, GiaDaBao, MaYCBaoGia) values ('Drive', 51, 415, 0, 98);
insert into CTYCBaoGia (MaNCC, MaSP, SLSeMua, GiaDaBao, MaYCBaoGia) values ('Drive', 100, 911, 0, 69);
insert into CTYCBaoGia (MaNCC, MaSP, SLSeMua, GiaDaBao, MaYCBaoGia) values ('Center', 49, 577, 80400000, 86);
insert into CTYCBaoGia (MaNCC, MaSP, SLSeMua, GiaDaBao, MaYCBaoGia) values ('Circle', 30, 747, 0, 32);
insert into CTYCBaoGia (MaNCC, MaSP, SLSeMua, GiaDaBao, MaYCBaoGia) values ('Hill', 34, 323, 0, 89);
insert into CTYCBaoGia (MaNCC, MaSP, SLSeMua, GiaDaBao, MaYCBaoGia) values ('Avenue', 78, 900, 0, 89);
insert into CTYCBaoGia (MaNCC, MaSP, SLSeMua, GiaDaBao, MaYCBaoGia) values ('Circle', 34, 908, 0, 83);
insert into CTYCBaoGia (MaNCC, MaSP, SLSeMua, GiaDaBao, MaYCBaoGia) values ('Way', 97, 494, 0, 69);
insert into CTYCBaoGia (MaNCC, MaSP, SLSeMua, GiaDaBao, MaYCBaoGia) values ('Point', 8, 236, 0, 90);
insert into CTYCBaoGia (MaNCC, MaSP, SLSeMua, GiaDaBao, MaYCBaoGia) values ('Road', 6, 144, 0, 30);
insert into CTYCBaoGia (MaNCC, MaSP, SLSeMua, GiaDaBao, MaYCBaoGia) values ('Center', 8, 343, 56300000, 30);
insert into CTYCBaoGia (MaNCC, MaSP, SLSeMua, GiaDaBao, MaYCBaoGia) values ('Pass', 73, 573, 0, 70);
insert into CTYCBaoGia (MaNCC, MaSP, SLSeMua, GiaDaBao, MaYCBaoGia) values ('Avenue', 57, 407, 54800000, 76);
insert into CTYCBaoGia (MaNCC, MaSP, SLSeMua, GiaDaBao, MaYCBaoGia) values ('Alley', 63, 431, 0, 32);
insert into CTYCBaoGia (MaNCC, MaSP, SLSeMua, GiaDaBao, MaYCBaoGia) values ('Avenue', 76, 673, 0, 68);
insert into CTYCBaoGia (MaNCC, MaSP, SLSeMua, GiaDaBao, MaYCBaoGia) values ('Pass', 75, 138, 0, 63);
insert into CTYCBaoGia (MaNCC, MaSP, SLSeMua, GiaDaBao, MaYCBaoGia) values ('Junction', 54, 429, 0, 47);
insert into CTYCBaoGia (MaNCC, MaSP, SLSeMua, GiaDaBao, MaYCBaoGia) values ('Drive', 93, 152, 0, 56);
insert into CTYCBaoGia (MaNCC, MaSP, SLSeMua, GiaDaBao, MaYCBaoGia) values ('Alley', 60, 299, 74700000, 48);
insert into CTYCBaoGia (MaNCC, MaSP, SLSeMua, GiaDaBao, MaYCBaoGia) values ('Park', 96, 816, 41100000, 96);
insert into CTYCBaoGia (MaNCC, MaSP, SLSeMua, GiaDaBao, MaYCBaoGia) values ('Alley', 63, 20, 0, 16);
insert into CTYCBaoGia (MaNCC, MaSP, SLSeMua, GiaDaBao, MaYCBaoGia) values ('Park', 7, 370, 0, 86);
insert into CTYCBaoGia (MaNCC, MaSP, SLSeMua, GiaDaBao, MaYCBaoGia) values ('Plaza', 96, 119, 57000000, 89);
insert into CTYCBaoGia (MaNCC, MaSP, SLSeMua, GiaDaBao, MaYCBaoGia) values ('Avenue', 30, 439, 0, 83);
insert into CTYCBaoGia (MaNCC, MaSP, SLSeMua, GiaDaBao, MaYCBaoGia) values ('Center', 63, 181, 0, 98);
insert into CTYCBaoGia (MaNCC, MaSP, SLSeMua, GiaDaBao, MaYCBaoGia) values ('Point', 79, 139, 36400000, 42);
insert into CTYCBaoGia (MaNCC, MaSP, SLSeMua, GiaDaBao, MaYCBaoGia) values ('Alley', 62, 228, 0, 4);
insert into CTYCBaoGia (MaNCC, MaSP, SLSeMua, GiaDaBao, MaYCBaoGia) values ('Plaza', 81, 109, 26800000, 88);
insert into CTYCBaoGia (MaNCC, MaSP, SLSeMua, GiaDaBao, MaYCBaoGia) values ('Drive', 4, 571, 0, 52);
insert into CTYCBaoGia (MaNCC, MaSP, SLSeMua, GiaDaBao, MaYCBaoGia) values ('Alley', 2, 472, 0, 27);
insert into CTYCBaoGia (MaNCC, MaSP, SLSeMua, GiaDaBao, MaYCBaoGia) values ('Road', 7, 498, 0, 54);
insert into CTYCBaoGia (MaNCC, MaSP, SLSeMua, GiaDaBao, MaYCBaoGia) values ('Center', 7, 885, 0, 59);
insert into CTYCBaoGia (MaNCC, MaSP, SLSeMua, GiaDaBao, MaYCBaoGia) values ('Junction', 96, 527, 0, 33);
insert into CTYCBaoGia (MaNCC, MaSP, SLSeMua, GiaDaBao, MaYCBaoGia) values ('Road', 2, 183, 0, 14);
insert into CTYCBaoGia (MaNCC, MaSP, SLSeMua, GiaDaBao, MaYCBaoGia) values ('Point', 66, 387, 0, 28);
insert into CTYCBaoGia (MaNCC, MaSP, SLSeMua, GiaDaBao, MaYCBaoGia) values ('Center', 8, 584, 0, 56);
insert into CTYCBaoGia (MaNCC, MaSP, SLSeMua, GiaDaBao, MaYCBaoGia) values ('Center', 22, 342, 0, 37);
insert into CTYCBaoGia (MaNCC, MaSP, SLSeMua, GiaDaBao, MaYCBaoGia) values ('Point', 82, 841, 0, 22);
insert into CTYCBaoGia (MaNCC, MaSP, SLSeMua, GiaDaBao, MaYCBaoGia) values ('Street', 23, 624, 0, 63);
insert into CTYCBaoGia (MaNCC, MaSP, SLSeMua, GiaDaBao, MaYCBaoGia) values ('Pass', 41, 981, 0, 37);
insert into CTYCBaoGia (MaNCC, MaSP, SLSeMua, GiaDaBao, MaYCBaoGia) values ('Drive', 74, 901, 0, 99);
insert into CTYCBaoGia (MaNCC, MaSP, SLSeMua, GiaDaBao, MaYCBaoGia) values ('Terrace', 93, 858, 45600000, 56);
insert into CTYCBaoGia (MaNCC, MaSP, SLSeMua, GiaDaBao, MaYCBaoGia) values ('Crossing', 24, 277, 12200000, 47);
insert into CTYCBaoGia (MaNCC, MaSP, SLSeMua, GiaDaBao, MaYCBaoGia) values ('Alley', 11, 531, 42700000, 19);
insert into CTYCBaoGia (MaNCC, MaSP, SLSeMua, GiaDaBao, MaYCBaoGia) values ('Avenue', 74, 344, 0, 45);
insert into CTYCBaoGia (MaNCC, MaSP, SLSeMua, GiaDaBao, MaYCBaoGia) values ('Court', 75, 226, 0, 69);
insert into CTYCBaoGia (MaNCC, MaSP, SLSeMua, GiaDaBao, MaYCBaoGia) values ('Road', 32, 644, 57100000, 78);
insert into CTYCBaoGia (MaNCC, MaSP, SLSeMua, GiaDaBao, MaYCBaoGia) values ('Circle', 75, 831, 0, 91);
insert into CTYCBaoGia (MaNCC, MaSP, SLSeMua, GiaDaBao, MaYCBaoGia) values ('Lane', 77, 64, 0, 1);
insert into CTYCBaoGia (MaNCC, MaSP, SLSeMua, GiaDaBao, MaYCBaoGia) values ('Center', 97, 290, 0, 79);
insert into CTYCBaoGia (MaNCC, MaSP, SLSeMua, GiaDaBao, MaYCBaoGia) values ('Pass', 8, 904, 0, 67);
insert into CTYCBaoGia (MaNCC, MaSP, SLSeMua, GiaDaBao, MaYCBaoGia) values ('Road', 63, 921, 0, 1);
insert into CTYCBaoGia (MaNCC, MaSP, SLSeMua, GiaDaBao, MaYCBaoGia) values ('Center', 63, 619, 0, 97);
insert into CTYCBaoGia (MaNCC, MaSP, SLSeMua, GiaDaBao, MaYCBaoGia) values ('Plaza', 72, 807, 0, 14);
insert into CTYCBaoGia (MaNCC, MaSP, SLSeMua, GiaDaBao, MaYCBaoGia) values ('Way', 92, 971, 0, 92);
insert into CTYCBaoGia (MaNCC, MaSP, SLSeMua, GiaDaBao, MaYCBaoGia) values ('Crossing', 7, 309, 0, 78);
insert into CTYCBaoGia (MaNCC, MaSP, SLSeMua, GiaDaBao, MaYCBaoGia) values ('Pass', 8, 400, 0, 18);
insert into CTYCBaoGia (MaNCC, MaSP, SLSeMua, GiaDaBao, MaYCBaoGia) values ('Drive', 75, 530, 0, 100);
insert into CTYCBaoGia (MaNCC, MaSP, SLSeMua, GiaDaBao, MaYCBaoGia) values ('Place', 92, 936, 0, 88);
insert into CTYCBaoGia (MaNCC, MaSP, SLSeMua, GiaDaBao, MaYCBaoGia) values ('Lane', 24, 87, 0, 43);
insert into CTYCBaoGia (MaNCC, MaSP, SLSeMua, GiaDaBao, MaYCBaoGia) values ('Hill', 62, 923, 0, 2);
insert into CTYCBaoGia (MaNCC, MaSP, SLSeMua, GiaDaBao, MaYCBaoGia) values ('Park', 37, 723, 0, 51);
insert into CTYCBaoGia (MaNCC, MaSP, SLSeMua, GiaDaBao, MaYCBaoGia) values ('Center', 64, 232, 58700000, 34);
insert into CTYCBaoGia (MaNCC, MaSP, SLSeMua, GiaDaBao, MaYCBaoGia) values ('Road', 2, 146, 0, 95);
insert into CTYCBaoGia (MaNCC, MaSP, SLSeMua, GiaDaBao, MaYCBaoGia) values ('Alley', 73, 691, 73600000, 16);
insert into CTYCBaoGia (MaNCC, MaSP, SLSeMua, GiaDaBao, MaYCBaoGia) values ('Point', 27, 585, 0, 28);
insert into CTYCBaoGia (MaNCC, MaSP, SLSeMua, GiaDaBao, MaYCBaoGia) values ('Alley', 11, 568, 0, 54);
insert into CTYCBaoGia (MaNCC, MaSP, SLSeMua, GiaDaBao, MaYCBaoGia) values ('Court', 41, 526, 0, 8);
insert into CTYCBaoGia (MaNCC, MaSP, SLSeMua, GiaDaBao, MaYCBaoGia) values ('Street', 50, 595, 0, 58);
insert into CTYCBaoGia (MaNCC, MaSP, SLSeMua, GiaDaBao, MaYCBaoGia) values ('Center', 97, 400, 0, 20);
insert into CTYCBaoGia (MaNCC, MaSP, SLSeMua, GiaDaBao, MaYCBaoGia) values ('Alley', 21, 160, 0, 84);
insert into CTYCBaoGia (MaNCC, MaSP, SLSeMua, GiaDaBao, MaYCBaoGia) values ('Court', 40, 649, 6300000, 74);
insert into CTYCBaoGia (MaNCC, MaSP, SLSeMua, GiaDaBao, MaYCBaoGia) values ('Pass', 6, 876, 0, 30);
insert into CTYCBaoGia (MaNCC, MaSP, SLSeMua, GiaDaBao, MaYCBaoGia) values ('Alley', 21, 439, 75000000, 99);
insert into CTYCBaoGia (MaNCC, MaSP, SLSeMua, GiaDaBao, MaYCBaoGia) values ('Trail', 14, 267, 0, 99);
insert into CTYCBaoGia (MaNCC, MaSP, SLSeMua, GiaDaBao, MaYCBaoGia) values ('Center', 63, 238, 0, 39);
insert into CTYCBaoGia (MaNCC, MaSP, SLSeMua, GiaDaBao, MaYCBaoGia) values ('Street', 35, 69, 0, 33);
insert into CTYCBaoGia (MaNCC, MaSP, SLSeMua, GiaDaBao, MaYCBaoGia) values ('Center', 79, 73, 0, 3);
insert into CTYCBaoGia (MaNCC, MaSP, SLSeMua, GiaDaBao, MaYCBaoGia) values ('Drive', 93, 20, 0, 100);
insert into CTYCBaoGia (MaNCC, MaSP, SLSeMua, GiaDaBao, MaYCBaoGia) values ('Point', 71, 189, 0, 9);
insert into CTYCBaoGia (MaNCC, MaSP, SLSeMua, GiaDaBao, MaYCBaoGia) values ('Park', 67, 145, 0, 79);
insert into CTYCBaoGia (MaNCC, MaSP, SLSeMua, GiaDaBao, MaYCBaoGia) values ('Crossing', 67, 172, 86500000, 37);
insert into CTYCBaoGia (MaNCC, MaSP, SLSeMua, GiaDaBao, MaYCBaoGia) values ('Place', 91, 827, 0, 27);
insert into CTYCBaoGia (MaNCC, MaSP, SLSeMua, GiaDaBao, MaYCBaoGia) values ('Center', 63, 843, 0, 63);
insert into CTYCBaoGia (MaNCC, MaSP, SLSeMua, GiaDaBao, MaYCBaoGia) values ('Drive', 65, 846, 0, 67);
insert into CTYCBaoGia (MaNCC, MaSP, SLSeMua, GiaDaBao, MaYCBaoGia) values ('Center', 7, 625, 0, 74);
insert into CTYCBaoGia (MaNCC, MaSP, SLSeMua, GiaDaBao, MaYCBaoGia) values ('Junction', 64, 77, 79900000, 23);
insert into CTYCBaoGia (MaNCC, MaSP, SLSeMua, GiaDaBao, MaYCBaoGia) values ('Trail', 9, 104, 0, 6);
insert into CTYCBaoGia (MaNCC, MaSP, SLSeMua, GiaDaBao, MaYCBaoGia) values ('Circle', 31, 605, 0, 30);
insert into CTYCBaoGia (MaNCC, MaSP, SLSeMua, GiaDaBao, MaYCBaoGia) values ('Drive', 74, 563, 0, 43);
insert into CTYCBaoGia (MaNCC, MaSP, SLSeMua, GiaDaBao, MaYCBaoGia) values ('Drive', 74, 238, 0, 10);
insert into CTYCBaoGia (MaNCC, MaSP, SLSeMua, GiaDaBao, MaYCBaoGia) values ('Circle', 30, 194, 0, 50);
insert into CTYCBaoGia (MaNCC, MaSP, SLSeMua, GiaDaBao, MaYCBaoGia) values ('Terrace', 93, 966, 43500000, 84);
insert into CTYCBaoGia (MaNCC, MaSP, SLSeMua, GiaDaBao, MaYCBaoGia) values ('Lane', 62, 212, 0, 46);
insert into CTYCBaoGia (MaNCC, MaSP, SLSeMua, GiaDaBao, MaYCBaoGia) values ('Alley', 11, 476, 0, 58);
insert into CTYCBaoGia (MaNCC, MaSP, SLSeMua, GiaDaBao, MaYCBaoGia) values ('Center', 3, 652, 0, 60);
insert into CTYCBaoGia (MaNCC, MaSP, SLSeMua, GiaDaBao, MaYCBaoGia) values ('Place', 98, 420, 0, 33);
insert into CTYCBaoGia (MaNCC, MaSP, SLSeMua, GiaDaBao, MaYCBaoGia) values ('Pass', 75, 143, 0, 54);
insert into CTYCBaoGia (MaNCC, MaSP, SLSeMua, GiaDaBao, MaYCBaoGia) values ('Junction', 76, 513, 0, 57);
insert into CTYCBaoGia (MaNCC, MaSP, SLSeMua, GiaDaBao, MaYCBaoGia) values ('Center', 26, 96, 0, 79);
insert into CTYCBaoGia (MaNCC, MaSP, SLSeMua, GiaDaBao, MaYCBaoGia) values ('Park', 96, 557, 0, 58);
insert into CTYCBaoGia (MaNCC, MaSP, SLSeMua, GiaDaBao, MaYCBaoGia) values ('Way', 46, 925, 0, 94);
insert into CTYCBaoGia (MaNCC, MaSP, SLSeMua, GiaDaBao, MaYCBaoGia) values ('Alley', 11, 428, 0, 26);
insert into CTYCBaoGia (MaNCC, MaSP, SLSeMua, GiaDaBao, MaYCBaoGia) values ('Plaza', 72, 507, 0, 53);
insert into CTYCBaoGia (MaNCC, MaSP, SLSeMua, GiaDaBao, MaYCBaoGia) values ('Point', 8, 313, 45500000, 61);
insert into CTYCBaoGia (MaNCC, MaSP, SLSeMua, GiaDaBao, MaYCBaoGia) values ('Road', 63, 92, 0, 48);
insert into CTYCBaoGia (MaNCC, MaSP, SLSeMua, GiaDaBao, MaYCBaoGia) values ('Park', 37, 137, 0, 83);
insert into CTYCBaoGia (MaNCC, MaSP, SLSeMua, GiaDaBao, MaYCBaoGia) values ('Place', 85, 992, 0, 54);
insert into CTYCBaoGia (MaNCC, MaSP, SLSeMua, GiaDaBao, MaYCBaoGia) values ('Place', 14, 141, 0, 80);
insert into CTYCBaoGia (MaNCC, MaSP, SLSeMua, GiaDaBao, MaYCBaoGia) values ('Pass', 26, 436, 0, 31);
insert into CTYCBaoGia (MaNCC, MaSP, SLSeMua, GiaDaBao, MaYCBaoGia) values ('Avenue', 30, 547, 0, 66);
insert into CTYCBaoGia (MaNCC, MaSP, SLSeMua, GiaDaBao, MaYCBaoGia) values ('Terrace', 67, 758, 0, 75);
insert into CTYCBaoGia (MaNCC, MaSP, SLSeMua, GiaDaBao, MaYCBaoGia) values ('Drive', 51, 40, 0, 91);
insert into CTYCBaoGia (MaNCC, MaSP, SLSeMua, GiaDaBao, MaYCBaoGia) values ('Trail', 73, 50, 86100000, 83);
insert into CTYCBaoGia (MaNCC, MaSP, SLSeMua, GiaDaBao, MaYCBaoGia) values ('Park', 67, 985, 0, 62);
insert into CTYCBaoGia (MaNCC, MaSP, SLSeMua, GiaDaBao, MaYCBaoGia) values ('Drive', 87, 101, 0, 74);
insert into CTYCBaoGia (MaNCC, MaSP, SLSeMua, GiaDaBao, MaYCBaoGia) values ('Hill', 65, 869, 0, 43);
insert into CTYCBaoGia (MaNCC, MaSP, SLSeMua, GiaDaBao, MaYCBaoGia) values ('Alley', 68, 962, 0, 32);
insert into CTYCBaoGia (MaNCC, MaSP, SLSeMua, GiaDaBao, MaYCBaoGia) values ('Drive', 66, 762, 0, 29);
insert into CTYCBaoGia (MaNCC, MaSP, SLSeMua, GiaDaBao, MaYCBaoGia) values ('Center', 55, 117, 0, 66);
insert into CTYCBaoGia (MaNCC, MaSP, SLSeMua, GiaDaBao, MaYCBaoGia) values ('Road', 32, 185, 0, 27);
insert into CTYCBaoGia (MaNCC, MaSP, SLSeMua, GiaDaBao, MaYCBaoGia) values ('Way', 51, 309, 0, 68);
go
insert into kehoachmuahang (makehoachmuahang, manv, ngaybatdaukehoach, dinhkyngaymua) values ('1', '41', '2019/11/12', 130);
insert into kehoachmuahang (makehoachmuahang, manv, ngaybatdaukehoach, dinhkyngaymua) values ('2', '99', '2018/12/23', 150);
insert into kehoachmuahang (makehoachmuahang, manv, ngaybatdaukehoach, dinhkyngaymua) values ('3', '22', '2019/10/18', 101);
insert into kehoachmuahang (makehoachmuahang, manv, ngaybatdaukehoach, dinhkyngaymua) values ('4', '3', '2019/01/21', 138);
insert into kehoachmuahang (makehoachmuahang, manv, ngaybatdaukehoach, dinhkyngaymua) values ('5', '39', '2019/03/04', 123);
insert into kehoachmuahang (makehoachmuahang, manv, ngaybatdaukehoach, dinhkyngaymua) values ('6', '47', '2019/10/18', 191);
insert into kehoachmuahang (makehoachmuahang, manv, ngaybatdaukehoach, dinhkyngaymua) values ('7', '35', '2019/08/22', 182);
insert into kehoachmuahang (makehoachmuahang, manv, ngaybatdaukehoach, dinhkyngaymua) values ('8', '64', '2018/12/06', 122);
insert into kehoachmuahang (makehoachmuahang, manv, ngaybatdaukehoach, dinhkyngaymua) values ('9', '67', '2019/02/21', 114);
insert into kehoachmuahang (makehoachmuahang, manv, ngaybatdaukehoach, dinhkyngaymua) values ('10', '56', '2019/01/18', 197);
insert into kehoachmuahang (makehoachmuahang, manv, ngaybatdaukehoach, dinhkyngaymua) values ('11', '47', '2019/05/31', 194);
insert into kehoachmuahang (makehoachmuahang, manv, ngaybatdaukehoach, dinhkyngaymua) values ('12', '42', '2019/03/13', 112);
insert into kehoachmuahang (makehoachmuahang, manv, ngaybatdaukehoach, dinhkyngaymua) values ('13', '4', '2019/04/29', 178);
insert into kehoachmuahang (makehoachmuahang, manv, ngaybatdaukehoach, dinhkyngaymua) values ('14', '60', '2018/12/14', 143);
insert into kehoachmuahang (makehoachmuahang, manv, ngaybatdaukehoach, dinhkyngaymua) values ('15', '70', '2019/04/18', 100);
insert into kehoachmuahang (makehoachmuahang, manv, ngaybatdaukehoach, dinhkyngaymua) values ('16', '68', '2019/01/09', 147);
insert into kehoachmuahang (makehoachmuahang, manv, ngaybatdaukehoach, dinhkyngaymua) values ('17', '33', '2019/02/21', 191);
insert into kehoachmuahang (makehoachmuahang, manv, ngaybatdaukehoach, dinhkyngaymua) values ('18', '75', '2019/07/31', 122);
insert into kehoachmuahang (makehoachmuahang, manv, ngaybatdaukehoach, dinhkyngaymua) values ('19', '25', '2019/06/21', 113);
insert into kehoachmuahang (makehoachmuahang, manv, ngaybatdaukehoach, dinhkyngaymua) values ('20', '80', '2019/09/10', 184);
insert into kehoachmuahang (makehoachmuahang, manv, ngaybatdaukehoach, dinhkyngaymua) values ('21', '42', '2019/07/07', 186);
insert into kehoachmuahang (makehoachmuahang, manv, ngaybatdaukehoach, dinhkyngaymua) values ('22', '22', '2019/09/08', 168);
insert into kehoachmuahang (makehoachmuahang, manv, ngaybatdaukehoach, dinhkyngaymua) values ('23', '11', '2019/11/20', 118);
insert into kehoachmuahang (makehoachmuahang, manv, ngaybatdaukehoach, dinhkyngaymua) values ('24', '67', '2018/12/22', 165);
insert into kehoachmuahang (makehoachmuahang, manv, ngaybatdaukehoach, dinhkyngaymua) values ('25', '83', '2019/11/01', 131);
insert into kehoachmuahang (makehoachmuahang, manv, ngaybatdaukehoach, dinhkyngaymua) values ('26', '5', '2019/03/29', 101);
insert into kehoachmuahang (makehoachmuahang, manv, ngaybatdaukehoach, dinhkyngaymua) values ('27', '76', '2019/05/23', 121);
insert into kehoachmuahang (makehoachmuahang, manv, ngaybatdaukehoach, dinhkyngaymua) values ('28', '33', '2019/04/01', 131);
insert into kehoachmuahang (makehoachmuahang, manv, ngaybatdaukehoach, dinhkyngaymua) values ('29', '31', '2019/11/18', 146);
insert into kehoachmuahang (makehoachmuahang, manv, ngaybatdaukehoach, dinhkyngaymua) values ('30', '96', '2019/06/10', 109);
insert into kehoachmuahang (makehoachmuahang, manv, ngaybatdaukehoach, dinhkyngaymua) values ('31', '35', '2019/10/20', 187);
insert into kehoachmuahang (makehoachmuahang, manv, ngaybatdaukehoach, dinhkyngaymua) values ('32', '3', '2019/08/11', 184);
insert into kehoachmuahang (makehoachmuahang, manv, ngaybatdaukehoach, dinhkyngaymua) values ('33', '43', '2019/12/01', 159);
insert into kehoachmuahang (makehoachmuahang, manv, ngaybatdaukehoach, dinhkyngaymua) values ('34', '66', '2019/03/14', 114);
insert into kehoachmuahang (makehoachmuahang, manv, ngaybatdaukehoach, dinhkyngaymua) values ('35', '83', '2019/03/31', 108);
insert into kehoachmuahang (makehoachmuahang, manv, ngaybatdaukehoach, dinhkyngaymua) values ('36', '48', '2019/02/20', 161);
insert into kehoachmuahang (makehoachmuahang, manv, ngaybatdaukehoach, dinhkyngaymua) values ('37', '85', '2019/07/22', 158);
insert into kehoachmuahang (makehoachmuahang, manv, ngaybatdaukehoach, dinhkyngaymua) values ('38', '8', '2019/07/14', 111);
insert into kehoachmuahang (makehoachmuahang, manv, ngaybatdaukehoach, dinhkyngaymua) values ('39', '30', '2019/04/03', 111);
insert into kehoachmuahang (makehoachmuahang, manv, ngaybatdaukehoach, dinhkyngaymua) values ('40', '5', '2019/02/10', 178);
insert into kehoachmuahang (makehoachmuahang, manv, ngaybatdaukehoach, dinhkyngaymua) values ('41', '99', '2019/07/24', 118);
insert into kehoachmuahang (makehoachmuahang, manv, ngaybatdaukehoach, dinhkyngaymua) values ('42', '90', '2019/01/28', 185);
insert into kehoachmuahang (makehoachmuahang, manv, ngaybatdaukehoach, dinhkyngaymua) values ('43', '72', '2019/10/16', 136);
insert into kehoachmuahang (makehoachmuahang, manv, ngaybatdaukehoach, dinhkyngaymua) values ('44', '78', '2019/03/23', 169);
insert into kehoachmuahang (makehoachmuahang, manv, ngaybatdaukehoach, dinhkyngaymua) values ('45', '69', '2019/02/09', 100);
insert into kehoachmuahang (makehoachmuahang, manv, ngaybatdaukehoach, dinhkyngaymua) values ('46', '11', '2019/01/30', 102);
insert into kehoachmuahang (makehoachmuahang, manv, ngaybatdaukehoach, dinhkyngaymua) values ('47', '37', '2018/12/26', 156);
insert into kehoachmuahang (makehoachmuahang, manv, ngaybatdaukehoach, dinhkyngaymua) values ('48', '22', '2019/12/01', 154);
insert into kehoachmuahang (makehoachmuahang, manv, ngaybatdaukehoach, dinhkyngaymua) values ('49', '72', '2019/05/03', 100);
insert into kehoachmuahang (makehoachmuahang, manv, ngaybatdaukehoach, dinhkyngaymua) values ('50', '40', '2019/06/17', 194);
insert into kehoachmuahang (makehoachmuahang, manv, ngaybatdaukehoach, dinhkyngaymua) values ('51', '64', '2019/08/01', 111);
insert into kehoachmuahang (makehoachmuahang, manv, ngaybatdaukehoach, dinhkyngaymua) values ('52', '95', '2019/01/13', 131);
insert into kehoachmuahang (makehoachmuahang, manv, ngaybatdaukehoach, dinhkyngaymua) values ('53', '50', '2019/02/09', 101);
insert into kehoachmuahang (makehoachmuahang, manv, ngaybatdaukehoach, dinhkyngaymua) values ('54', '83', '2019/01/11', 115);
insert into kehoachmuahang (makehoachmuahang, manv, ngaybatdaukehoach, dinhkyngaymua) values ('55', '77', '2019/08/22', 161);
insert into kehoachmuahang (makehoachmuahang, manv, ngaybatdaukehoach, dinhkyngaymua) values ('56', '50', '2019/10/29', 180);
insert into kehoachmuahang (makehoachmuahang, manv, ngaybatdaukehoach, dinhkyngaymua) values ('57', '48', '2019/07/23', 173);
insert into kehoachmuahang (makehoachmuahang, manv, ngaybatdaukehoach, dinhkyngaymua) values ('58', '27', '2019/08/09', 180);
insert into kehoachmuahang (makehoachmuahang, manv, ngaybatdaukehoach, dinhkyngaymua) values ('59', '27', '2019/08/09', 150);
insert into kehoachmuahang (makehoachmuahang, manv, ngaybatdaukehoach, dinhkyngaymua) values ('60', '37', '2019/01/22', 186);
insert into kehoachmuahang (makehoachmuahang, manv, ngaybatdaukehoach, dinhkyngaymua) values ('61', '95', '2019/06/08', 142);
insert into kehoachmuahang (makehoachmuahang, manv, ngaybatdaukehoach, dinhkyngaymua) values ('62', '54', '2019/04/22', 138);
insert into kehoachmuahang (makehoachmuahang, manv, ngaybatdaukehoach, dinhkyngaymua) values ('63', '72', '2019/07/22', 117);
insert into kehoachmuahang (makehoachmuahang, manv, ngaybatdaukehoach, dinhkyngaymua) values ('64', '13', '2019/07/09', 121);
insert into kehoachmuahang (makehoachmuahang, manv, ngaybatdaukehoach, dinhkyngaymua) values ('65', '19', '2019/06/29', 162);
insert into kehoachmuahang (makehoachmuahang, manv, ngaybatdaukehoach, dinhkyngaymua) values ('66', '97', '2019/01/02', 152);
insert into kehoachmuahang (makehoachmuahang, manv, ngaybatdaukehoach, dinhkyngaymua) values ('67', '31', '2019/08/26', 145);
insert into kehoachmuahang (makehoachmuahang, manv, ngaybatdaukehoach, dinhkyngaymua) values ('68', '31', '2019/02/18', 176);
insert into kehoachmuahang (makehoachmuahang, manv, ngaybatdaukehoach, dinhkyngaymua) values ('69', '52', '2019/09/20', 129);
insert into kehoachmuahang (makehoachmuahang, manv, ngaybatdaukehoach, dinhkyngaymua) values ('70', '34', '2019/10/10', 181);
insert into kehoachmuahang (makehoachmuahang, manv, ngaybatdaukehoach, dinhkyngaymua) values ('71', '13', '2019/08/25', 127);
insert into kehoachmuahang (makehoachmuahang, manv, ngaybatdaukehoach, dinhkyngaymua) values ('72', '18', '2019/09/22', 176);
insert into kehoachmuahang (makehoachmuahang, manv, ngaybatdaukehoach, dinhkyngaymua) values ('73', '78', '2019/08/20', 118);
insert into kehoachmuahang (makehoachmuahang, manv, ngaybatdaukehoach, dinhkyngaymua) values ('74', '97', '2019/09/07', 163);
insert into kehoachmuahang (makehoachmuahang, manv, ngaybatdaukehoach, dinhkyngaymua) values ('75', '25', '2019/05/05', 176);
insert into kehoachmuahang (makehoachmuahang, manv, ngaybatdaukehoach, dinhkyngaymua) values ('76', '37', '2019/11/01', 180);
insert into kehoachmuahang (makehoachmuahang, manv, ngaybatdaukehoach, dinhkyngaymua) values ('77', '95', '2019/08/11', 197);
insert into kehoachmuahang (makehoachmuahang, manv, ngaybatdaukehoach, dinhkyngaymua) values ('78', '65', '2019/06/28', 196);
insert into kehoachmuahang (makehoachmuahang, manv, ngaybatdaukehoach, dinhkyngaymua) values ('79', '80', '2019/10/09', 100);
insert into kehoachmuahang (makehoachmuahang, manv, ngaybatdaukehoach, dinhkyngaymua) values ('80', '14', '2019/10/16', 159);
insert into kehoachmuahang (makehoachmuahang, manv, ngaybatdaukehoach, dinhkyngaymua) values ('81', '66', '2019/02/09', 191);
insert into kehoachmuahang (makehoachmuahang, manv, ngaybatdaukehoach, dinhkyngaymua) values ('82', '51', '2018/12/15', 172);
insert into kehoachmuahang (makehoachmuahang, manv, ngaybatdaukehoach, dinhkyngaymua) values ('83', '56', '2019/06/15', 145);
insert into kehoachmuahang (makehoachmuahang, manv, ngaybatdaukehoach, dinhkyngaymua) values ('84', '72', '2019/05/03', 125);
insert into kehoachmuahang (makehoachmuahang, manv, ngaybatdaukehoach, dinhkyngaymua) values ('85', '91', '2018/12/19', 127);
insert into kehoachmuahang (makehoachmuahang, manv, ngaybatdaukehoach, dinhkyngaymua) values ('86', '51', '2019/10/31', 149);
insert into kehoachmuahang (makehoachmuahang, manv, ngaybatdaukehoach, dinhkyngaymua) values ('87', '13', '2019/03/27', 140);
insert into kehoachmuahang (makehoachmuahang, manv, ngaybatdaukehoach, dinhkyngaymua) values ('88', '28', '2019/03/07', 169);
insert into kehoachmuahang (makehoachmuahang, manv, ngaybatdaukehoach, dinhkyngaymua) values ('89', '96', '2019/05/13', 101);
insert into kehoachmuahang (makehoachmuahang, manv, ngaybatdaukehoach, dinhkyngaymua) values ('90', '12', '2019/05/07', 122);
insert into kehoachmuahang (makehoachmuahang, manv, ngaybatdaukehoach, dinhkyngaymua) values ('91', '85', '2019/09/01', 114);
insert into kehoachmuahang (makehoachmuahang, manv, ngaybatdaukehoach, dinhkyngaymua) values ('92', '70', '2019/04/14', 154);
insert into kehoachmuahang (makehoachmuahang, manv, ngaybatdaukehoach, dinhkyngaymua) values ('93', '73', '2019/04/02', 129);
insert into kehoachmuahang (makehoachmuahang, manv, ngaybatdaukehoach, dinhkyngaymua) values ('94', '83', '2018/12/24', 183);
insert into kehoachmuahang (makehoachmuahang, manv, ngaybatdaukehoach, dinhkyngaymua) values ('95', '22', '2019/06/23', 143);
insert into kehoachmuahang (makehoachmuahang, manv, ngaybatdaukehoach, dinhkyngaymua) values ('96', '81', '2019/07/03', 159);
insert into kehoachmuahang (makehoachmuahang, manv, ngaybatdaukehoach, dinhkyngaymua) values ('97', '43', '2019/11/14', 173);
insert into kehoachmuahang (makehoachmuahang, manv, ngaybatdaukehoach, dinhkyngaymua) values ('98', '60', '2019/10/30', 179);
insert into kehoachmuahang (makehoachmuahang, manv, ngaybatdaukehoach, dinhkyngaymua) values ('99', '24', '2019/07/15', 101);
insert into kehoachmuahang (makehoachmuahang, manv, ngaybatdaukehoach, dinhkyngaymua) values ('100', '55', '2019/05/19', 199);

go
insert into CTKeHoachMua (makehoachmuahang, mancc, masp, SLDuTinhMua) values ('48', 'Circle',46, 52);
insert into CTKeHoachMua (makehoachmuahang, mancc, masp, SLDuTinhMua) values ('66', 'Junction',76, 438);
insert into CTKeHoachMua (makehoachmuahang, mancc, masp, SLDuTinhMua) values ('15', 'Court',41, 637);
insert into CTKeHoachMua (makehoachmuahang, mancc, masp, SLDuTinhMua) values ('1', 'Pass',41, 264);
insert into CTKeHoachMua (makehoachmuahang, mancc, masp, SLDuTinhMua) values ('17', 'Drive',86, 746);
insert into CTKeHoachMua (makehoachmuahang, mancc, masp, SLDuTinhMua) values ('3', 'Plaza',96, 697);
insert into CTKeHoachMua (makehoachmuahang, mancc, masp, SLDuTinhMua) values ('34', 'Crossing',28, 713);
insert into CTKeHoachMua (makehoachmuahang, mancc, masp, SLDuTinhMua) values ('1', 'Hill',62, 214);
insert into CTKeHoachMua (makehoachmuahang, mancc, masp, SLDuTinhMua) values ('97', 'Drive',66, 312);
insert into CTKeHoachMua (makehoachmuahang, mancc, masp, SLDuTinhMua) values ('22', 'Pass',6, 826);
insert into CTKeHoachMua (makehoachmuahang, mancc, masp, SLDuTinhMua) values ('11', 'Center',83, 283);
insert into CTKeHoachMua (makehoachmuahang, mancc, masp, SLDuTinhMua) values ('71', 'Street',28, 87);
insert into CTKeHoachMua (makehoachmuahang, mancc, masp, SLDuTinhMua) values ('84', 'Plaza',98, 750);
insert into CTKeHoachMua (makehoachmuahang, mancc, masp, SLDuTinhMua) values ('55', 'Pass',64, 70);
insert into CTKeHoachMua (makehoachmuahang, mancc, masp, SLDuTinhMua) values ('70', 'Drive',65, 345);
insert into CTKeHoachMua (makehoachmuahang, mancc, masp, SLDuTinhMua) values ('8', 'Place',91, 75);
insert into CTKeHoachMua (makehoachmuahang, mancc, masp, SLDuTinhMua) values ('62', 'Drive',66, 754);
insert into CTKeHoachMua (makehoachmuahang, mancc, masp, SLDuTinhMua) values ('17', 'Road',23, 365);
insert into CTKeHoachMua (makehoachmuahang, mancc, masp, SLDuTinhMua) values ('75', 'Drive',31, 650);
insert into CTKeHoachMua (makehoachmuahang, mancc, masp, SLDuTinhMua) values ('67', 'Pass',41, 244);
insert into CTKeHoachMua (makehoachmuahang, mancc, masp, SLDuTinhMua) values ('53', 'Drive',31, 952);
insert into CTKeHoachMua (makehoachmuahang, mancc, masp, SLDuTinhMua) values ('65', 'Point',27, 886);
insert into CTKeHoachMua (makehoachmuahang, mancc, masp, SLDuTinhMua) values ('9', 'Center',31, 713);
insert into CTKeHoachMua (makehoachmuahang, mancc, masp, SLDuTinhMua) values ('50', 'Place',98, 212);
insert into CTKeHoachMua (makehoachmuahang, mancc, masp, SLDuTinhMua) values ('94', 'Drive',70, 706);
insert into CTKeHoachMua (makehoachmuahang, mancc, masp, SLDuTinhMua) values ('30', 'Street',23, 333);
insert into CTKeHoachMua (makehoachmuahang, mancc, masp, SLDuTinhMua) values ('3', 'Center',22, 279);
insert into CTKeHoachMua (makehoachmuahang, mancc, masp, SLDuTinhMua) values ('82', 'Place',92, 366);
insert into CTKeHoachMua (makehoachmuahang, mancc, masp, SLDuTinhMua) values ('7', 'Place',20, 148);
insert into CTKeHoachMua (makehoachmuahang, mancc, masp, SLDuTinhMua) values ('13', 'Court',75, 827);
insert into CTKeHoachMua (makehoachmuahang, mancc, masp, SLDuTinhMua) values ('61', 'Street',24, 771);
insert into CTKeHoachMua (makehoachmuahang, mancc, masp, SLDuTinhMua) values ('89', 'Lane',77, 260);
insert into CTKeHoachMua (makehoachmuahang, mancc, masp, SLDuTinhMua) values ('57', 'Lane',89, 262);
insert into CTKeHoachMua (makehoachmuahang, mancc, masp, SLDuTinhMua) values ('52', 'Hill',10, 508);
insert into CTKeHoachMua (makehoachmuahang, mancc, masp, SLDuTinhMua) values ('50', 'Road',82, 15);
insert into CTKeHoachMua (makehoachmuahang, mancc, masp, SLDuTinhMua) values ('83', 'Way',97, 676);
insert into CTKeHoachMua (makehoachmuahang, mancc, masp, SLDuTinhMua) values ('94', 'Place',65, 312);
insert into CTKeHoachMua (makehoachmuahang, mancc, masp, SLDuTinhMua) values ('2', 'Hill',10, 256);
insert into CTKeHoachMua (makehoachmuahang, mancc, masp, SLDuTinhMua) values ('40', 'Lane',48, 663);
insert into CTKeHoachMua (makehoachmuahang, mancc, masp, SLDuTinhMua) values ('98', 'Hill',7, 411);
insert into CTKeHoachMua (makehoachmuahang, mancc, masp, SLDuTinhMua) values ('65', 'Pass',6, 292);
insert into CTKeHoachMua (makehoachmuahang, mancc, masp, SLDuTinhMua) values ('34', 'Terrace',55, 481);
insert into CTKeHoachMua (makehoachmuahang, mancc, masp, SLDuTinhMua) values ('82', 'Place',51, 528);
insert into CTKeHoachMua (makehoachmuahang, mancc, masp, SLDuTinhMua) values ('46', 'Road',32, 335);
insert into CTKeHoachMua (makehoachmuahang, mancc, masp, SLDuTinhMua) values ('15', 'Center',64, 111);
insert into CTKeHoachMua (makehoachmuahang, mancc, masp, SLDuTinhMua) values ('42', 'Point',8, 994);
insert into CTKeHoachMua (makehoachmuahang, mancc, masp, SLDuTinhMua) values ('40', 'Trail',9, 446);
insert into CTKeHoachMua (makehoachmuahang, mancc, masp, SLDuTinhMua) values ('25', 'Hill',44, 442);
insert into CTKeHoachMua (makehoachmuahang, mancc, masp, SLDuTinhMua) values ('45', 'Way',46, 474);
insert into CTKeHoachMua (makehoachmuahang, mancc, masp, SLDuTinhMua) values ('73', 'Road',29, 704);
insert into CTKeHoachMua (makehoachmuahang, mancc, masp, SLDuTinhMua) values ('13', 'Drive',4, 956);
insert into CTKeHoachMua (makehoachmuahang, mancc, masp, SLDuTinhMua) values ('71', 'Place',69, 583);
insert into CTKeHoachMua (makehoachmuahang, mancc, masp, SLDuTinhMua) values ('15', 'Road',2, 898);
insert into CTKeHoachMua (makehoachmuahang, mancc, masp, SLDuTinhMua) values ('16', 'Junction',37, 116);
insert into CTKeHoachMua (makehoachmuahang, mancc, masp, SLDuTinhMua) values ('93', 'Road',46, 42);
insert into CTKeHoachMua (makehoachmuahang, mancc, masp, SLDuTinhMua) values ('82', 'Hill',44, 556);
insert into CTKeHoachMua (makehoachmuahang, mancc, masp, SLDuTinhMua) values ('66', 'Place',98, 264);
insert into CTKeHoachMua (makehoachmuahang, mancc, masp, SLDuTinhMua) values ('76', 'Pass',75, 581);
insert into CTKeHoachMua (makehoachmuahang, mancc, masp, SLDuTinhMua) values ('64', 'Way',11, 225);
insert into CTKeHoachMua (makehoachmuahang, mancc, masp, SLDuTinhMua) values ('18', 'Avenue',78, 440);
insert into CTKeHoachMua (makehoachmuahang, mancc, masp, SLDuTinhMua) values ('93', 'Point',27, 491);
insert into CTKeHoachMua (makehoachmuahang, mancc, masp, SLDuTinhMua) values ('46', 'Center',63, 720);
insert into CTKeHoachMua (makehoachmuahang, mancc, masp, SLDuTinhMua) values ('92', 'Way',97, 535);
insert into CTKeHoachMua (makehoachmuahang, mancc, masp, SLDuTinhMua) values ('80', 'Alley',62, 21);
insert into CTKeHoachMua (makehoachmuahang, mancc, masp, SLDuTinhMua) values ('57', 'Avenue',30, 78);
insert into CTKeHoachMua (makehoachmuahang, mancc, masp, SLDuTinhMua) values ('18', 'Place',91, 953);
insert into CTKeHoachMua (makehoachmuahang, mancc, masp, SLDuTinhMua) values ('53', 'Street',23, 816);
insert into CTKeHoachMua (makehoachmuahang, mancc, masp, SLDuTinhMua) values ('6', 'Center',3, 865);
insert into CTKeHoachMua (makehoachmuahang, mancc, masp, SLDuTinhMua) values ('89', 'Park',7, 188);
insert into CTKeHoachMua (makehoachmuahang, mancc, masp, SLDuTinhMua) values ('75', 'Road',82, 835);
insert into CTKeHoachMua (makehoachmuahang, mancc, masp, SLDuTinhMua) values ('16', 'Drive',51, 956);
insert into CTKeHoachMua (makehoachmuahang, mancc, masp, SLDuTinhMua) values ('37', 'Place',18, 129);
insert into CTKeHoachMua (makehoachmuahang, mancc, masp, SLDuTinhMua) values ('23', 'Road',37, 149);
insert into CTKeHoachMua (makehoachmuahang, mancc, masp, SLDuTinhMua) values ('30', 'Way',11, 250);
insert into CTKeHoachMua (makehoachmuahang, mancc, masp, SLDuTinhMua) values ('94', 'Avenue',30, 389);
insert into CTKeHoachMua (makehoachmuahang, mancc, masp, SLDuTinhMua) values ('76', 'Plaza',96, 193);
insert into CTKeHoachMua (makehoachmuahang, mancc, masp, SLDuTinhMua) values ('35', 'Point',40, 896);
insert into CTKeHoachMua (makehoachmuahang, mancc, masp, SLDuTinhMua) values ('32', 'Drive',65, 557);
insert into CTKeHoachMua (makehoachmuahang, mancc, masp, SLDuTinhMua) values ('18', 'Center',83, 21);
insert into CTKeHoachMua (makehoachmuahang, mancc, masp, SLDuTinhMua) values ('20', 'Way',92, 545);
insert into CTKeHoachMua (makehoachmuahang, mancc, masp, SLDuTinhMua) values ('34', 'Street',46, 95);
insert into CTKeHoachMua (makehoachmuahang, mancc, masp, SLDuTinhMua) values ('76', 'Trail',73, 128);
insert into CTKeHoachMua (makehoachmuahang, mancc, masp, SLDuTinhMua) values ('99', 'Place',18, 270);
insert into CTKeHoachMua (makehoachmuahang, mancc, masp, SLDuTinhMua) values ('46', 'Road',35, 223);
insert into CTKeHoachMua (makehoachmuahang, mancc, masp, SLDuTinhMua) values ('13', 'Road',46, 737);
insert into CTKeHoachMua (makehoachmuahang, mancc, masp, SLDuTinhMua) values ('51', 'Hill',90, 271);
insert into CTKeHoachMua (makehoachmuahang, mancc, masp, SLDuTinhMua) values ('62', 'Road',46, 634);
insert into CTKeHoachMua (makehoachmuahang, mancc, masp, SLDuTinhMua) values ('84', 'Center',63, 523);
insert into CTKeHoachMua (makehoachmuahang, mancc, masp, SLDuTinhMua) values ('91', 'Lane',32, 927);
insert into CTKeHoachMua (makehoachmuahang, mancc, masp, SLDuTinhMua) values ('32', 'Avenue',57, 410);
insert into CTKeHoachMua (makehoachmuahang, mancc, masp, SLDuTinhMua) values ('40', 'Court',75, 814);
insert into CTKeHoachMua (makehoachmuahang, mancc, masp, SLDuTinhMua) values ('52', 'Way',92, 755);
insert into CTKeHoachMua (makehoachmuahang, mancc, masp, SLDuTinhMua) values ('15', 'Place',65, 858);
insert into CTKeHoachMua (makehoachmuahang, mancc, masp, SLDuTinhMua) values ('49', 'Lane',24, 749);
insert into CTKeHoachMua (makehoachmuahang, mancc, masp, SLDuTinhMua) values ('82', 'Road',7, 452);
insert into CTKeHoachMua (makehoachmuahang, mancc, masp, SLDuTinhMua) values ('99', 'Pass',8, 326);
insert into CTKeHoachMua (makehoachmuahang, mancc, masp, SLDuTinhMua) values ('44', 'Drive',84, 976);
insert into CTKeHoachMua (makehoachmuahang, mancc, masp, SLDuTinhMua) values ('83', 'Center',8, 801);
insert into CTKeHoachMua (makehoachmuahang, mancc, masp, SLDuTinhMua) values ('25', 'Drive',84, 857);
insert into CTKeHoachMua (makehoachmuahang, mancc, masp, SLDuTinhMua) values ('54', 'Pass',6, 962);
insert into CTKeHoachMua (makehoachmuahang, mancc, masp, SLDuTinhMua) values ('87', 'Alley',60, 951);
insert into CTKeHoachMua (makehoachmuahang, mancc, masp, SLDuTinhMua) values ('34', 'Way',37, 888);
insert into CTKeHoachMua (makehoachmuahang, mancc, masp, SLDuTinhMua) values ('92', 'Alley',73, 36);
insert into CTKeHoachMua (makehoachmuahang, mancc, masp, SLDuTinhMua) values ('30', 'Hill',65, 419);
insert into CTKeHoachMua (makehoachmuahang, mancc, masp, SLDuTinhMua) values ('26', 'Hill',76, 718);
insert into CTKeHoachMua (makehoachmuahang, mancc, masp, SLDuTinhMua) values ('40', 'Drive',84, 394);
insert into CTKeHoachMua (makehoachmuahang, mancc, masp, SLDuTinhMua) values ('95', 'Center',79, 529);
insert into CTKeHoachMua (makehoachmuahang, mancc, masp, SLDuTinhMua) values ('37', 'Center',97, 622);
insert into CTKeHoachMua (makehoachmuahang, mancc, masp, SLDuTinhMua) values ('69', 'Pass',26, 916);
insert into CTKeHoachMua (makehoachmuahang, mancc, masp, SLDuTinhMua) values ('49', 'Park',96, 43);
insert into CTKeHoachMua (makehoachmuahang, mancc, masp, SLDuTinhMua) values ('31', 'Plaza',72, 516);
insert into CTKeHoachMua (makehoachmuahang, mancc, masp, SLDuTinhMua) values ('5', 'Junction',96, 864);
insert into CTKeHoachMua (makehoachmuahang, mancc, masp, SLDuTinhMua) values ('83', 'Drive',51, 950);
insert into CTKeHoachMua (makehoachmuahang, mancc, masp, SLDuTinhMua) values ('83', 'Drive',44, 307);
insert into CTKeHoachMua (makehoachmuahang, mancc, masp, SLDuTinhMua) values ('54', 'Way',46, 715);
insert into CTKeHoachMua (makehoachmuahang, mancc, masp, SLDuTinhMua) values ('40', 'Drive',84, 429);
insert into CTKeHoachMua (makehoachmuahang, mancc, masp, SLDuTinhMua) values ('45', 'Pass',75, 990);
insert into CTKeHoachMua (makehoachmuahang, mancc, masp, SLDuTinhMua) values ('19', 'Hill',90, 29);
insert into CTKeHoachMua (makehoachmuahang, mancc, masp, SLDuTinhMua) values ('27', 'Place',12, 415);
insert into CTKeHoachMua (makehoachmuahang, mancc, masp, SLDuTinhMua) values ('3', 'Street',23, 407);
insert into CTKeHoachMua (makehoachmuahang, mancc, masp, SLDuTinhMua) values ('28', 'Pass',6, 388);
insert into CTKeHoachMua (makehoachmuahang, mancc, masp, SLDuTinhMua) values ('8', 'Court',82, 799);
insert into CTKeHoachMua (makehoachmuahang, mancc, masp, SLDuTinhMua) values ('75', 'Center',55, 648);
insert into CTKeHoachMua (makehoachmuahang, mancc, masp, SLDuTinhMua) values ('2', 'Way',99, 815);
insert into CTKeHoachMua (makehoachmuahang, mancc, masp, SLDuTinhMua) values ('74', 'Junction',37, 993);
insert into CTKeHoachMua (makehoachmuahang, mancc, masp, SLDuTinhMua) values ('95', 'Plaza',15, 906);
insert into CTKeHoachMua (makehoachmuahang, mancc, masp, SLDuTinhMua) values ('9', 'Hill',65, 352);
insert into CTKeHoachMua (makehoachmuahang, mancc, masp, SLDuTinhMua) values ('12', 'Pass',68, 189);
insert into CTKeHoachMua (makehoachmuahang, mancc, masp, SLDuTinhMua) values ('83', 'Lane',43, 810);
insert into CTKeHoachMua (makehoachmuahang, mancc, masp, SLDuTinhMua) values ('59', 'Way',92, 967);
insert into CTKeHoachMua (makehoachmuahang, mancc, masp, SLDuTinhMua) values ('30', 'Avenue',36, 284);
insert into CTKeHoachMua (makehoachmuahang, mancc, masp, SLDuTinhMua) values ('23', 'Place',12, 168);
insert into CTKeHoachMua (makehoachmuahang, mancc, masp, SLDuTinhMua) values ('65', 'Terrace',93, 784);
insert into CTKeHoachMua (makehoachmuahang, mancc, masp, SLDuTinhMua) values ('9', 'Avenue',10, 87);
insert into CTKeHoachMua (makehoachmuahang, mancc, masp, SLDuTinhMua) values ('88', 'Way',11, 1000);
insert into CTKeHoachMua (makehoachmuahang, mancc, masp, SLDuTinhMua) values ('30', 'Center',49, 546);
insert into CTKeHoachMua (makehoachmuahang, mancc, masp, SLDuTinhMua) values ('6', 'Place',3, 110);
insert into CTKeHoachMua (makehoachmuahang, mancc, masp, SLDuTinhMua) values ('78', 'Hill',62, 173);
insert into CTKeHoachMua (makehoachmuahang, mancc, masp, SLDuTinhMua) values ('38', 'Junction',73, 991);
insert into CTKeHoachMua (makehoachmuahang, mancc, masp, SLDuTinhMua) values ('56', 'Alley',23, 884);
insert into CTKeHoachMua (makehoachmuahang, mancc, masp, SLDuTinhMua) values ('16', 'Court',40, 17);
insert into CTKeHoachMua (makehoachmuahang, mancc, masp, SLDuTinhMua) values ('88', 'Pass',26, 585);
insert into CTKeHoachMua (makehoachmuahang, mancc, masp, SLDuTinhMua) values ('40', 'Pass',23, 153);
insert into CTKeHoachMua (makehoachmuahang, mancc, masp, SLDuTinhMua) values ('22', 'Street',17, 609);
insert into CTKeHoachMua (makehoachmuahang, mancc, masp, SLDuTinhMua) values ('57', 'Road',63, 233);
insert into CTKeHoachMua (makehoachmuahang, mancc, masp, SLDuTinhMua) values ('35', 'Place',46, 279);
insert into CTKeHoachMua (makehoachmuahang, mancc, masp, SLDuTinhMua) values ('58', 'Plaza',55, 455);
insert into CTKeHoachMua (makehoachmuahang, mancc, masp, SLDuTinhMua) values ('92', 'Plaza',72, 314);
insert into CTKeHoachMua (makehoachmuahang, mancc, masp, SLDuTinhMua) values ('67', 'Place',98, 811);
insert into CTKeHoachMua (makehoachmuahang, mancc, masp, SLDuTinhMua) values ('12', 'Way',37, 29);
insert into CTKeHoachMua (makehoachmuahang, mancc, masp, SLDuTinhMua) values ('10', 'Drive',5, 309);
insert into CTKeHoachMua (makehoachmuahang, mancc, masp, SLDuTinhMua) values ('19', 'Place',18, 758);
insert into CTKeHoachMua (makehoachmuahang, mancc, masp, SLDuTinhMua) values ('13', 'Avenue',74, 846);
insert into CTKeHoachMua (makehoachmuahang, mancc, masp, SLDuTinhMua) values ('88', 'Center',65, 870);
insert into CTKeHoachMua (makehoachmuahang, mancc, masp, SLDuTinhMua) values ('45', 'Drive',70, 445);
insert into CTKeHoachMua (makehoachmuahang, mancc, masp, SLDuTinhMua) values ('23', 'Center',22, 831);
insert into CTKeHoachMua (makehoachmuahang, mancc, masp, SLDuTinhMua) values ('87', 'Drive',44, 724);
insert into CTKeHoachMua (makehoachmuahang, mancc, masp, SLDuTinhMua) values ('84', 'Lane',48, 936);
insert into CTKeHoachMua (makehoachmuahang, mancc, masp, SLDuTinhMua) values ('66', 'Lane',62, 208);
insert into CTKeHoachMua (makehoachmuahang, mancc, masp, SLDuTinhMua) values ('95', 'Trail',14, 847);
insert into CTKeHoachMua (makehoachmuahang, mancc, masp, SLDuTinhMua) values ('61', 'Place',65, 980);
insert into CTKeHoachMua (makehoachmuahang, mancc, masp, SLDuTinhMua) values ('17', 'Street',50, 657);
insert into CTKeHoachMua (makehoachmuahang, mancc, masp, SLDuTinhMua) values ('62', 'Circle',34, 843);
insert into CTKeHoachMua (makehoachmuahang, mancc, masp, SLDuTinhMua) values ('73', 'Place',3, 512);
insert into CTKeHoachMua (makehoachmuahang, mancc, masp, SLDuTinhMua) values ('47', 'Place',12, 358);
insert into CTKeHoachMua (makehoachmuahang, mancc, masp, SLDuTinhMua) values ('44', 'Circle',31, 961);
insert into CTKeHoachMua (makehoachmuahang, mancc, masp, SLDuTinhMua) values ('8', 'Way',46, 337);
insert into CTKeHoachMua (makehoachmuahang, mancc, masp, SLDuTinhMua) values ('84', 'Place',98, 617);
insert into CTKeHoachMua (makehoachmuahang, mancc, masp, SLDuTinhMua) values ('77', 'Way',51, 839);
insert into CTKeHoachMua (makehoachmuahang, mancc, masp, SLDuTinhMua) values ('66', 'Place',55, 655);
insert into CTKeHoachMua (makehoachmuahang, mancc, masp, SLDuTinhMua) values ('74', 'Point',79, 825);
insert into CTKeHoachMua (makehoachmuahang, mancc, masp, SLDuTinhMua) values ('59', 'Lane',26, 955);
insert into CTKeHoachMua (makehoachmuahang, mancc, masp, SLDuTinhMua) values ('100', 'Lane',46, 443);
insert into CTKeHoachMua (makehoachmuahang, mancc, masp, SLDuTinhMua) values ('94', 'Center',93, 689);
insert into CTKeHoachMua (makehoachmuahang, mancc, masp, SLDuTinhMua) values ('62', 'Center',63, 742);
insert into CTKeHoachMua (makehoachmuahang, mancc, masp, SLDuTinhMua) values ('22', 'Crossing',24, 451);
insert into CTKeHoachMua (makehoachmuahang, mancc, masp, SLDuTinhMua) values ('56', 'Plaza',55, 74);
insert into CTKeHoachMua (makehoachmuahang, mancc, masp, SLDuTinhMua) values ('97', 'Place',98, 133);
insert into CTKeHoachMua (makehoachmuahang, mancc, masp, SLDuTinhMua) values ('37', 'Circle',31, 770);
insert into CTKeHoachMua (makehoachmuahang, mancc, masp, SLDuTinhMua) values ('85', 'Street',46, 425);
insert into CTKeHoachMua (makehoachmuahang, mancc, masp, SLDuTinhMua) values ('84', 'Pass',8, 632);
insert into CTKeHoachMua (makehoachmuahang, mancc, masp, SLDuTinhMua) values ('34', 'Pass',8, 624);
insert into CTKeHoachMua (makehoachmuahang, mancc, masp, SLDuTinhMua) values ('55', 'Road',7, 721);
insert into CTKeHoachMua (makehoachmuahang, mancc, masp, SLDuTinhMua) values ('100', 'Hill',39, 270);
insert into CTKeHoachMua (makehoachmuahang, mancc, masp, SLDuTinhMua) values ('9', 'Place',20, 286);
insert into CTKeHoachMua (makehoachmuahang, mancc, masp, SLDuTinhMua) values ('20', 'Lane',89, 594);
insert into CTKeHoachMua (makehoachmuahang, mancc, masp, SLDuTinhMua) values ('59', 'Pass',8, 658);
insert into CTKeHoachMua (makehoachmuahang, mancc, masp, SLDuTinhMua) values ('2', 'Alley',63, 983);
insert into CTKeHoachMua (makehoachmuahang, mancc, masp, SLDuTinhMua) values ('97', 'Road',2, 237);
insert into CTKeHoachMua (makehoachmuahang, mancc, masp, SLDuTinhMua) values ('95', 'Lane',46, 958);
insert into CTKeHoachMua (makehoachmuahang, mancc, masp, SLDuTinhMua) values ('50', 'Street',50, 109);
insert into CTKeHoachMua (makehoachmuahang, mancc, masp, SLDuTinhMua) values ('9', 'Drive',44, 133);
insert into CTKeHoachMua (makehoachmuahang, mancc, masp, SLDuTinhMua) values ('28', 'Place',98, 679);
insert into CTKeHoachMua (makehoachmuahang, mancc, masp, SLDuTinhMua) values ('80', 'Plaza',98, 359);
insert into CTKeHoachMua (makehoachmuahang, mancc, masp, SLDuTinhMua) values ('41', 'Avenue',59, 634);
insert into CTKeHoachMua (makehoachmuahang, mancc, masp, SLDuTinhMua) values ('27', 'Park',67, 941);
insert into CTKeHoachMua (makehoachmuahang, mancc, masp, SLDuTinhMua) values ('10', 'Lane',32, 72);
insert into CTKeHoachMua (makehoachmuahang, mancc, masp, SLDuTinhMua) values ('61', 'Crossing',44, 234);
insert into CTKeHoachMua (makehoachmuahang, mancc, masp, SLDuTinhMua) values ('35', 'Drive',100, 512);
insert into CTKeHoachMua (makehoachmuahang, mancc, masp, SLDuTinhMua) values ('74', 'Junction',54, 695);
insert into CTKeHoachMua (makehoachmuahang, mancc, masp, SLDuTinhMua) values ('8', 'Trail',9, 885);
insert into CTKeHoachMua (makehoachmuahang, mancc, masp, SLDuTinhMua) values ('16', 'Place',14, 402);
insert into CTKeHoachMua (makehoachmuahang, mancc, masp, SLDuTinhMua) values ('10', 'Pass',73, 757);
insert into CTKeHoachMua (makehoachmuahang, mancc, masp, SLDuTinhMua) values ('81', 'Court',41, 97);
insert into CTKeHoachMua (makehoachmuahang, mancc, masp, SLDuTinhMua) values ('47', 'Center',93, 800);
insert into CTKeHoachMua (makehoachmuahang, mancc, masp, SLDuTinhMua) values ('27', 'Alley',94, 375);
insert into CTKeHoachMua (makehoachmuahang, mancc, masp, SLDuTinhMua) values ('8', 'Place',98, 732);
insert into CTKeHoachMua (makehoachmuahang, mancc, masp, SLDuTinhMua) values ('89', 'Crossing',24, 230);
insert into CTKeHoachMua (makehoachmuahang, mancc, masp, SLDuTinhMua) values ('84', 'Lane',24, 761);
insert into CTKeHoachMua (makehoachmuahang, mancc, masp, SLDuTinhMua) values ('62', 'Lane',32, 315);
insert into CTKeHoachMua (makehoachmuahang, mancc, masp, SLDuTinhMua) values ('82', 'Trail',9, 17);
insert into CTKeHoachMua (makehoachmuahang, mancc, masp, SLDuTinhMua) values ('99', 'Pass',87, 616);
insert into CTKeHoachMua (makehoachmuahang, mancc, masp, SLDuTinhMua) values ('29', 'Center',14, 868);
insert into CTKeHoachMua (makehoachmuahang, mancc, masp, SLDuTinhMua) values ('10', 'Point',40, 404);
insert into CTKeHoachMua (makehoachmuahang, mancc, masp, SLDuTinhMua) values ('31', 'Way',92, 661);
insert into CTKeHoachMua (makehoachmuahang, mancc, masp, SLDuTinhMua) values ('10', 'Plaza',81, 457);
insert into CTKeHoachMua (makehoachmuahang, mancc, masp, SLDuTinhMua) values ('28', 'Avenue',78, 612);
insert into CTKeHoachMua (makehoachmuahang, mancc, masp, SLDuTinhMua) values ('45', 'Avenue',74, 44);
insert into CTKeHoachMua (makehoachmuahang, mancc, masp, SLDuTinhMua) values ('98', 'Center',22, 878);
insert into CTKeHoachMua (makehoachmuahang, mancc, masp, SLDuTinhMua) values ('89', 'Pass',64, 508);
insert into CTKeHoachMua (makehoachmuahang, mancc, masp, SLDuTinhMua) values ('70', 'Way',46, 923);
insert into CTKeHoachMua (makehoachmuahang, mancc, masp, SLDuTinhMua) values ('52', 'Crossing',44, 561);
insert into CTKeHoachMua (makehoachmuahang, mancc, masp, SLDuTinhMua) values ('63', 'Place',12, 979);
insert into CTKeHoachMua (makehoachmuahang, mancc, masp, SLDuTinhMua) values ('75', 'Road',63, 853);
insert into CTKeHoachMua (makehoachmuahang, mancc, masp, SLDuTinhMua) values ('33', 'Lane',24, 231);
insert into CTKeHoachMua (makehoachmuahang, mancc, masp, SLDuTinhMua) values ('99', 'Drive',44, 778);
insert into CTKeHoachMua (makehoachmuahang, mancc, masp, SLDuTinhMua) values ('52', 'Place',65, 114);
insert into CTKeHoachMua (makehoachmuahang, mancc, masp, SLDuTinhMua) values ('5', 'Junction',76, 812);
insert into CTKeHoachMua (makehoachmuahang, mancc, masp, SLDuTinhMua) values ('27', 'Plaza',72, 842);
insert into CTKeHoachMua (makehoachmuahang, mancc, masp, SLDuTinhMua) values ('34', 'Hill',39, 347);
insert into CTKeHoachMua (makehoachmuahang, mancc, masp, SLDuTinhMua) values ('28', 'Center',3, 124);
insert into CTKeHoachMua (makehoachmuahang, mancc, masp, SLDuTinhMua) values ('40', 'Crossing',24, 902);
insert into CTKeHoachMua (makehoachmuahang, mancc, masp, SLDuTinhMua) values ('70', 'Hill',62, 765);
insert into CTKeHoachMua (makehoachmuahang, mancc, masp, SLDuTinhMua) values ('89', 'Way',46, 897);
insert into CTKeHoachMua (makehoachmuahang, mancc, masp, SLDuTinhMua) values ('81', 'Center',14, 178);
insert into CTKeHoachMua (makehoachmuahang, mancc, masp, SLDuTinhMua) values ('12', 'Crossing',24, 621);
insert into CTKeHoachMua (makehoachmuahang, mancc, masp, SLDuTinhMua) values ('80', 'Center',64, 507);
insert into CTKeHoachMua (makehoachmuahang, mancc, masp, SLDuTinhMua) values ('28', 'Lane',91, 557);
insert into CTKeHoachMua (makehoachmuahang, mancc, masp, SLDuTinhMua) values ('99', 'Road',7, 159);
insert into CTKeHoachMua (makehoachmuahang, mancc, masp, SLDuTinhMua) values ('15', 'Terrace',67, 147);
insert into CTKeHoachMua (makehoachmuahang, mancc, masp, SLDuTinhMua) values ('2', 'Lane',77, 955);
insert into CTKeHoachMua (makehoachmuahang, mancc, masp, SLDuTinhMua) values ('99', 'Park',67, 451);
insert into CTKeHoachMua (makehoachmuahang, mancc, masp, SLDuTinhMua) values ('44', 'Center',14, 184);
insert into CTKeHoachMua (makehoachmuahang, mancc, masp, SLDuTinhMua) values ('70', 'Drive',29, 987);
insert into CTKeHoachMua (makehoachmuahang, mancc, masp, SLDuTinhMua) values ('62', 'Place',69, 27);
insert into CTKeHoachMua (makehoachmuahang, mancc, masp, SLDuTinhMua) values ('52', 'Drive',4, 677);
insert into CTKeHoachMua (makehoachmuahang, mancc, masp, SLDuTinhMua) values ('73', 'Center',49, 10);
insert into CTKeHoachMua (makehoachmuahang, mancc, masp, SLDuTinhMua) values ('13', 'Drive',74, 739);
insert into CTKeHoachMua (makehoachmuahang, mancc, masp, SLDuTinhMua) values ('3', 'Point',79, 948);
insert into CTKeHoachMua (makehoachmuahang, mancc, masp, SLDuTinhMua) values ('71', 'Place',98, 716);
insert into CTKeHoachMua (makehoachmuahang, mancc, masp, SLDuTinhMua) values ('87', 'Circle',34, 761);
insert into CTKeHoachMua (makehoachmuahang, mancc, masp, SLDuTinhMua) values ('95', 'Place',46, 952);
insert into CTKeHoachMua (makehoachmuahang, mancc, masp, SLDuTinhMua) values ('90', 'Way',48, 729);
insert into CTKeHoachMua (makehoachmuahang, mancc, masp, SLDuTinhMua) values ('41', 'Place',20, 508);
insert into CTKeHoachMua (makehoachmuahang, mancc, masp, SLDuTinhMua) values ('77', 'Way',46, 316);
insert into CTKeHoachMua (makehoachmuahang, mancc, masp, SLDuTinhMua) values ('85', 'Place',49, 263);
insert into CTKeHoachMua (makehoachmuahang, mancc, masp, SLDuTinhMua) values ('75', 'Crossing',56, 220);
insert into CTKeHoachMua (makehoachmuahang, mancc, masp, SLDuTinhMua) values ('41', 'Center',8, 55);
insert into CTKeHoachMua (makehoachmuahang, mancc, masp, SLDuTinhMua) values ('36', 'Alley',2, 105);
insert into CTKeHoachMua (makehoachmuahang, mancc, masp, SLDuTinhMua) values ('90', 'Terrace',67, 746);
insert into CTKeHoachMua (makehoachmuahang, mancc, masp, SLDuTinhMua) values ('90', 'Street',23, 516);
insert into CTKeHoachMua (makehoachmuahang, mancc, masp, SLDuTinhMua) values ('88', 'Center',3, 12);
insert into CTKeHoachMua (makehoachmuahang, mancc, masp, SLDuTinhMua) values ('20', 'Hill',7, 955);
insert into CTKeHoachMua (makehoachmuahang, mancc, masp, SLDuTinhMua) values ('25', 'Hill',77, 704);
insert into CTKeHoachMua (makehoachmuahang, mancc, masp, SLDuTinhMua) values ('6', 'Terrace',49, 661);
insert into CTKeHoachMua (makehoachmuahang, mancc, masp, SLDuTinhMua) values ('5', 'Center',22, 966);
insert into CTKeHoachMua (makehoachmuahang, mancc, masp, SLDuTinhMua) values ('27', 'Plaza',81, 811);
insert into CTKeHoachMua (makehoachmuahang, mancc, masp, SLDuTinhMua) values ('86', 'Plaza',59, 153);
insert into CTKeHoachMua (makehoachmuahang, mancc, masp, SLDuTinhMua) values ('52', 'Road',43, 45);
insert into CTKeHoachMua (makehoachmuahang, mancc, masp, SLDuTinhMua) values ('34', 'Terrace',55, 512);
insert into CTKeHoachMua (makehoachmuahang, mancc, masp, SLDuTinhMua) values ('52', 'Center',7, 37);
insert into CTKeHoachMua (makehoachmuahang, mancc, masp, SLDuTinhMua) values ('9', 'Center',7, 263);
insert into CTKeHoachMua (makehoachmuahang, mancc, masp, SLDuTinhMua) values ('28', 'Alley',11, 852);
insert into CTKeHoachMua (makehoachmuahang, mancc, masp, SLDuTinhMua) values ('33', 'Park',7, 348);
insert into CTKeHoachMua (makehoachmuahang, mancc, masp, SLDuTinhMua) values ('29', 'Park',67, 191);
insert into CTKeHoachMua (makehoachmuahang, mancc, masp, SLDuTinhMua) values ('25', 'Lane',46, 297);
insert into CTKeHoachMua (makehoachmuahang, mancc, masp, SLDuTinhMua) values ('15', 'Circle',31, 611);
insert into CTKeHoachMua (makehoachmuahang, mancc, masp, SLDuTinhMua) values ('69', 'Place',85, 209);
insert into CTKeHoachMua (makehoachmuahang, mancc, masp, SLDuTinhMua) values ('77', 'Center',65, 882);
insert into CTKeHoachMua (makehoachmuahang, mancc, masp, SLDuTinhMua) values ('68', 'Point',40, 237);
insert into CTKeHoachMua (makehoachmuahang, mancc, masp, SLDuTinhMua) values ('20', 'Pass',64, 874);
insert into CTKeHoachMua (makehoachmuahang, mancc, masp, SLDuTinhMua) values ('91', 'Place',55, 951);
insert into CTKeHoachMua (makehoachmuahang, mancc, masp, SLDuTinhMua) values ('91', 'Lane',48, 979);
insert into CTKeHoachMua (makehoachmuahang, mancc, masp, SLDuTinhMua) values ('86', 'Road',82, 712);
insert into CTKeHoachMua (makehoachmuahang, mancc, masp, SLDuTinhMua) values ('14', 'Place',14, 982);
insert into CTKeHoachMua (makehoachmuahang, mancc, masp, SLDuTinhMua) values ('3', 'Alley',62, 217);
insert into CTKeHoachMua (makehoachmuahang, mancc, masp, SLDuTinhMua) values ('49', 'Alley',60, 53);
insert into CTKeHoachMua (makehoachmuahang, mancc, masp, SLDuTinhMua) values ('34', 'Center',7, 366);
insert into CTKeHoachMua (makehoachmuahang, mancc, masp, SLDuTinhMua) values ('67', 'Pass',23, 773);
insert into CTKeHoachMua (makehoachmuahang, mancc, masp, SLDuTinhMua) values ('60', 'Crossing',96, 979);
insert into CTKeHoachMua (makehoachmuahang, mancc, masp, SLDuTinhMua) values ('76', 'Pass',6, 763);
insert into CTKeHoachMua (makehoachmuahang, mancc, masp, SLDuTinhMua) values ('6', 'Drive',74, 252);
insert into CTKeHoachMua (makehoachmuahang, mancc, masp, SLDuTinhMua) values ('5', 'Lane',89, 462);
insert into CTKeHoachMua (makehoachmuahang, mancc, masp, SLDuTinhMua) values ('95', 'Junction',54, 11);
insert into CTKeHoachMua (makehoachmuahang, mancc, masp, SLDuTinhMua) values ('63', 'Lane',46, 180);
insert into CTKeHoachMua (makehoachmuahang, mancc, masp, SLDuTinhMua) values ('12', 'Place',55, 410);
insert into CTKeHoachMua (makehoachmuahang, mancc, masp, SLDuTinhMua) values ('11', 'Alley',21, 163);
insert into CTKeHoachMua (makehoachmuahang, mancc, masp, SLDuTinhMua) values ('31', 'Drive',92, 62);
insert into CTKeHoachMua (makehoachmuahang, mancc, masp, SLDuTinhMua) values ('49', 'Street',24, 121);
insert into CTKeHoachMua (makehoachmuahang, mancc, masp, SLDuTinhMua) values ('9', 'Road',46, 788);

go
set ANSI_WARNINGS on
go
use master
